d_id,m_id,ar_id,time,requestor,role,component,request_type,violation_type,score
2001,4092,11,"2016-09-20 09:50:00","User B","Business user","Element 1",Select,"No authorization",TRUE
2002,4092,15,"2016-09-20 09:50:00","User B","Business user","Element 1",Select,"No authorization",TRUE
2003,4094,1,"2016-09-20 10:19:00","User B","Business user","Element 1",Select,"No authorization",TRUE
2004,4094,9,"2016-09-20 10:19:00","User B","Business user","Element 1",Select,"No authorization",TRUE
2005,4094,11,"2016-09-20 10:19:00","User B","Business user","Element 1",Select,"No authorization",TRUE
2006,4094,15,"2016-09-20 10:19:00","User B","Business user","Element 1",Select,"No authorization",TRUE
2007,4107,1,"2016-09-20 01:26:00","User B","Business user","Element 1",Select,"No authorization",TRUE
2008,4107,9,"2016-09-20 01:26:00","User B","Business user","Element 1",Select,"No authorization",TRUE
2009,4107,11,"2016-09-20 01:26:00","User B","Business user","Element 1",Select,"No authorization",TRUE
2010,4107,15,"2016-09-20 01:26:00","User B","Business user","Element 1",Select,"No authorization",TRUE
2011,4146,1,"2016-09-20 10:47:00","User B","Business user","Element 1",Select,"No authorization",TRUE
2012,4146,9,"2016-09-20 10:47:00","User B","Business user","Element 1",Select,"No authorization",TRUE
2013,4146,11,"2016-09-20 10:47:00","User B","Business user","Element 1",Select,"No authorization",TRUE
2014,4146,15,"2016-09-20 10:47:00","User B","Business user","Element 1",Select,"No authorization",TRUE
2015,4156,3,"2016-09-21 01:11:00","User B","Business user","Table 1",Select,"No authorization",TRUE
2016,4156,11,"2016-09-21 01:11:00","User B","Business user","Table 1",Select,"No authorization",TRUE
2017,4156,13,"2016-09-21 01:11:00","User B","Business user","Table 1",Select,"No authorization",TRUE
2018,4156,15,"2016-09-21 01:11:00","User B","Business user","Table 1",Select,"No authorization",TRUE
2019,4171,3,"2016-09-21 04:47:00","User B","Business user","Table 1",Select,"No authorization",TRUE
2020,4171,11,"2016-09-21 04:47:00","User B","Business user","Table 1",Select,"No authorization",TRUE
2021,4171,13,"2016-09-21 04:47:00","User B","Business user","Table 1",Select,"No authorization",TRUE
2022,4171,15,"2016-09-21 04:47:00","User B","Business user","Table 1",Select,"No authorization",TRUE
2023,4172,3,"2016-09-21 05:02:00","User B","Business user","Table 1",Select,"No authorization",TRUE
2024,4172,11,"2016-09-21 05:02:00","User B","Business user","Table 1",Select,"No authorization",TRUE
2025,4172,13,"2016-09-21 05:02:00","User B","Business user","Table 1",Select,"No authorization",TRUE
2026,4172,15,"2016-09-21 05:02:00","User B","Business user","Table 1",Select,"No authorization",TRUE
2027,4173,3,"2016-09-21 05:16:00","User B","Business user","Table 1",Select,"No authorization",TRUE
2028,4173,11,"2016-09-21 05:16:00","User B","Business user","Table 1",Select,"No authorization",TRUE
2029,4173,13,"2016-09-21 05:16:00","User B","Business user","Table 1",Select,"No authorization",TRUE
2030,4173,15,"2016-09-21 05:16:00","User B","Business user","Table 1",Select,"No authorization",TRUE
2031,4177,5,"2016-09-21 06:14:00","User A",Analyst,"Element 2",Select,"No authorization",TRUE
2032,4177,9,"2016-09-21 06:14:00","User A",Analyst,"Element 2",Select,"No authorization",TRUE
2033,4177,11,"2016-09-21 06:14:00","User A",Analyst,"Element 2",Select,"No authorization",TRUE
2034,4177,13,"2016-09-21 06:14:00","User A",Analyst,"Element 2",Select,"No authorization",TRUE
2035,4178,5,"2016-09-21 06:28:00","User A",Analyst,"Element 2",Select,"No authorization",TRUE
2036,4178,9,"2016-09-21 06:28:00","User A",Analyst,"Element 2",Select,"No authorization",TRUE
2037,4178,11,"2016-09-21 06:28:00","User A",Analyst,"Element 2",Select,"No authorization",TRUE
2038,4178,13,"2016-09-21 06:28:00","User A",Analyst,"Element 2",Select,"No authorization",TRUE
2039,4179,5,"2016-09-21 06:43:00","User A",Analyst,"Element 2",Select,"No authorization",TRUE
2040,4179,9,"2016-09-21 06:43:00","User A",Analyst,"Element 2",Select,"No authorization",TRUE
2041,4179,11,"2016-09-21 06:43:00","User A",Analyst,"Element 2",Select,"No authorization",TRUE
2042,4179,13,"2016-09-21 06:43:00","User A",Analyst,"Element 2",Select,"No authorization",TRUE
2043,4180,6,"2016-09-21 06:57:00","User A",Analyst,"Element 3",Append,"No authorization",TRUE
2044,4180,8,"2016-09-21 06:57:00","User A",Analyst,"Element 3",Append,"No authorization",TRUE
2045,4180,10,"2016-09-21 06:57:00","User A",Analyst,"Element 3",Append,"No authorization",TRUE
2046,4180,12,"2016-09-21 06:57:00","User A",Analyst,"Element 3",Append,"No authorization",TRUE
2047,4180,14,"2016-09-21 06:57:00","User A",Analyst,"Element 3",Append,"No authorization",TRUE
2048,4180,16,"2016-09-21 06:57:00","User A",Analyst,"Element 3",Append,"No authorization",TRUE
2049,4198,1,"2016-09-21 11:16:00","User B","Business user","Element 1",Select,"No authorization",TRUE
2050,4198,9,"2016-09-21 11:16:00","User B","Business user","Element 1",Select,"No authorization",TRUE
2051,4198,11,"2016-09-21 11:16:00","User B","Business user","Element 1",Select,"No authorization",TRUE
2052,4198,15,"2016-09-21 11:16:00","User B","Business user","Element 1",Select,"No authorization",TRUE
2053,4200,1,"2016-09-21 11:45:00","User B","Business user","Element 1",Select,"No authorization",TRUE
2054,4200,9,"2016-09-21 11:45:00","User B","Business user","Element 1",Select,"No authorization",TRUE
2055,4200,11,"2016-09-21 11:45:00","User B","Business user","Element 1",Select,"No authorization",TRUE
2056,4200,15,"2016-09-21 11:45:00","User B","Business user","Element 1",Select,"No authorization",TRUE
2057,4211,1,"2016-09-21 02:23:00","User B","Business user","Element 1",Select,"No authorization",TRUE
2058,4211,9,"2016-09-21 02:23:00","User B","Business user","Element 1",Select,"No authorization",TRUE
2059,4211,11,"2016-09-21 02:23:00","User B","Business user","Element 1",Select,"No authorization",TRUE
2060,4211,15,"2016-09-21 02:23:00","User B","Business user","Element 1",Select,"No authorization",TRUE
2061,4213,1,"2016-09-21 02:52:00","User B","Business user","Element 1",Select,"No authorization",TRUE
2062,4213,9,"2016-09-21 02:52:00","User B","Business user","Element 1",Select,"No authorization",TRUE
2063,4213,11,"2016-09-21 02:52:00","User B","Business user","Element 1",Select,"No authorization",TRUE
2064,4213,15,"2016-09-21 02:52:00","User B","Business user","Element 1",Select,"No authorization",TRUE
2065,4226,1,"2016-09-21 05:59:00","User B","Business user","Element 1",Select,"No authorization",TRUE
2066,4226,9,"2016-09-21 05:59:00","User B","Business user","Element 1",Select,"No authorization",TRUE
2067,4226,11,"2016-09-21 05:59:00","User B","Business user","Element 1",Select,"No authorization",TRUE
2068,4226,15,"2016-09-21 05:59:00","User B","Business user","Element 1",Select,"No authorization",TRUE
2069,4265,1,"2016-09-22 03:21:00","User B","Business user","Element 1",Select,"No authorization",TRUE
2070,4265,9,"2016-09-22 03:21:00","User B","Business user","Element 1",Select,"No authorization",TRUE
2071,4265,11,"2016-09-22 03:21:00","User B","Business user","Element 1",Select,"No authorization",TRUE
2072,4265,15,"2016-09-22 03:21:00","User B","Business user","Element 1",Select,"No authorization",TRUE
2073,4275,3,"2016-09-22 05:45:00","User B","Business user","Table 1",Select,"No authorization",TRUE
2074,4275,11,"2016-09-22 05:45:00","User B","Business user","Table 1",Select,"No authorization",TRUE
2075,4275,13,"2016-09-22 05:45:00","User B","Business user","Table 1",Select,"No authorization",TRUE
2076,4275,15,"2016-09-22 05:45:00","User B","Business user","Table 1",Select,"No authorization",TRUE
2077,4290,3,"2016-09-22 09:21:00","User B","Business user","Table 1",Select,"No authorization",TRUE
2078,4290,11,"2016-09-22 09:21:00","User B","Business user","Table 1",Select,"No authorization",TRUE
2079,4290,13,"2016-09-22 09:21:00","User B","Business user","Table 1",Select,"No authorization",TRUE
2080,4290,15,"2016-09-22 09:21:00","User B","Business user","Table 1",Select,"No authorization",TRUE
2081,4291,3,"2016-09-22 09:35:00","User B","Business user","Table 1",Select,"No authorization",TRUE
2082,4291,11,"2016-09-22 09:35:00","User B","Business user","Table 1",Select,"No authorization",TRUE
2083,4291,13,"2016-09-22 09:35:00","User B","Business user","Table 1",Select,"No authorization",TRUE
2084,4291,15,"2016-09-22 09:35:00","User B","Business user","Table 1",Select,"No authorization",TRUE
2085,4292,3,"2016-09-22 09:50:00","User B","Business user","Table 1",Select,"No authorization",TRUE
2086,4292,11,"2016-09-22 09:50:00","User B","Business user","Table 1",Select,"No authorization",TRUE
2087,4292,13,"2016-09-22 09:50:00","User B","Business user","Table 1",Select,"No authorization",TRUE
2088,4292,15,"2016-09-22 09:50:00","User B","Business user","Table 1",Select,"No authorization",TRUE
2089,4296,5,"2016-09-22 10:47:00","User A",Analyst,"Element 2",Select,"No authorization",TRUE
2090,4296,9,"2016-09-22 10:47:00","User A",Analyst,"Element 2",Select,"No authorization",TRUE
2091,4296,11,"2016-09-22 10:47:00","User A",Analyst,"Element 2",Select,"No authorization",TRUE
2092,4296,13,"2016-09-22 10:47:00","User A",Analyst,"Element 2",Select,"No authorization",TRUE
2093,4297,5,"2016-09-22 11:02:00","User A",Analyst,"Element 2",Select,"No authorization",TRUE
2094,4297,9,"2016-09-22 11:02:00","User A",Analyst,"Element 2",Select,"No authorization",TRUE
2095,4297,11,"2016-09-22 11:02:00","User A",Analyst,"Element 2",Select,"No authorization",TRUE
2096,4297,13,"2016-09-22 11:02:00","User A",Analyst,"Element 2",Select,"No authorization",TRUE
2097,4298,5,"2016-09-22 11:16:00","User A",Analyst,"Element 2",Select,"No authorization",TRUE
2098,4298,9,"2016-09-22 11:16:00","User A",Analyst,"Element 2",Select,"No authorization",TRUE
2099,4298,11,"2016-09-22 11:16:00","User A",Analyst,"Element 2",Select,"No authorization",TRUE
2100,4298,13,"2016-09-22 11:16:00","User A",Analyst,"Element 2",Select,"No authorization",TRUE
2101,4299,6,"2016-09-22 11:31:00","User A",Analyst,"Element 3",Append,"No authorization",TRUE
2102,4299,8,"2016-09-22 11:31:00","User A",Analyst,"Element 3",Append,"No authorization",TRUE
2103,4299,10,"2016-09-22 11:31:00","User A",Analyst,"Element 3",Append,"No authorization",TRUE
2104,4299,12,"2016-09-22 11:31:00","User A",Analyst,"Element 3",Append,"No authorization",TRUE
2105,4299,14,"2016-09-22 11:31:00","User A",Analyst,"Element 3",Append,"No authorization",TRUE
2106,4299,16,"2016-09-22 11:31:00","User A",Analyst,"Element 3",Append,"No authorization",TRUE
2107,4317,1,"2016-09-22 03:50:00","User B","Business user","Element 1",Select,"No authorization",TRUE
2108,4317,9,"2016-09-22 03:50:00","User B","Business user","Element 1",Select,"No authorization",TRUE
2109,4317,11,"2016-09-22 03:50:00","User B","Business user","Element 1",Select,"No authorization",TRUE
2110,4317,15,"2016-09-22 03:50:00","User B","Business user","Element 1",Select,"No authorization",TRUE
2111,4319,1,"2016-09-22 04:19:00","User B","Business user","Element 1",Select,"No authorization",TRUE
2112,4319,9,"2016-09-22 04:19:00","User B","Business user","Element 1",Select,"No authorization",TRUE
2113,4319,11,"2016-09-22 04:19:00","User B","Business user","Element 1",Select,"No authorization",TRUE
2114,4319,15,"2016-09-22 04:19:00","User B","Business user","Element 1",Select,"No authorization",TRUE
2115,4330,1,"2016-09-22 06:57:00","User B","Business user","Element 1",Select,"No authorization",TRUE
2116,4330,9,"2016-09-22 06:57:00","User B","Business user","Element 1",Select,"No authorization",TRUE
2117,4330,11,"2016-09-22 06:57:00","User B","Business user","Element 1",Select,"No authorization",TRUE
2118,4330,15,"2016-09-22 06:57:00","User B","Business user","Element 1",Select,"No authorization",TRUE
2119,4332,1,"2016-09-22 07:26:00","User B","Business user","Element 1",Select,"No authorization",TRUE
2120,4332,9,"2016-09-22 07:26:00","User B","Business user","Element 1",Select,"No authorization",TRUE
2121,4332,11,"2016-09-22 07:26:00","User B","Business user","Element 1",Select,"No authorization",TRUE
2122,4332,15,"2016-09-22 07:26:00","User B","Business user","Element 1",Select,"No authorization",TRUE
2123,4345,1,"2016-09-22 10:33:00","User B","Business user","Element 1",Select,"No authorization",TRUE
2124,4345,9,"2016-09-22 10:33:00","User B","Business user","Element 1",Select,"No authorization",TRUE
2125,4345,11,"2016-09-22 10:33:00","User B","Business user","Element 1",Select,"No authorization",TRUE
2126,4345,15,"2016-09-22 10:33:00","User B","Business user","Element 1",Select,"No authorization",TRUE
2127,4384,1,"2016-09-23 07:55:00","User B","Business user","Element 1",Select,"No authorization",TRUE
2128,4384,9,"2016-09-23 07:55:00","User B","Business user","Element 1",Select,"No authorization",TRUE
2129,4384,11,"2016-09-23 07:55:00","User B","Business user","Element 1",Select,"No authorization",TRUE
2130,4384,15,"2016-09-23 07:55:00","User B","Business user","Element 1",Select,"No authorization",TRUE
2131,4394,3,"2016-09-23 10:19:00","User B","Business user","Table 1",Select,"No authorization",TRUE
2132,4394,11,"2016-09-23 10:19:00","User B","Business user","Table 1",Select,"No authorization",TRUE
2133,4394,13,"2016-09-23 10:19:00","User B","Business user","Table 1",Select,"No authorization",TRUE
2134,4394,15,"2016-09-23 10:19:00","User B","Business user","Table 1",Select,"No authorization",TRUE
2135,4409,3,"2016-09-23 01:55:00","User B","Business user","Table 1",Select,"No authorization",TRUE
2136,4409,11,"2016-09-23 01:55:00","User B","Business user","Table 1",Select,"No authorization",TRUE
2137,4409,13,"2016-09-23 01:55:00","User B","Business user","Table 1",Select,"No authorization",TRUE
2138,4409,15,"2016-09-23 01:55:00","User B","Business user","Table 1",Select,"No authorization",TRUE
2139,4410,3,"2016-09-23 02:09:00","User B","Business user","Table 1",Select,"No authorization",TRUE
2140,4410,11,"2016-09-23 02:09:00","User B","Business user","Table 1",Select,"No authorization",TRUE
2141,4410,13,"2016-09-23 02:09:00","User B","Business user","Table 1",Select,"No authorization",TRUE
2142,4410,15,"2016-09-23 02:09:00","User B","Business user","Table 1",Select,"No authorization",TRUE
2143,4411,3,"2016-09-23 02:23:00","User B","Business user","Table 1",Select,"No authorization",TRUE
2144,4411,11,"2016-09-23 02:23:00","User B","Business user","Table 1",Select,"No authorization",TRUE
2145,4411,13,"2016-09-23 02:23:00","User B","Business user","Table 1",Select,"No authorization",TRUE
2146,4411,15,"2016-09-23 02:23:00","User B","Business user","Table 1",Select,"No authorization",TRUE
2147,4415,5,"2016-09-23 03:21:00","User A",Analyst,"Element 2",Select,"No authorization",TRUE
2148,4415,9,"2016-09-23 03:21:00","User A",Analyst,"Element 2",Select,"No authorization",TRUE
2149,4415,11,"2016-09-23 03:21:00","User A",Analyst,"Element 2",Select,"No authorization",TRUE
2150,4415,13,"2016-09-23 03:21:00","User A",Analyst,"Element 2",Select,"No authorization",TRUE
2151,4416,5,"2016-09-23 03:35:00","User A",Analyst,"Element 2",Select,"No authorization",TRUE
2152,4416,9,"2016-09-23 03:35:00","User A",Analyst,"Element 2",Select,"No authorization",TRUE
2153,4416,11,"2016-09-23 03:35:00","User A",Analyst,"Element 2",Select,"No authorization",TRUE
2154,4416,13,"2016-09-23 03:35:00","User A",Analyst,"Element 2",Select,"No authorization",TRUE
2155,4417,5,"2016-09-23 03:50:00","User A",Analyst,"Element 2",Select,"No authorization",TRUE
2156,4417,9,"2016-09-23 03:50:00","User A",Analyst,"Element 2",Select,"No authorization",TRUE
2157,4417,11,"2016-09-23 03:50:00","User A",Analyst,"Element 2",Select,"No authorization",TRUE
2158,4417,13,"2016-09-23 03:50:00","User A",Analyst,"Element 2",Select,"No authorization",TRUE
2159,4418,6,"2016-09-23 04:04:00","User A",Analyst,"Element 3",Append,"No authorization",TRUE
2160,4418,8,"2016-09-23 04:04:00","User A",Analyst,"Element 3",Append,"No authorization",TRUE
2161,4418,10,"2016-09-23 04:04:00","User A",Analyst,"Element 3",Append,"No authorization",TRUE
2162,4418,12,"2016-09-23 04:04:00","User A",Analyst,"Element 3",Append,"No authorization",TRUE
2163,4418,14,"2016-09-23 04:04:00","User A",Analyst,"Element 3",Append,"No authorization",TRUE
2164,4418,16,"2016-09-23 04:04:00","User A",Analyst,"Element 3",Append,"No authorization",TRUE
2165,4436,1,"2016-09-23 08:23:00","User B","Business user","Element 1",Select,"No authorization",TRUE
2166,4436,9,"2016-09-23 08:23:00","User B","Business user","Element 1",Select,"No authorization",TRUE
2167,4436,11,"2016-09-23 08:23:00","User B","Business user","Element 1",Select,"No authorization",TRUE
2168,4436,15,"2016-09-23 08:23:00","User B","Business user","Element 1",Select,"No authorization",TRUE
2169,4438,1,"2016-09-23 08:52:00","User B","Business user","Element 1",Select,"No authorization",TRUE
2170,4438,9,"2016-09-23 08:52:00","User B","Business user","Element 1",Select,"No authorization",TRUE
2171,4438,11,"2016-09-23 08:52:00","User B","Business user","Element 1",Select,"No authorization",TRUE
2172,4438,15,"2016-09-23 08:52:00","User B","Business user","Element 1",Select,"No authorization",TRUE
2173,4449,1,"2016-09-23 11:31:00","User B","Business user","Element 1",Select,"No authorization",TRUE
2174,4449,9,"2016-09-23 11:31:00","User B","Business user","Element 1",Select,"No authorization",TRUE
2175,4449,11,"2016-09-23 11:31:00","User B","Business user","Element 1",Select,"No authorization",TRUE
2176,4449,15,"2016-09-23 11:31:00","User B","Business user","Element 1",Select,"No authorization",TRUE
2177,4451,1,"2016-09-23 11:59:00","User B","Business user","Element 1",Select,"No authorization",TRUE
2178,4451,9,"2016-09-23 11:59:00","User B","Business user","Element 1",Select,"No authorization",TRUE
2179,4451,11,"2016-09-23 11:59:00","User B","Business user","Element 1",Select,"No authorization",TRUE
2180,4451,15,"2016-09-23 11:59:00","User B","Business user","Element 1",Select,"No authorization",TRUE
2181,4464,1,"2016-09-24 03:07:00","User B","Business user","Element 1",Select,"No authorization",TRUE
2182,4464,9,"2016-09-24 03:07:00","User B","Business user","Element 1",Select,"No authorization",TRUE
2183,4464,11,"2016-09-24 03:07:00","User B","Business user","Element 1",Select,"No authorization",TRUE
2184,4464,15,"2016-09-24 03:07:00","User B","Business user","Element 1",Select,"No authorization",TRUE
2185,4503,1,"2016-09-24 12:28:00","User B","Business user","Element 1",Select,"No authorization",TRUE
2186,4503,9,"2016-09-24 12:28:00","User B","Business user","Element 1",Select,"No authorization",TRUE
2187,4503,11,"2016-09-24 12:28:00","User B","Business user","Element 1",Select,"No authorization",TRUE
2188,4503,15,"2016-09-24 12:28:00","User B","Business user","Element 1",Select,"No authorization",TRUE
2189,4513,3,"2016-09-24 02:52:00","User B","Business user","Table 1",Select,"No authorization",TRUE
2190,4513,11,"2016-09-24 02:52:00","User B","Business user","Table 1",Select,"No authorization",TRUE
2191,4513,13,"2016-09-24 02:52:00","User B","Business user","Table 1",Select,"No authorization",TRUE
2192,4513,15,"2016-09-24 02:52:00","User B","Business user","Table 1",Select,"No authorization",TRUE
2193,4528,3,"2016-09-24 06:28:00","User B","Business user","Table 1",Select,"No authorization",TRUE
2194,4528,11,"2016-09-24 06:28:00","User B","Business user","Table 1",Select,"No authorization",TRUE
2195,4528,13,"2016-09-24 06:28:00","User B","Business user","Table 1",Select,"No authorization",TRUE
2196,4528,15,"2016-09-24 06:28:00","User B","Business user","Table 1",Select,"No authorization",TRUE
2197,4529,3,"2016-09-24 06:43:00","User B","Business user","Table 1",Select,"No authorization",TRUE
2198,4529,11,"2016-09-24 06:43:00","User B","Business user","Table 1",Select,"No authorization",TRUE
2199,4529,13,"2016-09-24 06:43:00","User B","Business user","Table 1",Select,"No authorization",TRUE
2200,4529,15,"2016-09-24 06:43:00","User B","Business user","Table 1",Select,"No authorization",TRUE
2201,4530,3,"2016-09-24 06:57:00","User B","Business user","Table 1",Select,"No authorization",TRUE
2202,4530,11,"2016-09-24 06:57:00","User B","Business user","Table 1",Select,"No authorization",TRUE
2203,4530,13,"2016-09-24 06:57:00","User B","Business user","Table 1",Select,"No authorization",TRUE
2204,4530,15,"2016-09-24 06:57:00","User B","Business user","Table 1",Select,"No authorization",TRUE
2205,4535,5,"2016-09-24 08:09:00","User A",Analyst,"Element 2",Select,"No authorization",TRUE
2206,4535,9,"2016-09-24 08:09:00","User A",Analyst,"Element 2",Select,"No authorization",TRUE
2207,4535,11,"2016-09-24 08:09:00","User A",Analyst,"Element 2",Select,"No authorization",TRUE
2208,4535,13,"2016-09-24 08:09:00","User A",Analyst,"Element 2",Select,"No authorization",TRUE
2209,4536,5,"2016-09-24 08:23:00","User A",Analyst,"Element 2",Select,"No authorization",TRUE
2210,4536,9,"2016-09-24 08:23:00","User A",Analyst,"Element 2",Select,"No authorization",TRUE
2211,4536,11,"2016-09-24 08:23:00","User A",Analyst,"Element 2",Select,"No authorization",TRUE
2212,4536,13,"2016-09-24 08:23:00","User A",Analyst,"Element 2",Select,"No authorization",TRUE
2213,4537,5,"2016-09-24 08:38:00","User A",Analyst,"Element 2",Select,"No authorization",TRUE
2214,4537,9,"2016-09-24 08:38:00","User A",Analyst,"Element 2",Select,"No authorization",TRUE
2215,4537,11,"2016-09-24 08:38:00","User A",Analyst,"Element 2",Select,"No authorization",TRUE
2216,4537,13,"2016-09-24 08:38:00","User A",Analyst,"Element 2",Select,"No authorization",TRUE
2217,4538,6,"2016-09-24 08:52:00","User A",Analyst,"Element 3",Append,"No authorization",TRUE
2218,4538,8,"2016-09-24 08:52:00","User A",Analyst,"Element 3",Append,"No authorization",TRUE
2219,4538,10,"2016-09-24 08:52:00","User A",Analyst,"Element 3",Append,"No authorization",TRUE
2220,4538,12,"2016-09-24 08:52:00","User A",Analyst,"Element 3",Append,"No authorization",TRUE
2221,4538,14,"2016-09-24 08:52:00","User A",Analyst,"Element 3",Append,"No authorization",TRUE
2222,4538,16,"2016-09-24 08:52:00","User A",Analyst,"Element 3",Append,"No authorization",TRUE
2223,4556,1,"2016-09-25 01:11:00","User B","Business user","Element 1",Select,"No authorization",TRUE
2224,4556,9,"2016-09-25 01:11:00","User B","Business user","Element 1",Select,"No authorization",TRUE
2225,4556,11,"2016-09-25 01:11:00","User B","Business user","Element 1",Select,"No authorization",TRUE
2226,4556,15,"2016-09-25 01:11:00","User B","Business user","Element 1",Select,"No authorization",TRUE
2227,4558,1,"2016-09-25 01:40:00","User B","Business user","Element 1",Select,"No authorization",TRUE
2228,4558,9,"2016-09-25 01:40:00","User B","Business user","Element 1",Select,"No authorization",TRUE
2229,4558,11,"2016-09-25 01:40:00","User B","Business user","Element 1",Select,"No authorization",TRUE
2230,4558,15,"2016-09-25 01:40:00","User B","Business user","Element 1",Select,"No authorization",TRUE
2231,4569,1,"2016-09-25 04:19:00","User B","Business user","Element 1",Select,"No authorization",TRUE
2232,4569,9,"2016-09-25 04:19:00","User B","Business user","Element 1",Select,"No authorization",TRUE
2233,4569,11,"2016-09-25 04:19:00","User B","Business user","Element 1",Select,"No authorization",TRUE
2234,4569,15,"2016-09-25 04:19:00","User B","Business user","Element 1",Select,"No authorization",TRUE
2235,4571,1,"2016-09-25 04:47:00","User B","Business user","Element 1",Select,"No authorization",TRUE
2236,4571,9,"2016-09-25 04:47:00","User B","Business user","Element 1",Select,"No authorization",TRUE
2237,4571,11,"2016-09-25 04:47:00","User B","Business user","Element 1",Select,"No authorization",TRUE
2238,4571,15,"2016-09-25 04:47:00","User B","Business user","Element 1",Select,"No authorization",TRUE
2239,4584,1,"2016-09-25 07:55:00","User B","Business user","Element 1",Select,"No authorization",TRUE
2240,4584,9,"2016-09-25 07:55:00","User B","Business user","Element 1",Select,"No authorization",TRUE
2241,4584,11,"2016-09-25 07:55:00","User B","Business user","Element 1",Select,"No authorization",TRUE
2242,4584,15,"2016-09-25 07:55:00","User B","Business user","Element 1",Select,"No authorization",TRUE
2243,4623,1,"2016-09-25 05:16:00","User B","Business user","Element 1",Select,"No authorization",TRUE
2244,4623,9,"2016-09-25 05:16:00","User B","Business user","Element 1",Select,"No authorization",TRUE
2245,4623,11,"2016-09-25 05:16:00","User B","Business user","Element 1",Select,"No authorization",TRUE
2246,4623,15,"2016-09-25 05:16:00","User B","Business user","Element 1",Select,"No authorization",TRUE
2247,4633,3,"2016-09-25 07:40:00","User B","Business user","Table 1",Select,"No authorization",TRUE
2248,4633,11,"2016-09-25 07:40:00","User B","Business user","Table 1",Select,"No authorization",TRUE
2249,4633,13,"2016-09-25 07:40:00","User B","Business user","Table 1",Select,"No authorization",TRUE
2250,4633,15,"2016-09-25 07:40:00","User B","Business user","Table 1",Select,"No authorization",TRUE
2251,4648,3,"2016-09-25 11:16:00","User B","Business user","Table 1",Select,"No authorization",TRUE
2252,4648,11,"2016-09-25 11:16:00","User B","Business user","Table 1",Select,"No authorization",TRUE
2253,4648,13,"2016-09-25 11:16:00","User B","Business user","Table 1",Select,"No authorization",TRUE
2254,4648,15,"2016-09-25 11:16:00","User B","Business user","Table 1",Select,"No authorization",TRUE
2255,4649,3,"2016-09-25 11:31:00","User B","Business user","Table 1",Select,"No authorization",TRUE
2256,4649,11,"2016-09-25 11:31:00","User B","Business user","Table 1",Select,"No authorization",TRUE
2257,4649,13,"2016-09-25 11:31:00","User B","Business user","Table 1",Select,"No authorization",TRUE
2258,4649,15,"2016-09-25 11:31:00","User B","Business user","Table 1",Select,"No authorization",TRUE
2259,4650,3,"2016-09-25 11:45:00","User B","Business user","Table 1",Select,"No authorization",TRUE
2260,4650,11,"2016-09-25 11:45:00","User B","Business user","Table 1",Select,"No authorization",TRUE
2261,4650,13,"2016-09-25 11:45:00","User B","Business user","Table 1",Select,"No authorization",TRUE
2262,4650,15,"2016-09-25 11:45:00","User B","Business user","Table 1",Select,"No authorization",TRUE
2263,4655,5,"2016-09-26 12:57:00","User A",Analyst,"Element 2",Select,"No authorization",TRUE
2264,4655,9,"2016-09-26 12:57:00","User A",Analyst,"Element 2",Select,"No authorization",TRUE
2265,4655,11,"2016-09-26 12:57:00","User A",Analyst,"Element 2",Select,"No authorization",TRUE
2266,4655,13,"2016-09-26 12:57:00","User A",Analyst,"Element 2",Select,"No authorization",TRUE
2267,4656,5,"2016-09-26 01:11:00","User A",Analyst,"Element 2",Select,"No authorization",TRUE
2268,4656,9,"2016-09-26 01:11:00","User A",Analyst,"Element 2",Select,"No authorization",TRUE
2269,4656,11,"2016-09-26 01:11:00","User A",Analyst,"Element 2",Select,"No authorization",TRUE
2270,4656,13,"2016-09-26 01:11:00","User A",Analyst,"Element 2",Select,"No authorization",TRUE
2271,4657,5,"2016-09-26 01:26:00","User A",Analyst,"Element 2",Select,"No authorization",TRUE
2272,4657,9,"2016-09-26 01:26:00","User A",Analyst,"Element 2",Select,"No authorization",TRUE
2273,4657,11,"2016-09-26 01:26:00","User A",Analyst,"Element 2",Select,"No authorization",TRUE
2274,4657,13,"2016-09-26 01:26:00","User A",Analyst,"Element 2",Select,"No authorization",TRUE
2275,4658,6,"2016-09-26 01:40:00","User A",Analyst,"Element 3",Append,"No authorization",TRUE
2276,4658,8,"2016-09-26 01:40:00","User A",Analyst,"Element 3",Append,"No authorization",TRUE
2277,4658,10,"2016-09-26 01:40:00","User A",Analyst,"Element 3",Append,"No authorization",TRUE
2278,4658,12,"2016-09-26 01:40:00","User A",Analyst,"Element 3",Append,"No authorization",TRUE
2279,4658,14,"2016-09-26 01:40:00","User A",Analyst,"Element 3",Append,"No authorization",TRUE
2280,4658,16,"2016-09-26 01:40:00","User A",Analyst,"Element 3",Append,"No authorization",TRUE
2281,4676,1,"2016-09-26 05:59:00","User B","Business user","Element 1",Select,"No authorization",TRUE
2282,4676,9,"2016-09-26 05:59:00","User B","Business user","Element 1",Select,"No authorization",TRUE
2283,4676,11,"2016-09-26 05:59:00","User B","Business user","Element 1",Select,"No authorization",TRUE
2284,4676,15,"2016-09-26 05:59:00","User B","Business user","Element 1",Select,"No authorization",TRUE
2285,4678,1,"2016-09-26 06:28:00","User B","Business user","Element 1",Select,"No authorization",TRUE
2286,4678,9,"2016-09-26 06:28:00","User B","Business user","Element 1",Select,"No authorization",TRUE
2287,4678,11,"2016-09-26 06:28:00","User B","Business user","Element 1",Select,"No authorization",TRUE
2288,4678,15,"2016-09-26 06:28:00","User B","Business user","Element 1",Select,"No authorization",TRUE
2289,4689,1,"2016-09-26 09:07:00","User B","Business user","Element 1",Select,"No authorization",TRUE
2290,4689,9,"2016-09-26 09:07:00","User B","Business user","Element 1",Select,"No authorization",TRUE
2291,4689,11,"2016-09-26 09:07:00","User B","Business user","Element 1",Select,"No authorization",TRUE
2292,4689,15,"2016-09-26 09:07:00","User B","Business user","Element 1",Select,"No authorization",TRUE
2293,4691,1,"2016-09-26 09:35:00","User B","Business user","Element 1",Select,"No authorization",TRUE
2294,4691,9,"2016-09-26 09:35:00","User B","Business user","Element 1",Select,"No authorization",TRUE
2295,4691,11,"2016-09-26 09:35:00","User B","Business user","Element 1",Select,"No authorization",TRUE
2296,4691,15,"2016-09-26 09:35:00","User B","Business user","Element 1",Select,"No authorization",TRUE
2297,4704,1,"2016-09-26 12:43:00","User B","Business user","Element 1",Select,"No authorization",TRUE
2298,4704,9,"2016-09-26 12:43:00","User B","Business user","Element 1",Select,"No authorization",TRUE
2299,4704,11,"2016-09-26 12:43:00","User B","Business user","Element 1",Select,"No authorization",TRUE
2300,4704,15,"2016-09-26 12:43:00","User B","Business user","Element 1",Select,"No authorization",TRUE
2301,4743,1,"2016-09-26 10:04:00","User B","Business user","Element 1",Select,"No authorization",TRUE
2302,4743,9,"2016-09-26 10:04:00","User B","Business user","Element 1",Select,"No authorization",TRUE
2303,4743,11,"2016-09-26 10:04:00","User B","Business user","Element 1",Select,"No authorization",TRUE
2304,4743,15,"2016-09-26 10:04:00","User B","Business user","Element 1",Select,"No authorization",TRUE
2305,4753,3,"2016-09-27 12:28:00","User B","Business user","Table 1",Select,"No authorization",TRUE
2306,4753,11,"2016-09-27 12:28:00","User B","Business user","Table 1",Select,"No authorization",TRUE
2307,4753,13,"2016-09-27 12:28:00","User B","Business user","Table 1",Select,"No authorization",TRUE
2308,4753,15,"2016-09-27 12:28:00","User B","Business user","Table 1",Select,"No authorization",TRUE
2309,4768,3,"2016-09-27 04:04:00","User B","Business user","Table 1",Select,"No authorization",TRUE
2310,4768,11,"2016-09-27 04:04:00","User B","Business user","Table 1",Select,"No authorization",TRUE
2311,4768,13,"2016-09-27 04:04:00","User B","Business user","Table 1",Select,"No authorization",TRUE
2312,4768,15,"2016-09-27 04:04:00","User B","Business user","Table 1",Select,"No authorization",TRUE
2313,4769,3,"2016-09-27 04:19:00","User B","Business user","Table 1",Select,"No authorization",TRUE
2314,4769,11,"2016-09-27 04:19:00","User B","Business user","Table 1",Select,"No authorization",TRUE
2315,4769,13,"2016-09-27 04:19:00","User B","Business user","Table 1",Select,"No authorization",TRUE
2316,4769,15,"2016-09-27 04:19:00","User B","Business user","Table 1",Select,"No authorization",TRUE
2317,4770,3,"2016-09-27 04:33:00","User B","Business user","Table 1",Select,"No authorization",TRUE
2318,4770,11,"2016-09-27 04:33:00","User B","Business user","Table 1",Select,"No authorization",TRUE
2319,4770,13,"2016-09-27 04:33:00","User B","Business user","Table 1",Select,"No authorization",TRUE
2320,4770,15,"2016-09-27 04:33:00","User B","Business user","Table 1",Select,"No authorization",TRUE
2321,4774,5,"2016-09-27 05:31:00","User A",Analyst,"Element 2",Select,"No authorization",TRUE
2322,4774,9,"2016-09-27 05:31:00","User A",Analyst,"Element 2",Select,"No authorization",TRUE
2323,4774,11,"2016-09-27 05:31:00","User A",Analyst,"Element 2",Select,"No authorization",TRUE
2324,4774,13,"2016-09-27 05:31:00","User A",Analyst,"Element 2",Select,"No authorization",TRUE
2325,4775,5,"2016-09-27 05:45:00","User A",Analyst,"Element 2",Select,"No authorization",TRUE
2326,4775,9,"2016-09-27 05:45:00","User A",Analyst,"Element 2",Select,"No authorization",TRUE
2327,4775,11,"2016-09-27 05:45:00","User A",Analyst,"Element 2",Select,"No authorization",TRUE
2328,4775,13,"2016-09-27 05:45:00","User A",Analyst,"Element 2",Select,"No authorization",TRUE
2329,4776,5,"2016-09-27 05:59:00","User A",Analyst,"Element 2",Select,"No authorization",TRUE
2330,4776,9,"2016-09-27 05:59:00","User A",Analyst,"Element 2",Select,"No authorization",TRUE
2331,4776,11,"2016-09-27 05:59:00","User A",Analyst,"Element 2",Select,"No authorization",TRUE
2332,4776,13,"2016-09-27 05:59:00","User A",Analyst,"Element 2",Select,"No authorization",TRUE
2333,4777,6,"2016-09-27 06:14:00","User A",Analyst,"Element 3",Append,"No authorization",TRUE
2334,4777,8,"2016-09-27 06:14:00","User A",Analyst,"Element 3",Append,"No authorization",TRUE
2335,4777,10,"2016-09-27 06:14:00","User A",Analyst,"Element 3",Append,"No authorization",TRUE
2336,4777,12,"2016-09-27 06:14:00","User A",Analyst,"Element 3",Append,"No authorization",TRUE
2337,4777,14,"2016-09-27 06:14:00","User A",Analyst,"Element 3",Append,"No authorization",TRUE
2338,4777,16,"2016-09-27 06:14:00","User A",Analyst,"Element 3",Append,"No authorization",TRUE
2339,4795,1,"2016-09-27 10:33:00","User B","Business user","Element 1",Select,"No authorization",TRUE
2340,4795,9,"2016-09-27 10:33:00","User B","Business user","Element 1",Select,"No authorization",TRUE
2341,4795,11,"2016-09-27 10:33:00","User B","Business user","Element 1",Select,"No authorization",TRUE
2342,4795,15,"2016-09-27 10:33:00","User B","Business user","Element 1",Select,"No authorization",TRUE
2343,4797,1,"2016-09-27 11:02:00","User B","Business user","Element 1",Select,"No authorization",TRUE
2344,4797,9,"2016-09-27 11:02:00","User B","Business user","Element 1",Select,"No authorization",TRUE
2345,4797,11,"2016-09-27 11:02:00","User B","Business user","Element 1",Select,"No authorization",TRUE
2346,4797,15,"2016-09-27 11:02:00","User B","Business user","Element 1",Select,"No authorization",TRUE
2347,4808,1,"2016-09-27 01:40:00","User B","Business user","Element 1",Select,"No authorization",TRUE
2348,4808,9,"2016-09-27 01:40:00","User B","Business user","Element 1",Select,"No authorization",TRUE
2349,4808,11,"2016-09-27 01:40:00","User B","Business user","Element 1",Select,"No authorization",TRUE
2350,4808,15,"2016-09-27 01:40:00","User B","Business user","Element 1",Select,"No authorization",TRUE
2351,4810,1,"2016-09-27 02:09:00","User B","Business user","Element 1",Select,"No authorization",TRUE
2352,4810,9,"2016-09-27 02:09:00","User B","Business user","Element 1",Select,"No authorization",TRUE
2353,4810,11,"2016-09-27 02:09:00","User B","Business user","Element 1",Select,"No authorization",TRUE
2354,4810,15,"2016-09-27 02:09:00","User B","Business user","Element 1",Select,"No authorization",TRUE
2355,4823,1,"2016-09-27 05:16:00","User B","Business user","Element 1",Select,"No authorization",TRUE
2356,4823,9,"2016-09-27 05:16:00","User B","Business user","Element 1",Select,"No authorization",TRUE
2357,4823,11,"2016-09-27 05:16:00","User B","Business user","Element 1",Select,"No authorization",TRUE
2358,4823,15,"2016-09-27 05:16:00","User B","Business user","Element 1",Select,"No authorization",TRUE
2359,4862,1,"2016-09-28 02:38:00","User B","Business user","Element 1",Select,"No authorization",TRUE
2360,4862,9,"2016-09-28 02:38:00","User B","Business user","Element 1",Select,"No authorization",TRUE
2361,4862,11,"2016-09-28 02:38:00","User B","Business user","Element 1",Select,"No authorization",TRUE
2362,4862,15,"2016-09-28 02:38:00","User B","Business user","Element 1",Select,"No authorization",TRUE
2363,4872,3,"2016-09-28 05:02:00","User B","Business user","Table 1",Select,"No authorization",TRUE
2364,4872,11,"2016-09-28 05:02:00","User B","Business user","Table 1",Select,"No authorization",TRUE
2365,4872,13,"2016-09-28 05:02:00","User B","Business user","Table 1",Select,"No authorization",TRUE
2366,4872,15,"2016-09-28 05:02:00","User B","Business user","Table 1",Select,"No authorization",TRUE
2367,4887,3,"2016-09-28 08:38:00","User B","Business user","Table 1",Select,"No authorization",TRUE
2368,4887,11,"2016-09-28 08:38:00","User B","Business user","Table 1",Select,"No authorization",TRUE
2369,4887,13,"2016-09-28 08:38:00","User B","Business user","Table 1",Select,"No authorization",TRUE
2370,4887,15,"2016-09-28 08:38:00","User B","Business user","Table 1",Select,"No authorization",TRUE
2371,4888,3,"2016-09-28 08:52:00","User B","Business user","Table 1",Select,"No authorization",TRUE
2372,4888,11,"2016-09-28 08:52:00","User B","Business user","Table 1",Select,"No authorization",TRUE
2373,4888,13,"2016-09-28 08:52:00","User B","Business user","Table 1",Select,"No authorization",TRUE
2374,4888,15,"2016-09-28 08:52:00","User B","Business user","Table 1",Select,"No authorization",TRUE
2375,4889,3,"2016-09-28 09:07:00","User B","Business user","Table 1",Select,"No authorization",TRUE
2376,4889,11,"2016-09-28 09:07:00","User B","Business user","Table 1",Select,"No authorization",TRUE
2377,4889,13,"2016-09-28 09:07:00","User B","Business user","Table 1",Select,"No authorization",TRUE
2378,4889,15,"2016-09-28 09:07:00","User B","Business user","Table 1",Select,"No authorization",TRUE
2379,4893,5,"2016-09-28 10:04:00","User A",Analyst,"Element 2",Select,"No authorization",TRUE
2380,4893,9,"2016-09-28 10:04:00","User A",Analyst,"Element 2",Select,"No authorization",TRUE
2381,4893,11,"2016-09-28 10:04:00","User A",Analyst,"Element 2",Select,"No authorization",TRUE
2382,4893,13,"2016-09-28 10:04:00","User A",Analyst,"Element 2",Select,"No authorization",TRUE
2383,4894,5,"2016-09-28 10:19:00","User A",Analyst,"Element 2",Select,"No authorization",TRUE
2384,4894,9,"2016-09-28 10:19:00","User A",Analyst,"Element 2",Select,"No authorization",TRUE
2385,4894,11,"2016-09-28 10:19:00","User A",Analyst,"Element 2",Select,"No authorization",TRUE
2386,4894,13,"2016-09-28 10:19:00","User A",Analyst,"Element 2",Select,"No authorization",TRUE
2387,4895,5,"2016-09-28 10:33:00","User A",Analyst,"Element 2",Select,"No authorization",TRUE
2388,4895,9,"2016-09-28 10:33:00","User A",Analyst,"Element 2",Select,"No authorization",TRUE
2389,4895,11,"2016-09-28 10:33:00","User A",Analyst,"Element 2",Select,"No authorization",TRUE
2390,4895,13,"2016-09-28 10:33:00","User A",Analyst,"Element 2",Select,"No authorization",TRUE
2391,4896,6,"2016-09-28 10:47:00","User A",Analyst,"Element 3",Append,"No authorization",TRUE
2392,4896,8,"2016-09-28 10:47:00","User A",Analyst,"Element 3",Append,"No authorization",TRUE
2393,4896,10,"2016-09-28 10:47:00","User A",Analyst,"Element 3",Append,"No authorization",TRUE
2394,4896,12,"2016-09-28 10:47:00","User A",Analyst,"Element 3",Append,"No authorization",TRUE
2395,4896,14,"2016-09-28 10:47:00","User A",Analyst,"Element 3",Append,"No authorization",TRUE
2396,4896,16,"2016-09-28 10:47:00","User A",Analyst,"Element 3",Append,"No authorization",TRUE
2397,4914,1,"2016-09-28 03:07:00","User B","Business user","Element 1",Select,"No authorization",TRUE
2398,4914,9,"2016-09-28 03:07:00","User B","Business user","Element 1",Select,"No authorization",TRUE
2399,4914,11,"2016-09-28 03:07:00","User B","Business user","Element 1",Select,"No authorization",TRUE
2400,4914,15,"2016-09-28 03:07:00","User B","Business user","Element 1",Select,"No authorization",TRUE
2401,4916,1,"2016-09-28 03:35:00","User B","Business user","Element 1",Select,"No authorization",TRUE
2402,4916,9,"2016-09-28 03:35:00","User B","Business user","Element 1",Select,"No authorization",TRUE
2403,4916,11,"2016-09-28 03:35:00","User B","Business user","Element 1",Select,"No authorization",TRUE
2404,4916,15,"2016-09-28 03:35:00","User B","Business user","Element 1",Select,"No authorization",TRUE
2405,4927,1,"2016-09-28 06:14:00","User B","Business user","Element 1",Select,"No authorization",TRUE
2406,4927,9,"2016-09-28 06:14:00","User B","Business user","Element 1",Select,"No authorization",TRUE
2407,4927,11,"2016-09-28 06:14:00","User B","Business user","Element 1",Select,"No authorization",TRUE
2408,4927,15,"2016-09-28 06:14:00","User B","Business user","Element 1",Select,"No authorization",TRUE
2409,4929,1,"2016-09-28 06:43:00","User B","Business user","Element 1",Select,"No authorization",TRUE
2410,4929,9,"2016-09-28 06:43:00","User B","Business user","Element 1",Select,"No authorization",TRUE
2411,4929,11,"2016-09-28 06:43:00","User B","Business user","Element 1",Select,"No authorization",TRUE
2412,4929,15,"2016-09-28 06:43:00","User B","Business user","Element 1",Select,"No authorization",TRUE
2413,4942,1,"2016-09-28 09:50:00","User B","Business user","Element 1",Select,"No authorization",TRUE
2414,4942,9,"2016-09-28 09:50:00","User B","Business user","Element 1",Select,"No authorization",TRUE
2415,4942,11,"2016-09-28 09:50:00","User B","Business user","Element 1",Select,"No authorization",TRUE
2416,4942,15,"2016-09-28 09:50:00","User B","Business user","Element 1",Select,"No authorization",TRUE
2417,4981,1,"2016-09-29 07:11:00","User B","Business user","Element 1",Select,"No authorization",TRUE
2418,4981,9,"2016-09-29 07:11:00","User B","Business user","Element 1",Select,"No authorization",TRUE
2419,4981,11,"2016-09-29 07:11:00","User B","Business user","Element 1",Select,"No authorization",TRUE
2420,4981,15,"2016-09-29 07:11:00","User B","Business user","Element 1",Select,"No authorization",TRUE
2421,4991,3,"2016-09-29 09:35:00","User B","Business user","Table 1",Select,"No authorization",TRUE
2422,4991,11,"2016-09-29 09:35:00","User B","Business user","Table 1",Select,"No authorization",TRUE
2423,4991,13,"2016-09-29 09:35:00","User B","Business user","Table 1",Select,"No authorization",TRUE
2424,4991,15,"2016-09-29 09:35:00","User B","Business user","Table 1",Select,"No authorization",TRUE
2425,5006,3,"2016-09-29 01:11:00","User B","Business user","Table 1",Select,"No authorization",TRUE
2426,5006,11,"2016-09-29 01:11:00","User B","Business user","Table 1",Select,"No authorization",TRUE
2427,5006,13,"2016-09-29 01:11:00","User B","Business user","Table 1",Select,"No authorization",TRUE
2428,5006,15,"2016-09-29 01:11:00","User B","Business user","Table 1",Select,"No authorization",TRUE
2429,5007,3,"2016-09-29 01:26:00","User B","Business user","Table 1",Select,"No authorization",TRUE
2430,5007,11,"2016-09-29 01:26:00","User B","Business user","Table 1",Select,"No authorization",TRUE
2431,5007,13,"2016-09-29 01:26:00","User B","Business user","Table 1",Select,"No authorization",TRUE
2432,5007,15,"2016-09-29 01:26:00","User B","Business user","Table 1",Select,"No authorization",TRUE
2433,5008,3,"2016-09-29 01:40:00","User B","Business user","Table 1",Select,"No authorization",TRUE
2434,5008,11,"2016-09-29 01:40:00","User B","Business user","Table 1",Select,"No authorization",TRUE
2435,5008,13,"2016-09-29 01:40:00","User B","Business user","Table 1",Select,"No authorization",TRUE
2436,5008,15,"2016-09-29 01:40:00","User B","Business user","Table 1",Select,"No authorization",TRUE
2437,5012,5,"2016-09-29 02:38:00","User A",Analyst,"Element 2",Select,"No authorization",TRUE
2438,5012,9,"2016-09-29 02:38:00","User A",Analyst,"Element 2",Select,"No authorization",TRUE
2439,5012,11,"2016-09-29 02:38:00","User A",Analyst,"Element 2",Select,"No authorization",TRUE
2440,5012,13,"2016-09-29 02:38:00","User A",Analyst,"Element 2",Select,"No authorization",TRUE
2441,5013,5,"2016-09-29 02:52:00","User A",Analyst,"Element 2",Select,"No authorization",TRUE
2442,5013,9,"2016-09-29 02:52:00","User A",Analyst,"Element 2",Select,"No authorization",TRUE
2443,5013,11,"2016-09-29 02:52:00","User A",Analyst,"Element 2",Select,"No authorization",TRUE
2444,5013,13,"2016-09-29 02:52:00","User A",Analyst,"Element 2",Select,"No authorization",TRUE
2445,5014,5,"2016-09-29 03:07:00","User A",Analyst,"Element 2",Select,"No authorization",TRUE
2446,5014,9,"2016-09-29 03:07:00","User A",Analyst,"Element 2",Select,"No authorization",TRUE
2447,5014,11,"2016-09-29 03:07:00","User A",Analyst,"Element 2",Select,"No authorization",TRUE
2448,5014,13,"2016-09-29 03:07:00","User A",Analyst,"Element 2",Select,"No authorization",TRUE
2449,5015,6,"2016-09-29 03:21:00","User A",Analyst,"Element 3",Append,"No authorization",TRUE
2450,5015,8,"2016-09-29 03:21:00","User A",Analyst,"Element 3",Append,"No authorization",TRUE
2451,5015,10,"2016-09-29 03:21:00","User A",Analyst,"Element 3",Append,"No authorization",TRUE
2452,5015,12,"2016-09-29 03:21:00","User A",Analyst,"Element 3",Append,"No authorization",TRUE
2453,5015,14,"2016-09-29 03:21:00","User A",Analyst,"Element 3",Append,"No authorization",TRUE
2454,5015,16,"2016-09-29 03:21:00","User A",Analyst,"Element 3",Append,"No authorization",TRUE
2455,5033,1,"2016-09-29 07:40:00","User B","Business user","Element 1",Select,"No authorization",TRUE
2456,5033,9,"2016-09-29 07:40:00","User B","Business user","Element 1",Select,"No authorization",TRUE
2457,5033,11,"2016-09-29 07:40:00","User B","Business user","Element 1",Select,"No authorization",TRUE
2458,5033,15,"2016-09-29 07:40:00","User B","Business user","Element 1",Select,"No authorization",TRUE
2459,5035,1,"2016-09-29 08:09:00","User B","Business user","Element 1",Select,"No authorization",TRUE
2460,5035,9,"2016-09-29 08:09:00","User B","Business user","Element 1",Select,"No authorization",TRUE
2461,5035,11,"2016-09-29 08:09:00","User B","Business user","Element 1",Select,"No authorization",TRUE
2462,5035,15,"2016-09-29 08:09:00","User B","Business user","Element 1",Select,"No authorization",TRUE
2463,5046,1,"2016-09-29 10:47:00","User B","Business user","Element 1",Select,"No authorization",TRUE
2464,5046,9,"2016-09-29 10:47:00","User B","Business user","Element 1",Select,"No authorization",TRUE
2465,5046,11,"2016-09-29 10:47:00","User B","Business user","Element 1",Select,"No authorization",TRUE
2466,5046,15,"2016-09-29 10:47:00","User B","Business user","Element 1",Select,"No authorization",TRUE
2467,5048,1,"2016-09-29 11:16:00","User B","Business user","Element 1",Select,"No authorization",TRUE
2468,5048,9,"2016-09-29 11:16:00","User B","Business user","Element 1",Select,"No authorization",TRUE
2469,5048,11,"2016-09-29 11:16:00","User B","Business user","Element 1",Select,"No authorization",TRUE
2470,5048,15,"2016-09-29 11:16:00","User B","Business user","Element 1",Select,"No authorization",TRUE
2471,5061,1,"2016-09-30 02:23:00","User B","Business user","Element 1",Select,"No authorization",TRUE
2472,5061,9,"2016-09-30 02:23:00","User B","Business user","Element 1",Select,"No authorization",TRUE
2473,5061,11,"2016-09-30 02:23:00","User B","Business user","Element 1",Select,"No authorization",TRUE
2474,5061,15,"2016-09-30 02:23:00","User B","Business user","Element 1",Select,"No authorization",TRUE
2475,5100,1,"2016-09-30 11:45:00","User B","Business user","Element 1",Select,"No authorization",TRUE
2476,5100,9,"2016-09-30 11:45:00","User B","Business user","Element 1",Select,"No authorization",TRUE
2477,5100,11,"2016-09-30 11:45:00","User B","Business user","Element 1",Select,"No authorization",TRUE
2478,5100,15,"2016-09-30 11:45:00","User B","Business user","Element 1",Select,"No authorization",TRUE
2479,5110,3,"2016-09-30 02:09:00","User B","Business user","Table 1",Select,"No authorization",TRUE
2480,5110,11,"2016-09-30 02:09:00","User B","Business user","Table 1",Select,"No authorization",TRUE
2481,5110,13,"2016-09-30 02:09:00","User B","Business user","Table 1",Select,"No authorization",TRUE
2482,5110,15,"2016-09-30 02:09:00","User B","Business user","Table 1",Select,"No authorization",TRUE
2483,5125,3,"2016-09-30 05:45:00","User B","Business user","Table 1",Select,"No authorization",TRUE
2484,5125,11,"2016-09-30 05:45:00","User B","Business user","Table 1",Select,"No authorization",TRUE
2485,5125,13,"2016-09-30 05:45:00","User B","Business user","Table 1",Select,"No authorization",TRUE
2486,5125,15,"2016-09-30 05:45:00","User B","Business user","Table 1",Select,"No authorization",TRUE
2487,5126,3,"2016-09-30 05:59:00","User B","Business user","Table 1",Select,"No authorization",TRUE
2488,5126,11,"2016-09-30 05:59:00","User B","Business user","Table 1",Select,"No authorization",TRUE
2489,5126,13,"2016-09-30 05:59:00","User B","Business user","Table 1",Select,"No authorization",TRUE
2490,5126,15,"2016-09-30 05:59:00","User B","Business user","Table 1",Select,"No authorization",TRUE
2491,5127,3,"2016-09-30 06:14:00","User B","Business user","Table 1",Select,"No authorization",TRUE
2492,5127,11,"2016-09-30 06:14:00","User B","Business user","Table 1",Select,"No authorization",TRUE
2493,5127,13,"2016-09-30 06:14:00","User B","Business user","Table 1",Select,"No authorization",TRUE
2494,5127,15,"2016-09-30 06:14:00","User B","Business user","Table 1",Select,"No authorization",TRUE
2495,5131,5,"2016-09-30 07:11:00","User A",Analyst,"Element 2",Select,"No authorization",TRUE
2496,5131,9,"2016-09-30 07:11:00","User A",Analyst,"Element 2",Select,"No authorization",TRUE
2497,5131,11,"2016-09-30 07:11:00","User A",Analyst,"Element 2",Select,"No authorization",TRUE
2498,5131,13,"2016-09-30 07:11:00","User A",Analyst,"Element 2",Select,"No authorization",TRUE
2499,5132,5,"2016-09-30 07:26:00","User A",Analyst,"Element 2",Select,"No authorization",TRUE
2500,5132,9,"2016-09-30 07:26:00","User A",Analyst,"Element 2",Select,"No authorization",TRUE
2501,5132,11,"2016-09-30 07:26:00","User A",Analyst,"Element 2",Select,"No authorization",TRUE
2502,5132,13,"2016-09-30 07:26:00","User A",Analyst,"Element 2",Select,"No authorization",TRUE
2503,5133,5,"2016-09-30 07:40:00","User A",Analyst,"Element 2",Select,"No authorization",TRUE
2504,5133,9,"2016-09-30 07:40:00","User A",Analyst,"Element 2",Select,"No authorization",TRUE
2505,5133,11,"2016-09-30 07:40:00","User A",Analyst,"Element 2",Select,"No authorization",TRUE
2506,5133,13,"2016-09-30 07:40:00","User A",Analyst,"Element 2",Select,"No authorization",TRUE
2507,5134,6,"2016-09-30 07:55:00","User A",Analyst,"Element 3",Append,"No authorization",TRUE
2508,5134,8,"2016-09-30 07:55:00","User A",Analyst,"Element 3",Append,"No authorization",TRUE
2509,5134,10,"2016-09-30 07:55:00","User A",Analyst,"Element 3",Append,"No authorization",TRUE
2510,5134,12,"2016-09-30 07:55:00","User A",Analyst,"Element 3",Append,"No authorization",TRUE
2511,5134,14,"2016-09-30 07:55:00","User A",Analyst,"Element 3",Append,"No authorization",TRUE
2512,5134,16,"2016-09-30 07:55:00","User A",Analyst,"Element 3",Append,"No authorization",TRUE
2513,5152,1,"2016-10-01 12:14:00","User B","Business user","Element 1",Select,"No authorization",TRUE
2514,5152,9,"2016-10-01 12:14:00","User B","Business user","Element 1",Select,"No authorization",TRUE
2515,5152,11,"2016-10-01 12:14:00","User B","Business user","Element 1",Select,"No authorization",TRUE
2516,5152,15,"2016-10-01 12:14:00","User B","Business user","Element 1",Select,"No authorization",TRUE
2517,5154,1,"2016-10-01 12:43:00","User B","Business user","Element 1",Select,"No authorization",TRUE
2518,5154,9,"2016-10-01 12:43:00","User B","Business user","Element 1",Select,"No authorization",TRUE
2519,5154,11,"2016-10-01 12:43:00","User B","Business user","Element 1",Select,"No authorization",TRUE
2520,5154,15,"2016-10-01 12:43:00","User B","Business user","Element 1",Select,"No authorization",TRUE
2521,5165,1,"2016-10-01 03:21:00","User B","Business user","Element 1",Select,"No authorization",TRUE
2522,5165,9,"2016-10-01 03:21:00","User B","Business user","Element 1",Select,"No authorization",TRUE
2523,5165,11,"2016-10-01 03:21:00","User B","Business user","Element 1",Select,"No authorization",TRUE
2524,5165,15,"2016-10-01 03:21:00","User B","Business user","Element 1",Select,"No authorization",TRUE
2525,5167,1,"2016-10-01 03:50:00","User B","Business user","Element 1",Select,"No authorization",TRUE
2526,5167,9,"2016-10-01 03:50:00","User B","Business user","Element 1",Select,"No authorization",TRUE
2527,5167,11,"2016-10-01 03:50:00","User B","Business user","Element 1",Select,"No authorization",TRUE
2528,5167,15,"2016-10-01 03:50:00","User B","Business user","Element 1",Select,"No authorization",TRUE
2529,5180,1,"2016-10-01 06:57:00","User B","Business user","Element 1",Select,"No authorization",TRUE
2530,5180,9,"2016-10-01 06:57:00","User B","Business user","Element 1",Select,"No authorization",TRUE
2531,5180,11,"2016-10-01 06:57:00","User B","Business user","Element 1",Select,"No authorization",TRUE
2532,5180,15,"2016-10-01 06:57:00","User B","Business user","Element 1",Select,"No authorization",TRUE
2533,5219,1,"2016-10-01 04:19:00","User B","Business user","Element 1",Select,"No authorization",TRUE
2534,5219,9,"2016-10-01 04:19:00","User B","Business user","Element 1",Select,"No authorization",TRUE
2535,5219,11,"2016-10-01 04:19:00","User B","Business user","Element 1",Select,"No authorization",TRUE
2536,5219,15,"2016-10-01 04:19:00","User B","Business user","Element 1",Select,"No authorization",TRUE
2537,5229,3,"2016-10-01 06:43:00","User B","Business user","Table 1",Select,"No authorization",TRUE
2538,5229,11,"2016-10-01 06:43:00","User B","Business user","Table 1",Select,"No authorization",TRUE
2539,5229,13,"2016-10-01 06:43:00","User B","Business user","Table 1",Select,"No authorization",TRUE
2540,5229,15,"2016-10-01 06:43:00","User B","Business user","Table 1",Select,"No authorization",TRUE
2541,5244,3,"2016-10-01 10:19:00","User B","Business user","Table 1",Select,"No authorization",TRUE
2542,5244,11,"2016-10-01 10:19:00","User B","Business user","Table 1",Select,"No authorization",TRUE
2543,5244,13,"2016-10-01 10:19:00","User B","Business user","Table 1",Select,"No authorization",TRUE
2544,5244,15,"2016-10-01 10:19:00","User B","Business user","Table 1",Select,"No authorization",TRUE
2545,5245,3,"2016-10-01 10:33:00","User B","Business user","Table 1",Select,"No authorization",TRUE
2546,5245,11,"2016-10-01 10:33:00","User B","Business user","Table 1",Select,"No authorization",TRUE
2547,5245,13,"2016-10-01 10:33:00","User B","Business user","Table 1",Select,"No authorization",TRUE
2548,5245,15,"2016-10-01 10:33:00","User B","Business user","Table 1",Select,"No authorization",TRUE
2549,5246,3,"2016-10-01 10:47:00","User B","Business user","Table 1",Select,"No authorization",TRUE
2550,5246,11,"2016-10-01 10:47:00","User B","Business user","Table 1",Select,"No authorization",TRUE
2551,5246,13,"2016-10-01 10:47:00","User B","Business user","Table 1",Select,"No authorization",TRUE
2552,5246,15,"2016-10-01 10:47:00","User B","Business user","Table 1",Select,"No authorization",TRUE
2553,5250,5,"2016-10-01 11:45:00","User A",Analyst,"Element 2",Select,"No authorization",TRUE
2554,5250,9,"2016-10-01 11:45:00","User A",Analyst,"Element 2",Select,"No authorization",TRUE
2555,5250,11,"2016-10-01 11:45:00","User A",Analyst,"Element 2",Select,"No authorization",TRUE
2556,5250,13,"2016-10-01 11:45:00","User A",Analyst,"Element 2",Select,"No authorization",TRUE
2557,5251,5,"2016-10-01 11:59:00","User A",Analyst,"Element 2",Select,"No authorization",TRUE
2558,5251,9,"2016-10-01 11:59:00","User A",Analyst,"Element 2",Select,"No authorization",TRUE
2559,5251,11,"2016-10-01 11:59:00","User A",Analyst,"Element 2",Select,"No authorization",TRUE
2560,5251,13,"2016-10-01 11:59:00","User A",Analyst,"Element 2",Select,"No authorization",TRUE
2561,5252,5,"2016-10-02 12:14:00","User A",Analyst,"Element 2",Select,"No authorization",TRUE
2562,5252,9,"2016-10-02 12:14:00","User A",Analyst,"Element 2",Select,"No authorization",TRUE
2563,5252,11,"2016-10-02 12:14:00","User A",Analyst,"Element 2",Select,"No authorization",TRUE
2564,5252,13,"2016-10-02 12:14:00","User A",Analyst,"Element 2",Select,"No authorization",TRUE
2565,5253,6,"2016-10-02 12:28:00","User A",Analyst,"Element 3",Append,"No authorization",TRUE
2566,5253,8,"2016-10-02 12:28:00","User A",Analyst,"Element 3",Append,"No authorization",TRUE
2567,5253,10,"2016-10-02 12:28:00","User A",Analyst,"Element 3",Append,"No authorization",TRUE
2568,5253,12,"2016-10-02 12:28:00","User A",Analyst,"Element 3",Append,"No authorization",TRUE
2569,5253,14,"2016-10-02 12:28:00","User A",Analyst,"Element 3",Append,"No authorization",TRUE
2570,5253,16,"2016-10-02 12:28:00","User A",Analyst,"Element 3",Append,"No authorization",TRUE
2571,5271,1,"2016-10-02 04:47:00","User B","Business user","Element 1",Select,"No authorization",TRUE
2572,5271,9,"2016-10-02 04:47:00","User B","Business user","Element 1",Select,"No authorization",TRUE
2573,5271,11,"2016-10-02 04:47:00","User B","Business user","Element 1",Select,"No authorization",TRUE
2574,5271,15,"2016-10-02 04:47:00","User B","Business user","Element 1",Select,"No authorization",TRUE
2575,5273,1,"2016-10-02 05:16:00","User B","Business user","Element 1",Select,"No authorization",TRUE
2576,5273,9,"2016-10-02 05:16:00","User B","Business user","Element 1",Select,"No authorization",TRUE
2577,5273,11,"2016-10-02 05:16:00","User B","Business user","Element 1",Select,"No authorization",TRUE
2578,5273,15,"2016-10-02 05:16:00","User B","Business user","Element 1",Select,"No authorization",TRUE
2579,5284,1,"2016-10-02 07:55:00","User B","Business user","Element 1",Select,"No authorization",TRUE
2580,5284,9,"2016-10-02 07:55:00","User B","Business user","Element 1",Select,"No authorization",TRUE
2581,5284,11,"2016-10-02 07:55:00","User B","Business user","Element 1",Select,"No authorization",TRUE
2582,5284,15,"2016-10-02 07:55:00","User B","Business user","Element 1",Select,"No authorization",TRUE
2583,5286,1,"2016-10-02 08:23:00","User B","Business user","Element 1",Select,"No authorization",TRUE
2584,5286,9,"2016-10-02 08:23:00","User B","Business user","Element 1",Select,"No authorization",TRUE
2585,5286,11,"2016-10-02 08:23:00","User B","Business user","Element 1",Select,"No authorization",TRUE
2586,5286,15,"2016-10-02 08:23:00","User B","Business user","Element 1",Select,"No authorization",TRUE
2587,5299,1,"2016-10-02 11:31:00","User B","Business user","Element 1",Select,"No authorization",TRUE
2588,5299,9,"2016-10-02 11:31:00","User B","Business user","Element 1",Select,"No authorization",TRUE
2589,5299,11,"2016-10-02 11:31:00","User B","Business user","Element 1",Select,"No authorization",TRUE
2590,5299,15,"2016-10-02 11:31:00","User B","Business user","Element 1",Select,"No authorization",TRUE
2591,5338,1,"2016-10-02 08:52:00","User B","Business user","Element 1",Select,"No authorization",TRUE
2592,5338,9,"2016-10-02 08:52:00","User B","Business user","Element 1",Select,"No authorization",TRUE
2593,5338,11,"2016-10-02 08:52:00","User B","Business user","Element 1",Select,"No authorization",TRUE
2594,5338,15,"2016-10-02 08:52:00","User B","Business user","Element 1",Select,"No authorization",TRUE
2595,5348,3,"2016-10-02 11:16:00","User B","Business user","Table 1",Select,"No authorization",TRUE
2596,5348,11,"2016-10-02 11:16:00","User B","Business user","Table 1",Select,"No authorization",TRUE
2597,5348,13,"2016-10-02 11:16:00","User B","Business user","Table 1",Select,"No authorization",TRUE
2598,5348,15,"2016-10-02 11:16:00","User B","Business user","Table 1",Select,"No authorization",TRUE
2599,5363,3,"2016-10-03 02:52:00","User B","Business user","Table 1",Select,"No authorization",TRUE
2600,5363,11,"2016-10-03 02:52:00","User B","Business user","Table 1",Select,"No authorization",TRUE
2601,5363,13,"2016-10-03 02:52:00","User B","Business user","Table 1",Select,"No authorization",TRUE
2602,5363,15,"2016-10-03 02:52:00","User B","Business user","Table 1",Select,"No authorization",TRUE
2603,5364,3,"2016-10-03 03:07:00","User B","Business user","Table 1",Select,"No authorization",TRUE
2604,5364,11,"2016-10-03 03:07:00","User B","Business user","Table 1",Select,"No authorization",TRUE
2605,5364,13,"2016-10-03 03:07:00","User B","Business user","Table 1",Select,"No authorization",TRUE
2606,5364,15,"2016-10-03 03:07:00","User B","Business user","Table 1",Select,"No authorization",TRUE
2607,5365,3,"2016-10-03 03:21:00","User B","Business user","Table 1",Select,"No authorization",TRUE
2608,5365,11,"2016-10-03 03:21:00","User B","Business user","Table 1",Select,"No authorization",TRUE
2609,5365,13,"2016-10-03 03:21:00","User B","Business user","Table 1",Select,"No authorization",TRUE
2610,5365,15,"2016-10-03 03:21:00","User B","Business user","Table 1",Select,"No authorization",TRUE
2611,5369,5,"2016-10-03 04:19:00","User A",Analyst,"Element 2",Select,"No authorization",TRUE
2612,5369,9,"2016-10-03 04:19:00","User A",Analyst,"Element 2",Select,"No authorization",TRUE
2613,5369,11,"2016-10-03 04:19:00","User A",Analyst,"Element 2",Select,"No authorization",TRUE
2614,5369,13,"2016-10-03 04:19:00","User A",Analyst,"Element 2",Select,"No authorization",TRUE
2615,5370,5,"2016-10-03 04:33:00","User A",Analyst,"Element 2",Select,"No authorization",TRUE
2616,5370,9,"2016-10-03 04:33:00","User A",Analyst,"Element 2",Select,"No authorization",TRUE
2617,5370,11,"2016-10-03 04:33:00","User A",Analyst,"Element 2",Select,"No authorization",TRUE
2618,5370,13,"2016-10-03 04:33:00","User A",Analyst,"Element 2",Select,"No authorization",TRUE
2619,5371,5,"2016-10-03 04:47:00","User A",Analyst,"Element 2",Select,"No authorization",TRUE
2620,5371,9,"2016-10-03 04:47:00","User A",Analyst,"Element 2",Select,"No authorization",TRUE
2621,5371,11,"2016-10-03 04:47:00","User A",Analyst,"Element 2",Select,"No authorization",TRUE
2622,5371,13,"2016-10-03 04:47:00","User A",Analyst,"Element 2",Select,"No authorization",TRUE
2623,5372,6,"2016-10-03 05:02:00","User A",Analyst,"Element 3",Append,"No authorization",TRUE
2624,5372,8,"2016-10-03 05:02:00","User A",Analyst,"Element 3",Append,"No authorization",TRUE
2625,5372,10,"2016-10-03 05:02:00","User A",Analyst,"Element 3",Append,"No authorization",TRUE
2626,5372,12,"2016-10-03 05:02:00","User A",Analyst,"Element 3",Append,"No authorization",TRUE
2627,5372,14,"2016-10-03 05:02:00","User A",Analyst,"Element 3",Append,"No authorization",TRUE
2628,5372,16,"2016-10-03 05:02:00","User A",Analyst,"Element 3",Append,"No authorization",TRUE
2629,5390,1,"2016-10-03 09:21:00","User B","Business user","Element 1",Select,"No authorization",TRUE
2630,5390,9,"2016-10-03 09:21:00","User B","Business user","Element 1",Select,"No authorization",TRUE
2631,5390,11,"2016-10-03 09:21:00","User B","Business user","Element 1",Select,"No authorization",TRUE
2632,5390,15,"2016-10-03 09:21:00","User B","Business user","Element 1",Select,"No authorization",TRUE
2633,5392,1,"2016-10-03 09:50:00","User B","Business user","Element 1",Select,"No authorization",TRUE
2634,5392,9,"2016-10-03 09:50:00","User B","Business user","Element 1",Select,"No authorization",TRUE
2635,5392,11,"2016-10-03 09:50:00","User B","Business user","Element 1",Select,"No authorization",TRUE
2636,5392,15,"2016-10-03 09:50:00","User B","Business user","Element 1",Select,"No authorization",TRUE
2637,5403,1,"2016-10-03 12:28:00","User B","Business user","Element 1",Select,"No authorization",TRUE
2638,5403,9,"2016-10-03 12:28:00","User B","Business user","Element 1",Select,"No authorization",TRUE
2639,5403,11,"2016-10-03 12:28:00","User B","Business user","Element 1",Select,"No authorization",TRUE
2640,5403,15,"2016-10-03 12:28:00","User B","Business user","Element 1",Select,"No authorization",TRUE
2641,5405,1,"2016-10-03 12:57:00","User B","Business user","Element 1",Select,"No authorization",TRUE
2642,5405,9,"2016-10-03 12:57:00","User B","Business user","Element 1",Select,"No authorization",TRUE
2643,5405,11,"2016-10-03 12:57:00","User B","Business user","Element 1",Select,"No authorization",TRUE
2644,5405,15,"2016-10-03 12:57:00","User B","Business user","Element 1",Select,"No authorization",TRUE
2645,5418,1,"2016-10-03 04:04:00","User B","Business user","Element 1",Select,"No authorization",TRUE
2646,5418,9,"2016-10-03 04:04:00","User B","Business user","Element 1",Select,"No authorization",TRUE
2647,5418,11,"2016-10-03 04:04:00","User B","Business user","Element 1",Select,"No authorization",TRUE
2648,5418,15,"2016-10-03 04:04:00","User B","Business user","Element 1",Select,"No authorization",TRUE
2649,5457,1,"2016-10-04 01:26:00","User B","Business user","Element 1",Select,"No authorization",TRUE
2650,5457,9,"2016-10-04 01:26:00","User B","Business user","Element 1",Select,"No authorization",TRUE
2651,5457,11,"2016-10-04 01:26:00","User B","Business user","Element 1",Select,"No authorization",TRUE
2652,5457,15,"2016-10-04 01:26:00","User B","Business user","Element 1",Select,"No authorization",TRUE
2653,5467,3,"2016-10-04 03:50:00","User B","Business user","Table 1",Select,"No authorization",TRUE
2654,5467,11,"2016-10-04 03:50:00","User B","Business user","Table 1",Select,"No authorization",TRUE
2655,5467,13,"2016-10-04 03:50:00","User B","Business user","Table 1",Select,"No authorization",TRUE
2656,5467,15,"2016-10-04 03:50:00","User B","Business user","Table 1",Select,"No authorization",TRUE
2657,5482,3,"2016-10-04 07:26:00","User B","Business user","Table 1",Select,"No authorization",TRUE
2658,5482,11,"2016-10-04 07:26:00","User B","Business user","Table 1",Select,"No authorization",TRUE
2659,5482,13,"2016-10-04 07:26:00","User B","Business user","Table 1",Select,"No authorization",TRUE
2660,5482,15,"2016-10-04 07:26:00","User B","Business user","Table 1",Select,"No authorization",TRUE
2661,5483,3,"2016-10-04 07:40:00","User B","Business user","Table 1",Select,"No authorization",TRUE
2662,5483,11,"2016-10-04 07:40:00","User B","Business user","Table 1",Select,"No authorization",TRUE
2663,5483,13,"2016-10-04 07:40:00","User B","Business user","Table 1",Select,"No authorization",TRUE
2664,5483,15,"2016-10-04 07:40:00","User B","Business user","Table 1",Select,"No authorization",TRUE
2665,5484,3,"2016-10-04 07:55:00","User B","Business user","Table 1",Select,"No authorization",TRUE
2666,5484,11,"2016-10-04 07:55:00","User B","Business user","Table 1",Select,"No authorization",TRUE
2667,5484,13,"2016-10-04 07:55:00","User B","Business user","Table 1",Select,"No authorization",TRUE
2668,5484,15,"2016-10-04 07:55:00","User B","Business user","Table 1",Select,"No authorization",TRUE
2669,5488,5,"2016-10-04 08:52:00","User A",Analyst,"Element 2",Select,"No authorization",TRUE
2670,5488,9,"2016-10-04 08:52:00","User A",Analyst,"Element 2",Select,"No authorization",TRUE
2671,5488,11,"2016-10-04 08:52:00","User A",Analyst,"Element 2",Select,"No authorization",TRUE
2672,5488,13,"2016-10-04 08:52:00","User A",Analyst,"Element 2",Select,"No authorization",TRUE
2673,5489,5,"2016-10-04 09:07:00","User A",Analyst,"Element 2",Select,"No authorization",TRUE
2674,5489,9,"2016-10-04 09:07:00","User A",Analyst,"Element 2",Select,"No authorization",TRUE
2675,5489,11,"2016-10-04 09:07:00","User A",Analyst,"Element 2",Select,"No authorization",TRUE
2676,5489,13,"2016-10-04 09:07:00","User A",Analyst,"Element 2",Select,"No authorization",TRUE
2677,5490,5,"2016-10-04 09:21:00","User A",Analyst,"Element 2",Select,"No authorization",TRUE
2678,5490,9,"2016-10-04 09:21:00","User A",Analyst,"Element 2",Select,"No authorization",TRUE
2679,5490,11,"2016-10-04 09:21:00","User A",Analyst,"Element 2",Select,"No authorization",TRUE
2680,5490,13,"2016-10-04 09:21:00","User A",Analyst,"Element 2",Select,"No authorization",TRUE
2681,5491,6,"2016-10-04 09:35:00","User A",Analyst,"Element 3",Append,"No authorization",TRUE
2682,5491,8,"2016-10-04 09:35:00","User A",Analyst,"Element 3",Append,"No authorization",TRUE
2683,5491,10,"2016-10-04 09:35:00","User A",Analyst,"Element 3",Append,"No authorization",TRUE
2684,5491,12,"2016-10-04 09:35:00","User A",Analyst,"Element 3",Append,"No authorization",TRUE
2685,5491,14,"2016-10-04 09:35:00","User A",Analyst,"Element 3",Append,"No authorization",TRUE
2686,5491,16,"2016-10-04 09:35:00","User A",Analyst,"Element 3",Append,"No authorization",TRUE
2687,5509,1,"2016-10-04 01:55:00","User B","Business user","Element 1",Select,"No authorization",TRUE
2688,5509,9,"2016-10-04 01:55:00","User B","Business user","Element 1",Select,"No authorization",TRUE
2689,5509,11,"2016-10-04 01:55:00","User B","Business user","Element 1",Select,"No authorization",TRUE
2690,5509,15,"2016-10-04 01:55:00","User B","Business user","Element 1",Select,"No authorization",TRUE
2691,5511,1,"2016-10-04 02:23:00","User B","Business user","Element 1",Select,"No authorization",TRUE
2692,5511,9,"2016-10-04 02:23:00","User B","Business user","Element 1",Select,"No authorization",TRUE
2693,5511,11,"2016-10-04 02:23:00","User B","Business user","Element 1",Select,"No authorization",TRUE
2694,5511,15,"2016-10-04 02:23:00","User B","Business user","Element 1",Select,"No authorization",TRUE
2695,5522,1,"2016-10-04 05:02:00","User B","Business user","Element 1",Select,"No authorization",TRUE
2696,5522,9,"2016-10-04 05:02:00","User B","Business user","Element 1",Select,"No authorization",TRUE
2697,5522,11,"2016-10-04 05:02:00","User B","Business user","Element 1",Select,"No authorization",TRUE
2698,5522,15,"2016-10-04 05:02:00","User B","Business user","Element 1",Select,"No authorization",TRUE
2699,5524,1,"2016-10-04 05:31:00","User B","Business user","Element 1",Select,"No authorization",TRUE
2700,5524,9,"2016-10-04 05:31:00","User B","Business user","Element 1",Select,"No authorization",TRUE
2701,5524,11,"2016-10-04 05:31:00","User B","Business user","Element 1",Select,"No authorization",TRUE
2702,5524,15,"2016-10-04 05:31:00","User B","Business user","Element 1",Select,"No authorization",TRUE
2703,5537,1,"2016-10-04 08:38:00","User B","Business user","Element 1",Select,"No authorization",TRUE
2704,5537,9,"2016-10-04 08:38:00","User B","Business user","Element 1",Select,"No authorization",TRUE
2705,5537,11,"2016-10-04 08:38:00","User B","Business user","Element 1",Select,"No authorization",TRUE
2706,5537,15,"2016-10-04 08:38:00","User B","Business user","Element 1",Select,"No authorization",TRUE
2707,5576,1,"2016-10-05 05:59:00","User B","Business user","Element 1",Select,"No authorization",TRUE
2708,5576,9,"2016-10-05 05:59:00","User B","Business user","Element 1",Select,"No authorization",TRUE
2709,5576,11,"2016-10-05 05:59:00","User B","Business user","Element 1",Select,"No authorization",TRUE
2710,5576,15,"2016-10-05 05:59:00","User B","Business user","Element 1",Select,"No authorization",TRUE
2711,5586,3,"2016-10-05 08:23:00","User B","Business user","Table 1",Select,"No authorization",TRUE
2712,5586,11,"2016-10-05 08:23:00","User B","Business user","Table 1",Select,"No authorization",TRUE
2713,5586,13,"2016-10-05 08:23:00","User B","Business user","Table 1",Select,"No authorization",TRUE
2714,5586,15,"2016-10-05 08:23:00","User B","Business user","Table 1",Select,"No authorization",TRUE
2715,5601,3,"2016-10-05 11:59:00","User B","Business user","Table 1",Select,"No authorization",TRUE
2716,5601,11,"2016-10-05 11:59:00","User B","Business user","Table 1",Select,"No authorization",TRUE
2717,5601,13,"2016-10-05 11:59:00","User B","Business user","Table 1",Select,"No authorization",TRUE
2718,5601,15,"2016-10-05 11:59:00","User B","Business user","Table 1",Select,"No authorization",TRUE
2719,5602,3,"2016-10-05 12:14:00","User B","Business user","Table 1",Select,"No authorization",TRUE
2720,5602,11,"2016-10-05 12:14:00","User B","Business user","Table 1",Select,"No authorization",TRUE
2721,5602,13,"2016-10-05 12:14:00","User B","Business user","Table 1",Select,"No authorization",TRUE
2722,5602,15,"2016-10-05 12:14:00","User B","Business user","Table 1",Select,"No authorization",TRUE
2723,5603,3,"2016-10-05 12:28:00","User B","Business user","Table 1",Select,"No authorization",TRUE
2724,5603,11,"2016-10-05 12:28:00","User B","Business user","Table 1",Select,"No authorization",TRUE
2725,5603,13,"2016-10-05 12:28:00","User B","Business user","Table 1",Select,"No authorization",TRUE
2726,5603,15,"2016-10-05 12:28:00","User B","Business user","Table 1",Select,"No authorization",TRUE
2727,5607,5,"2016-10-05 01:26:00","User A",Analyst,"Element 2",Select,"No authorization",TRUE
2728,5607,9,"2016-10-05 01:26:00","User A",Analyst,"Element 2",Select,"No authorization",TRUE
2729,5607,11,"2016-10-05 01:26:00","User A",Analyst,"Element 2",Select,"No authorization",TRUE
2730,5607,13,"2016-10-05 01:26:00","User A",Analyst,"Element 2",Select,"No authorization",TRUE
2731,5608,5,"2016-10-05 01:40:00","User A",Analyst,"Element 2",Select,"No authorization",TRUE
2732,5608,9,"2016-10-05 01:40:00","User A",Analyst,"Element 2",Select,"No authorization",TRUE
2733,5608,11,"2016-10-05 01:40:00","User A",Analyst,"Element 2",Select,"No authorization",TRUE
2734,5608,13,"2016-10-05 01:40:00","User A",Analyst,"Element 2",Select,"No authorization",TRUE
2735,5609,5,"2016-10-05 01:55:00","User A",Analyst,"Element 2",Select,"No authorization",TRUE
2736,5609,9,"2016-10-05 01:55:00","User A",Analyst,"Element 2",Select,"No authorization",TRUE
2737,5609,11,"2016-10-05 01:55:00","User A",Analyst,"Element 2",Select,"No authorization",TRUE
2738,5609,13,"2016-10-05 01:55:00","User A",Analyst,"Element 2",Select,"No authorization",TRUE
2739,5610,6,"2016-10-05 02:09:00","User A",Analyst,"Element 3",Append,"No authorization",TRUE
2740,5610,8,"2016-10-05 02:09:00","User A",Analyst,"Element 3",Append,"No authorization",TRUE
2741,5610,10,"2016-10-05 02:09:00","User A",Analyst,"Element 3",Append,"No authorization",TRUE
2742,5610,12,"2016-10-05 02:09:00","User A",Analyst,"Element 3",Append,"No authorization",TRUE
2743,5610,14,"2016-10-05 02:09:00","User A",Analyst,"Element 3",Append,"No authorization",TRUE
2744,5610,16,"2016-10-05 02:09:00","User A",Analyst,"Element 3",Append,"No authorization",TRUE
2745,5628,1,"2016-10-05 06:28:00","User B","Business user","Element 1",Select,"No authorization",TRUE
2746,5628,9,"2016-10-05 06:28:00","User B","Business user","Element 1",Select,"No authorization",TRUE
2747,5628,11,"2016-10-05 06:28:00","User B","Business user","Element 1",Select,"No authorization",TRUE
2748,5628,15,"2016-10-05 06:28:00","User B","Business user","Element 1",Select,"No authorization",TRUE
2749,5630,1,"2016-10-05 06:57:00","User B","Business user","Element 1",Select,"No authorization",TRUE
2750,5630,9,"2016-10-05 06:57:00","User B","Business user","Element 1",Select,"No authorization",TRUE
2751,5630,11,"2016-10-05 06:57:00","User B","Business user","Element 1",Select,"No authorization",TRUE
2752,5630,15,"2016-10-05 06:57:00","User B","Business user","Element 1",Select,"No authorization",TRUE
2753,5641,1,"2016-10-05 09:35:00","User B","Business user","Element 1",Select,"No authorization",TRUE
2754,5641,9,"2016-10-05 09:35:00","User B","Business user","Element 1",Select,"No authorization",TRUE
2755,5641,11,"2016-10-05 09:35:00","User B","Business user","Element 1",Select,"No authorization",TRUE
2756,5641,15,"2016-10-05 09:35:00","User B","Business user","Element 1",Select,"No authorization",TRUE
2757,5643,1,"2016-10-05 10:04:00","User B","Business user","Element 1",Select,"No authorization",TRUE
2758,5643,9,"2016-10-05 10:04:00","User B","Business user","Element 1",Select,"No authorization",TRUE
2759,5643,11,"2016-10-05 10:04:00","User B","Business user","Element 1",Select,"No authorization",TRUE
2760,5643,15,"2016-10-05 10:04:00","User B","Business user","Element 1",Select,"No authorization",TRUE
2761,5656,1,"2016-10-06 01:11:00","User B","Business user","Element 1",Select,"No authorization",TRUE
2762,5656,9,"2016-10-06 01:11:00","User B","Business user","Element 1",Select,"No authorization",TRUE
2763,5656,11,"2016-10-06 01:11:00","User B","Business user","Element 1",Select,"No authorization",TRUE
2764,5656,15,"2016-10-06 01:11:00","User B","Business user","Element 1",Select,"No authorization",TRUE
2765,5695,1,"2016-10-06 10:33:00","User B","Business user","Element 1",Select,"No authorization",TRUE
2766,5695,9,"2016-10-06 10:33:00","User B","Business user","Element 1",Select,"No authorization",TRUE
2767,5695,11,"2016-10-06 10:33:00","User B","Business user","Element 1",Select,"No authorization",TRUE
2768,5695,15,"2016-10-06 10:33:00","User B","Business user","Element 1",Select,"No authorization",TRUE
2769,5705,3,"2016-10-06 12:57:00","User B","Business user","Table 1",Select,"No authorization",TRUE
2770,5705,11,"2016-10-06 12:57:00","User B","Business user","Table 1",Select,"No authorization",TRUE
2771,5705,13,"2016-10-06 12:57:00","User B","Business user","Table 1",Select,"No authorization",TRUE
2772,5705,15,"2016-10-06 12:57:00","User B","Business user","Table 1",Select,"No authorization",TRUE
2773,5720,3,"2016-10-06 04:33:00","User B","Business user","Table 1",Select,"No authorization",TRUE
2774,5720,11,"2016-10-06 04:33:00","User B","Business user","Table 1",Select,"No authorization",TRUE
2775,5720,13,"2016-10-06 04:33:00","User B","Business user","Table 1",Select,"No authorization",TRUE
2776,5720,15,"2016-10-06 04:33:00","User B","Business user","Table 1",Select,"No authorization",TRUE
2777,5721,3,"2016-10-06 04:47:00","User B","Business user","Table 1",Select,"No authorization",TRUE
2778,5721,11,"2016-10-06 04:47:00","User B","Business user","Table 1",Select,"No authorization",TRUE
2779,5721,13,"2016-10-06 04:47:00","User B","Business user","Table 1",Select,"No authorization",TRUE
2780,5721,15,"2016-10-06 04:47:00","User B","Business user","Table 1",Select,"No authorization",TRUE
2781,5722,3,"2016-10-06 05:02:00","User B","Business user","Table 1",Select,"No authorization",TRUE
2782,5722,11,"2016-10-06 05:02:00","User B","Business user","Table 1",Select,"No authorization",TRUE
2783,5722,13,"2016-10-06 05:02:00","User B","Business user","Table 1",Select,"No authorization",TRUE
2784,5722,15,"2016-10-06 05:02:00","User B","Business user","Table 1",Select,"No authorization",TRUE
2785,5727,5,"2016-10-06 06:14:00","User A",Analyst,"Element 2",Select,"No authorization",TRUE
2786,5727,9,"2016-10-06 06:14:00","User A",Analyst,"Element 2",Select,"No authorization",TRUE
2787,5727,11,"2016-10-06 06:14:00","User A",Analyst,"Element 2",Select,"No authorization",TRUE
2788,5727,13,"2016-10-06 06:14:00","User A",Analyst,"Element 2",Select,"No authorization",TRUE
2789,5728,5,"2016-10-06 06:28:00","User A",Analyst,"Element 2",Select,"No authorization",TRUE
2790,5728,9,"2016-10-06 06:28:00","User A",Analyst,"Element 2",Select,"No authorization",TRUE
2791,5728,11,"2016-10-06 06:28:00","User A",Analyst,"Element 2",Select,"No authorization",TRUE
2792,5728,13,"2016-10-06 06:28:00","User A",Analyst,"Element 2",Select,"No authorization",TRUE
2793,5729,5,"2016-10-06 06:43:00","User A",Analyst,"Element 2",Select,"No authorization",TRUE
2794,5729,9,"2016-10-06 06:43:00","User A",Analyst,"Element 2",Select,"No authorization",TRUE
2795,5729,11,"2016-10-06 06:43:00","User A",Analyst,"Element 2",Select,"No authorization",TRUE
2796,5729,13,"2016-10-06 06:43:00","User A",Analyst,"Element 2",Select,"No authorization",TRUE
2797,5730,6,"2016-10-06 06:57:00","User A",Analyst,"Element 3",Append,"No authorization",TRUE
2798,5730,8,"2016-10-06 06:57:00","User A",Analyst,"Element 3",Append,"No authorization",TRUE
2799,5730,10,"2016-10-06 06:57:00","User A",Analyst,"Element 3",Append,"No authorization",TRUE
2800,5730,12,"2016-10-06 06:57:00","User A",Analyst,"Element 3",Append,"No authorization",TRUE
2801,5730,14,"2016-10-06 06:57:00","User A",Analyst,"Element 3",Append,"No authorization",TRUE
2802,5730,16,"2016-10-06 06:57:00","User A",Analyst,"Element 3",Append,"No authorization",TRUE
2803,5748,1,"2016-10-06 11:16:00","User B","Business user","Element 1",Select,"No authorization",TRUE
2804,5748,9,"2016-10-06 11:16:00","User B","Business user","Element 1",Select,"No authorization",TRUE
2805,5748,11,"2016-10-06 11:16:00","User B","Business user","Element 1",Select,"No authorization",TRUE
2806,5748,15,"2016-10-06 11:16:00","User B","Business user","Element 1",Select,"No authorization",TRUE
2807,5750,1,"2016-10-06 11:45:00","User B","Business user","Element 1",Select,"No authorization",TRUE
2808,5750,9,"2016-10-06 11:45:00","User B","Business user","Element 1",Select,"No authorization",TRUE
2809,5750,11,"2016-10-06 11:45:00","User B","Business user","Element 1",Select,"No authorization",TRUE
2810,5750,15,"2016-10-06 11:45:00","User B","Business user","Element 1",Select,"No authorization",TRUE
2811,5761,1,"2016-10-07 02:23:00","User B","Business user","Element 1",Select,"No authorization",TRUE
2812,5761,9,"2016-10-07 02:23:00","User B","Business user","Element 1",Select,"No authorization",TRUE
2813,5761,11,"2016-10-07 02:23:00","User B","Business user","Element 1",Select,"No authorization",TRUE
2814,5761,15,"2016-10-07 02:23:00","User B","Business user","Element 1",Select,"No authorization",TRUE
2815,5763,1,"2016-10-07 02:52:00","User B","Business user","Element 1",Select,"No authorization",TRUE
2816,5763,9,"2016-10-07 02:52:00","User B","Business user","Element 1",Select,"No authorization",TRUE
2817,5763,11,"2016-10-07 02:52:00","User B","Business user","Element 1",Select,"No authorization",TRUE
2818,5763,15,"2016-10-07 02:52:00","User B","Business user","Element 1",Select,"No authorization",TRUE
2819,5776,1,"2016-10-07 05:59:00","User B","Business user","Element 1",Select,"No authorization",TRUE
2820,5776,9,"2016-10-07 05:59:00","User B","Business user","Element 1",Select,"No authorization",TRUE
2821,5776,11,"2016-10-07 05:59:00","User B","Business user","Element 1",Select,"No authorization",TRUE
2822,5776,15,"2016-10-07 05:59:00","User B","Business user","Element 1",Select,"No authorization",TRUE
2823,5815,1,"2016-10-07 03:21:00","User B","Business user","Element 1",Select,"No authorization",TRUE
2824,5815,9,"2016-10-07 03:21:00","User B","Business user","Element 1",Select,"No authorization",TRUE
2825,5815,11,"2016-10-07 03:21:00","User B","Business user","Element 1",Select,"No authorization",TRUE
2826,5815,15,"2016-10-07 03:21:00","User B","Business user","Element 1",Select,"No authorization",TRUE
2827,5825,3,"2016-10-07 05:45:00","User B","Business user","Table 1",Select,"No authorization",TRUE
2828,5825,11,"2016-10-07 05:45:00","User B","Business user","Table 1",Select,"No authorization",TRUE
2829,5825,13,"2016-10-07 05:45:00","User B","Business user","Table 1",Select,"No authorization",TRUE
2830,5825,15,"2016-10-07 05:45:00","User B","Business user","Table 1",Select,"No authorization",TRUE
2831,5840,3,"2016-10-07 09:21:00","User B","Business user","Table 1",Select,"No authorization",TRUE
2832,5840,11,"2016-10-07 09:21:00","User B","Business user","Table 1",Select,"No authorization",TRUE
2833,5840,13,"2016-10-07 09:21:00","User B","Business user","Table 1",Select,"No authorization",TRUE
2834,5840,15,"2016-10-07 09:21:00","User B","Business user","Table 1",Select,"No authorization",TRUE
2835,5841,3,"2016-10-07 09:35:00","User B","Business user","Table 1",Select,"No authorization",TRUE
2836,5841,11,"2016-10-07 09:35:00","User B","Business user","Table 1",Select,"No authorization",TRUE
2837,5841,13,"2016-10-07 09:35:00","User B","Business user","Table 1",Select,"No authorization",TRUE
2838,5841,15,"2016-10-07 09:35:00","User B","Business user","Table 1",Select,"No authorization",TRUE
2839,5842,3,"2016-10-07 09:50:00","User B","Business user","Table 1",Select,"No authorization",TRUE
2840,5842,11,"2016-10-07 09:50:00","User B","Business user","Table 1",Select,"No authorization",TRUE
2841,5842,13,"2016-10-07 09:50:00","User B","Business user","Table 1",Select,"No authorization",TRUE
2842,5842,15,"2016-10-07 09:50:00","User B","Business user","Table 1",Select,"No authorization",TRUE
2843,5847,5,"2016-10-07 11:02:00","User A",Analyst,"Element 2",Select,"No authorization",TRUE
2844,5847,9,"2016-10-07 11:02:00","User A",Analyst,"Element 2",Select,"No authorization",TRUE
2845,5847,11,"2016-10-07 11:02:00","User A",Analyst,"Element 2",Select,"No authorization",TRUE
2846,5847,13,"2016-10-07 11:02:00","User A",Analyst,"Element 2",Select,"No authorization",TRUE
2847,5848,5,"2016-10-07 11:16:00","User A",Analyst,"Element 2",Select,"No authorization",TRUE
2848,5848,9,"2016-10-07 11:16:00","User A",Analyst,"Element 2",Select,"No authorization",TRUE
2849,5848,11,"2016-10-07 11:16:00","User A",Analyst,"Element 2",Select,"No authorization",TRUE
2850,5848,13,"2016-10-07 11:16:00","User A",Analyst,"Element 2",Select,"No authorization",TRUE
2851,5849,5,"2016-10-07 11:31:00","User A",Analyst,"Element 2",Select,"No authorization",TRUE
2852,5849,9,"2016-10-07 11:31:00","User A",Analyst,"Element 2",Select,"No authorization",TRUE
2853,5849,11,"2016-10-07 11:31:00","User A",Analyst,"Element 2",Select,"No authorization",TRUE
2854,5849,13,"2016-10-07 11:31:00","User A",Analyst,"Element 2",Select,"No authorization",TRUE
2855,5850,6,"2016-10-07 11:45:00","User A",Analyst,"Element 3",Append,"No authorization",TRUE
2856,5850,8,"2016-10-07 11:45:00","User A",Analyst,"Element 3",Append,"No authorization",TRUE
2857,5850,10,"2016-10-07 11:45:00","User A",Analyst,"Element 3",Append,"No authorization",TRUE
2858,5850,12,"2016-10-07 11:45:00","User A",Analyst,"Element 3",Append,"No authorization",TRUE
2859,5850,14,"2016-10-07 11:45:00","User A",Analyst,"Element 3",Append,"No authorization",TRUE
2860,5850,16,"2016-10-07 11:45:00","User A",Analyst,"Element 3",Append,"No authorization",TRUE
2861,5868,1,"2016-10-08 04:04:00","User B","Business user","Element 1",Select,"No authorization",TRUE
2862,5868,9,"2016-10-08 04:04:00","User B","Business user","Element 1",Select,"No authorization",TRUE
2863,5868,11,"2016-10-08 04:04:00","User B","Business user","Element 1",Select,"No authorization",TRUE
2864,5868,15,"2016-10-08 04:04:00","User B","Business user","Element 1",Select,"No authorization",TRUE
2865,5870,1,"2016-10-08 04:33:00","User B","Business user","Element 1",Select,"No authorization",TRUE
2866,5870,9,"2016-10-08 04:33:00","User B","Business user","Element 1",Select,"No authorization",TRUE
2867,5870,11,"2016-10-08 04:33:00","User B","Business user","Element 1",Select,"No authorization",TRUE
2868,5870,15,"2016-10-08 04:33:00","User B","Business user","Element 1",Select,"No authorization",TRUE
2869,5881,1,"2016-10-08 07:11:00","User B","Business user","Element 1",Select,"No authorization",TRUE
2870,5881,9,"2016-10-08 07:11:00","User B","Business user","Element 1",Select,"No authorization",TRUE
2871,5881,11,"2016-10-08 07:11:00","User B","Business user","Element 1",Select,"No authorization",TRUE
2872,5881,15,"2016-10-08 07:11:00","User B","Business user","Element 1",Select,"No authorization",TRUE
2873,5883,1,"2016-10-08 07:40:00","User B","Business user","Element 1",Select,"No authorization",TRUE
2874,5883,9,"2016-10-08 07:40:00","User B","Business user","Element 1",Select,"No authorization",TRUE
2875,5883,11,"2016-10-08 07:40:00","User B","Business user","Element 1",Select,"No authorization",TRUE
2876,5883,15,"2016-10-08 07:40:00","User B","Business user","Element 1",Select,"No authorization",TRUE
2877,5896,1,"2016-10-08 10:47:00","User B","Business user","Element 1",Select,"No authorization",TRUE
2878,5896,9,"2016-10-08 10:47:00","User B","Business user","Element 1",Select,"No authorization",TRUE
2879,5896,11,"2016-10-08 10:47:00","User B","Business user","Element 1",Select,"No authorization",TRUE
2880,5896,15,"2016-10-08 10:47:00","User B","Business user","Element 1",Select,"No authorization",TRUE
2881,5935,1,"2016-10-08 08:09:00","User B","Business user","Element 1",Select,"No authorization",TRUE
2882,5935,9,"2016-10-08 08:09:00","User B","Business user","Element 1",Select,"No authorization",TRUE
2883,5935,11,"2016-10-08 08:09:00","User B","Business user","Element 1",Select,"No authorization",TRUE
2884,5935,15,"2016-10-08 08:09:00","User B","Business user","Element 1",Select,"No authorization",TRUE
2885,5945,3,"2016-10-08 10:33:00","User B","Business user","Table 1",Select,"No authorization",TRUE
2886,5945,11,"2016-10-08 10:33:00","User B","Business user","Table 1",Select,"No authorization",TRUE
2887,5945,13,"2016-10-08 10:33:00","User B","Business user","Table 1",Select,"No authorization",TRUE
2888,5945,15,"2016-10-08 10:33:00","User B","Business user","Table 1",Select,"No authorization",TRUE
2889,5960,3,"2016-10-09 02:09:00","User B","Business user","Table 1",Select,"No authorization",TRUE
2890,5960,11,"2016-10-09 02:09:00","User B","Business user","Table 1",Select,"No authorization",TRUE
2891,5960,13,"2016-10-09 02:09:00","User B","Business user","Table 1",Select,"No authorization",TRUE
2892,5960,15,"2016-10-09 02:09:00","User B","Business user","Table 1",Select,"No authorization",TRUE
2893,5961,3,"2016-10-09 02:23:00","User B","Business user","Table 1",Select,"No authorization",TRUE
2894,5961,11,"2016-10-09 02:23:00","User B","Business user","Table 1",Select,"No authorization",TRUE
2895,5961,13,"2016-10-09 02:23:00","User B","Business user","Table 1",Select,"No authorization",TRUE
2896,5961,15,"2016-10-09 02:23:00","User B","Business user","Table 1",Select,"No authorization",TRUE
2897,5962,3,"2016-10-09 02:38:00","User B","Business user","Table 1",Select,"No authorization",TRUE
2898,5962,11,"2016-10-09 02:38:00","User B","Business user","Table 1",Select,"No authorization",TRUE
2899,5962,13,"2016-10-09 02:38:00","User B","Business user","Table 1",Select,"No authorization",TRUE
2900,5962,15,"2016-10-09 02:38:00","User B","Business user","Table 1",Select,"No authorization",TRUE
2901,5966,5,"2016-10-09 03:35:00","User A",Analyst,"Element 2",Select,"No authorization",TRUE
2902,5966,9,"2016-10-09 03:35:00","User A",Analyst,"Element 2",Select,"No authorization",TRUE
2903,5966,11,"2016-10-09 03:35:00","User A",Analyst,"Element 2",Select,"No authorization",TRUE
2904,5966,13,"2016-10-09 03:35:00","User A",Analyst,"Element 2",Select,"No authorization",TRUE
2905,5967,5,"2016-10-09 03:50:00","User A",Analyst,"Element 2",Select,"No authorization",TRUE
2906,5967,9,"2016-10-09 03:50:00","User A",Analyst,"Element 2",Select,"No authorization",TRUE
2907,5967,11,"2016-10-09 03:50:00","User A",Analyst,"Element 2",Select,"No authorization",TRUE
2908,5967,13,"2016-10-09 03:50:00","User A",Analyst,"Element 2",Select,"No authorization",TRUE
2909,5968,5,"2016-10-09 04:04:00","User A",Analyst,"Element 2",Select,"No authorization",TRUE
2910,5968,9,"2016-10-09 04:04:00","User A",Analyst,"Element 2",Select,"No authorization",TRUE
2911,5968,11,"2016-10-09 04:04:00","User A",Analyst,"Element 2",Select,"No authorization",TRUE
2912,5968,13,"2016-10-09 04:04:00","User A",Analyst,"Element 2",Select,"No authorization",TRUE
2913,5969,6,"2016-10-09 04:19:00","User A",Analyst,"Element 3",Append,"No authorization",TRUE
2914,5969,8,"2016-10-09 04:19:00","User A",Analyst,"Element 3",Append,"No authorization",TRUE
2915,5969,10,"2016-10-09 04:19:00","User A",Analyst,"Element 3",Append,"No authorization",TRUE
2916,5969,12,"2016-10-09 04:19:00","User A",Analyst,"Element 3",Append,"No authorization",TRUE
2917,5969,14,"2016-10-09 04:19:00","User A",Analyst,"Element 3",Append,"No authorization",TRUE
2918,5969,16,"2016-10-09 04:19:00","User A",Analyst,"Element 3",Append,"No authorization",TRUE
2919,5987,1,"2016-10-09 08:38:00","User B","Business user","Element 1",Select,"No authorization",TRUE
2920,5987,9,"2016-10-09 08:38:00","User B","Business user","Element 1",Select,"No authorization",TRUE
2921,5987,11,"2016-10-09 08:38:00","User B","Business user","Element 1",Select,"No authorization",TRUE
2922,5987,15,"2016-10-09 08:38:00","User B","Business user","Element 1",Select,"No authorization",TRUE
2923,5989,1,"2016-10-09 09:07:00","User B","Business user","Element 1",Select,"No authorization",TRUE
2924,5989,9,"2016-10-09 09:07:00","User B","Business user","Element 1",Select,"No authorization",TRUE
2925,5989,11,"2016-10-09 09:07:00","User B","Business user","Element 1",Select,"No authorization",TRUE
2926,5989,15,"2016-10-09 09:07:00","User B","Business user","Element 1",Select,"No authorization",TRUE
2927,6000,1,"2016-10-09 11:45:00","User B","Business user","Element 1",Select,"No authorization",TRUE
2928,6000,9,"2016-10-09 11:45:00","User B","Business user","Element 1",Select,"No authorization",TRUE
2929,6000,11,"2016-10-09 11:45:00","User B","Business user","Element 1",Select,"No authorization",TRUE
2930,6000,15,"2016-10-09 11:45:00","User B","Business user","Element 1",Select,"No authorization",TRUE
2931,6002,1,"2016-10-09 12:14:00","User B","Business user","Element 1",Select,"No authorization",TRUE
2932,6002,9,"2016-10-09 12:14:00","User B","Business user","Element 1",Select,"No authorization",TRUE
2933,6002,11,"2016-10-09 12:14:00","User B","Business user","Element 1",Select,"No authorization",TRUE
2934,6002,15,"2016-10-09 12:14:00","User B","Business user","Element 1",Select,"No authorization",TRUE
2935,6015,1,"2016-10-09 03:21:00","User B","Business user","Element 1",Select,"No authorization",TRUE
2936,6015,9,"2016-10-09 03:21:00","User B","Business user","Element 1",Select,"No authorization",TRUE
2937,6015,11,"2016-10-09 03:21:00","User B","Business user","Element 1",Select,"No authorization",TRUE
2938,6015,15,"2016-10-09 03:21:00","User B","Business user","Element 1",Select,"No authorization",TRUE
2939,6054,1,"2016-10-10 12:43:00","User B","Business user","Element 1",Select,"No authorization",TRUE
2940,6054,9,"2016-10-10 12:43:00","User B","Business user","Element 1",Select,"No authorization",TRUE
2941,6054,11,"2016-10-10 12:43:00","User B","Business user","Element 1",Select,"No authorization",TRUE
2942,6054,15,"2016-10-10 12:43:00","User B","Business user","Element 1",Select,"No authorization",TRUE
2943,6064,3,"2016-10-10 03:07:00","User B","Business user","Table 1",Select,"No authorization",TRUE
2944,6064,11,"2016-10-10 03:07:00","User B","Business user","Table 1",Select,"No authorization",TRUE
2945,6064,13,"2016-10-10 03:07:00","User B","Business user","Table 1",Select,"No authorization",TRUE
2946,6064,15,"2016-10-10 03:07:00","User B","Business user","Table 1",Select,"No authorization",TRUE
2947,6079,3,"2016-10-10 06:43:00","User B","Business user","Table 1",Select,"No authorization",TRUE
2948,6079,11,"2016-10-10 06:43:00","User B","Business user","Table 1",Select,"No authorization",TRUE
2949,6079,13,"2016-10-10 06:43:00","User B","Business user","Table 1",Select,"No authorization",TRUE
2950,6079,15,"2016-10-10 06:43:00","User B","Business user","Table 1",Select,"No authorization",TRUE
2951,6080,3,"2016-10-10 06:57:00","User B","Business user","Table 1",Select,"No authorization",TRUE
2952,6080,11,"2016-10-10 06:57:00","User B","Business user","Table 1",Select,"No authorization",TRUE
2953,6080,13,"2016-10-10 06:57:00","User B","Business user","Table 1",Select,"No authorization",TRUE
2954,6080,15,"2016-10-10 06:57:00","User B","Business user","Table 1",Select,"No authorization",TRUE
2955,6081,3,"2016-10-10 07:11:00","User B","Business user","Table 1",Select,"No authorization",TRUE
2956,6081,11,"2016-10-10 07:11:00","User B","Business user","Table 1",Select,"No authorization",TRUE
2957,6081,13,"2016-10-10 07:11:00","User B","Business user","Table 1",Select,"No authorization",TRUE
2958,6081,15,"2016-10-10 07:11:00","User B","Business user","Table 1",Select,"No authorization",TRUE
2959,6085,5,"2016-10-10 08:09:00","User A",Analyst,"Element 2",Select,"No authorization",TRUE
2960,6085,9,"2016-10-10 08:09:00","User A",Analyst,"Element 2",Select,"No authorization",TRUE
2961,6085,11,"2016-10-10 08:09:00","User A",Analyst,"Element 2",Select,"No authorization",TRUE
2962,6085,13,"2016-10-10 08:09:00","User A",Analyst,"Element 2",Select,"No authorization",TRUE
2963,6086,5,"2016-10-10 08:23:00","User A",Analyst,"Element 2",Select,"No authorization",TRUE
2964,6086,9,"2016-10-10 08:23:00","User A",Analyst,"Element 2",Select,"No authorization",TRUE
2965,6086,11,"2016-10-10 08:23:00","User A",Analyst,"Element 2",Select,"No authorization",TRUE
2966,6086,13,"2016-10-10 08:23:00","User A",Analyst,"Element 2",Select,"No authorization",TRUE
2967,6087,5,"2016-10-10 08:38:00","User A",Analyst,"Element 2",Select,"No authorization",TRUE
2968,6087,9,"2016-10-10 08:38:00","User A",Analyst,"Element 2",Select,"No authorization",TRUE
2969,6087,11,"2016-10-10 08:38:00","User A",Analyst,"Element 2",Select,"No authorization",TRUE
2970,6087,13,"2016-10-10 08:38:00","User A",Analyst,"Element 2",Select,"No authorization",TRUE
2971,6088,6,"2016-10-10 08:52:00","User A",Analyst,"Element 3",Append,"No authorization",TRUE
2972,6088,8,"2016-10-10 08:52:00","User A",Analyst,"Element 3",Append,"No authorization",TRUE
2973,6088,10,"2016-10-10 08:52:00","User A",Analyst,"Element 3",Append,"No authorization",TRUE
2974,6088,12,"2016-10-10 08:52:00","User A",Analyst,"Element 3",Append,"No authorization",TRUE
2975,6088,14,"2016-10-10 08:52:00","User A",Analyst,"Element 3",Append,"No authorization",TRUE
2976,6088,16,"2016-10-10 08:52:00","User A",Analyst,"Element 3",Append,"No authorization",TRUE
2977,6106,1,"2016-10-10 01:11:00","User B","Business user","Element 1",Select,"No authorization",TRUE
2978,6106,9,"2016-10-10 01:11:00","User B","Business user","Element 1",Select,"No authorization",TRUE
2979,6106,11,"2016-10-10 01:11:00","User B","Business user","Element 1",Select,"No authorization",TRUE
2980,6106,15,"2016-10-10 01:11:00","User B","Business user","Element 1",Select,"No authorization",TRUE
2981,6108,1,"2016-10-10 01:40:00","User B","Business user","Element 1",Select,"No authorization",TRUE
2982,6108,9,"2016-10-10 01:40:00","User B","Business user","Element 1",Select,"No authorization",TRUE
2983,6108,11,"2016-10-10 01:40:00","User B","Business user","Element 1",Select,"No authorization",TRUE
2984,6108,15,"2016-10-10 01:40:00","User B","Business user","Element 1",Select,"No authorization",TRUE
2985,6119,1,"2016-10-10 04:19:00","User B","Business user","Element 1",Select,"No authorization",TRUE
2986,6119,9,"2016-10-10 04:19:00","User B","Business user","Element 1",Select,"No authorization",TRUE
2987,6119,11,"2016-10-10 04:19:00","User B","Business user","Element 1",Select,"No authorization",TRUE
2988,6119,15,"2016-10-10 04:19:00","User B","Business user","Element 1",Select,"No authorization",TRUE
2989,6121,1,"2016-10-10 04:47:00","User B","Business user","Element 1",Select,"No authorization",TRUE
2990,6121,9,"2016-10-10 04:47:00","User B","Business user","Element 1",Select,"No authorization",TRUE
2991,6121,11,"2016-10-10 04:47:00","User B","Business user","Element 1",Select,"No authorization",TRUE
2992,6121,15,"2016-10-10 04:47:00","User B","Business user","Element 1",Select,"No authorization",TRUE
2993,6134,1,"2016-10-10 07:55:00","User B","Business user","Element 1",Select,"No authorization",TRUE
2994,6134,9,"2016-10-10 07:55:00","User B","Business user","Element 1",Select,"No authorization",TRUE
2995,6134,11,"2016-10-10 07:55:00","User B","Business user","Element 1",Select,"No authorization",TRUE
2996,6134,15,"2016-10-10 07:55:00","User B","Business user","Element 1",Select,"No authorization",TRUE
2997,6173,1,"2016-10-11 05:16:00","User B","Business user","Element 1",Select,"No authorization",TRUE
2998,6173,9,"2016-10-11 05:16:00","User B","Business user","Element 1",Select,"No authorization",TRUE
2999,6173,11,"2016-10-11 05:16:00","User B","Business user","Element 1",Select,"No authorization",TRUE
3000,6173,15,"2016-10-11 05:16:00","User B","Business user","Element 1",Select,"No authorization",TRUE
