d_id,m_id,ar_id,time,requestor,role,component,request_type,violation_type,score
3001,6183,3,"2016-10-11 07:40:00","User B","Business user","Table 1",Select,"No authorization",TRUE
3002,6183,11,"2016-10-11 07:40:00","User B","Business user","Table 1",Select,"No authorization",TRUE
3003,6183,13,"2016-10-11 07:40:00","User B","Business user","Table 1",Select,"No authorization",TRUE
3004,6183,15,"2016-10-11 07:40:00","User B","Business user","Table 1",Select,"No authorization",TRUE
3005,6198,3,"2016-10-11 11:16:00","User B","Business user","Table 1",Select,"No authorization",TRUE
3006,6198,11,"2016-10-11 11:16:00","User B","Business user","Table 1",Select,"No authorization",TRUE
3007,6198,13,"2016-10-11 11:16:00","User B","Business user","Table 1",Select,"No authorization",TRUE
3008,6198,15,"2016-10-11 11:16:00","User B","Business user","Table 1",Select,"No authorization",TRUE
3009,6199,3,"2016-10-11 11:31:00","User B","Business user","Table 1",Select,"No authorization",TRUE
3010,6199,11,"2016-10-11 11:31:00","User B","Business user","Table 1",Select,"No authorization",TRUE
3011,6199,13,"2016-10-11 11:31:00","User B","Business user","Table 1",Select,"No authorization",TRUE
3012,6199,15,"2016-10-11 11:31:00","User B","Business user","Table 1",Select,"No authorization",TRUE
3013,6200,3,"2016-10-11 11:45:00","User B","Business user","Table 1",Select,"No authorization",TRUE
3014,6200,11,"2016-10-11 11:45:00","User B","Business user","Table 1",Select,"No authorization",TRUE
3015,6200,13,"2016-10-11 11:45:00","User B","Business user","Table 1",Select,"No authorization",TRUE
3016,6200,15,"2016-10-11 11:45:00","User B","Business user","Table 1",Select,"No authorization",TRUE
3017,6204,5,"2016-10-11 12:43:00","User A",Analyst,"Element 2",Select,"No authorization",TRUE
3018,6204,9,"2016-10-11 12:43:00","User A",Analyst,"Element 2",Select,"No authorization",TRUE
3019,6204,11,"2016-10-11 12:43:00","User A",Analyst,"Element 2",Select,"No authorization",TRUE
3020,6204,13,"2016-10-11 12:43:00","User A",Analyst,"Element 2",Select,"No authorization",TRUE
3021,6205,5,"2016-10-11 12:57:00","User A",Analyst,"Element 2",Select,"No authorization",TRUE
3022,6205,9,"2016-10-11 12:57:00","User A",Analyst,"Element 2",Select,"No authorization",TRUE
3023,6205,11,"2016-10-11 12:57:00","User A",Analyst,"Element 2",Select,"No authorization",TRUE
3024,6205,13,"2016-10-11 12:57:00","User A",Analyst,"Element 2",Select,"No authorization",TRUE
3025,6206,5,"2016-10-11 01:11:00","User A",Analyst,"Element 2",Select,"No authorization",TRUE
3026,6206,9,"2016-10-11 01:11:00","User A",Analyst,"Element 2",Select,"No authorization",TRUE
3027,6206,11,"2016-10-11 01:11:00","User A",Analyst,"Element 2",Select,"No authorization",TRUE
3028,6206,13,"2016-10-11 01:11:00","User A",Analyst,"Element 2",Select,"No authorization",TRUE
3029,6207,6,"2016-10-11 01:26:00","User A",Analyst,"Element 3",Append,"No authorization",TRUE
3030,6207,8,"2016-10-11 01:26:00","User A",Analyst,"Element 3",Append,"No authorization",TRUE
3031,6207,10,"2016-10-11 01:26:00","User A",Analyst,"Element 3",Append,"No authorization",TRUE
3032,6207,12,"2016-10-11 01:26:00","User A",Analyst,"Element 3",Append,"No authorization",TRUE
3033,6207,14,"2016-10-11 01:26:00","User A",Analyst,"Element 3",Append,"No authorization",TRUE
3034,6207,16,"2016-10-11 01:26:00","User A",Analyst,"Element 3",Append,"No authorization",TRUE
3035,6225,1,"2016-10-11 05:45:00","User B","Business user","Element 1",Select,"No authorization",TRUE
3036,6225,9,"2016-10-11 05:45:00","User B","Business user","Element 1",Select,"No authorization",TRUE
3037,6225,11,"2016-10-11 05:45:00","User B","Business user","Element 1",Select,"No authorization",TRUE
3038,6225,15,"2016-10-11 05:45:00","User B","Business user","Element 1",Select,"No authorization",TRUE
3039,6227,1,"2016-10-11 06:14:00","User B","Business user","Element 1",Select,"No authorization",TRUE
3040,6227,9,"2016-10-11 06:14:00","User B","Business user","Element 1",Select,"No authorization",TRUE
3041,6227,11,"2016-10-11 06:14:00","User B","Business user","Element 1",Select,"No authorization",TRUE
3042,6227,15,"2016-10-11 06:14:00","User B","Business user","Element 1",Select,"No authorization",TRUE
3043,6238,1,"2016-10-11 08:52:00","User B","Business user","Element 1",Select,"No authorization",TRUE
3044,6238,9,"2016-10-11 08:52:00","User B","Business user","Element 1",Select,"No authorization",TRUE
3045,6238,11,"2016-10-11 08:52:00","User B","Business user","Element 1",Select,"No authorization",TRUE
3046,6238,15,"2016-10-11 08:52:00","User B","Business user","Element 1",Select,"No authorization",TRUE
3047,6240,1,"2016-10-11 09:21:00","User B","Business user","Element 1",Select,"No authorization",TRUE
3048,6240,9,"2016-10-11 09:21:00","User B","Business user","Element 1",Select,"No authorization",TRUE
3049,6240,11,"2016-10-11 09:21:00","User B","Business user","Element 1",Select,"No authorization",TRUE
3050,6240,15,"2016-10-11 09:21:00","User B","Business user","Element 1",Select,"No authorization",TRUE
3051,6253,1,"2016-10-12 12:28:00","User B","Business user","Element 1",Select,"No authorization",TRUE
3052,6253,9,"2016-10-12 12:28:00","User B","Business user","Element 1",Select,"No authorization",TRUE
3053,6253,11,"2016-10-12 12:28:00","User B","Business user","Element 1",Select,"No authorization",TRUE
3054,6253,15,"2016-10-12 12:28:00","User B","Business user","Element 1",Select,"No authorization",TRUE
3055,6292,1,"2016-10-12 09:50:00","User B","Business user","Element 1",Select,"No authorization",TRUE
3056,6292,9,"2016-10-12 09:50:00","User B","Business user","Element 1",Select,"No authorization",TRUE
3057,6292,11,"2016-10-12 09:50:00","User B","Business user","Element 1",Select,"No authorization",TRUE
3058,6292,15,"2016-10-12 09:50:00","User B","Business user","Element 1",Select,"No authorization",TRUE
3059,6302,3,"2016-10-12 12:14:00","User B","Business user","Table 1",Select,"No authorization",TRUE
3060,6302,11,"2016-10-12 12:14:00","User B","Business user","Table 1",Select,"No authorization",TRUE
3061,6302,13,"2016-10-12 12:14:00","User B","Business user","Table 1",Select,"No authorization",TRUE
3062,6302,15,"2016-10-12 12:14:00","User B","Business user","Table 1",Select,"No authorization",TRUE
3063,6317,3,"2016-10-12 03:50:00","User B","Business user","Table 1",Select,"No authorization",TRUE
3064,6317,11,"2016-10-12 03:50:00","User B","Business user","Table 1",Select,"No authorization",TRUE
3065,6317,13,"2016-10-12 03:50:00","User B","Business user","Table 1",Select,"No authorization",TRUE
3066,6317,15,"2016-10-12 03:50:00","User B","Business user","Table 1",Select,"No authorization",TRUE
3067,6318,3,"2016-10-12 04:04:00","User B","Business user","Table 1",Select,"No authorization",TRUE
3068,6318,11,"2016-10-12 04:04:00","User B","Business user","Table 1",Select,"No authorization",TRUE
3069,6318,13,"2016-10-12 04:04:00","User B","Business user","Table 1",Select,"No authorization",TRUE
3070,6318,15,"2016-10-12 04:04:00","User B","Business user","Table 1",Select,"No authorization",TRUE
3071,6319,3,"2016-10-12 04:19:00","User B","Business user","Table 1",Select,"No authorization",TRUE
3072,6319,11,"2016-10-12 04:19:00","User B","Business user","Table 1",Select,"No authorization",TRUE
3073,6319,13,"2016-10-12 04:19:00","User B","Business user","Table 1",Select,"No authorization",TRUE
3074,6319,15,"2016-10-12 04:19:00","User B","Business user","Table 1",Select,"No authorization",TRUE
3075,6323,5,"2016-10-12 05:16:00","User A",Analyst,"Element 2",Select,"No authorization",TRUE
3076,6323,9,"2016-10-12 05:16:00","User A",Analyst,"Element 2",Select,"No authorization",TRUE
3077,6323,11,"2016-10-12 05:16:00","User A",Analyst,"Element 2",Select,"No authorization",TRUE
3078,6323,13,"2016-10-12 05:16:00","User A",Analyst,"Element 2",Select,"No authorization",TRUE
3079,6324,5,"2016-10-12 05:31:00","User A",Analyst,"Element 2",Select,"No authorization",TRUE
3080,6324,9,"2016-10-12 05:31:00","User A",Analyst,"Element 2",Select,"No authorization",TRUE
3081,6324,11,"2016-10-12 05:31:00","User A",Analyst,"Element 2",Select,"No authorization",TRUE
3082,6324,13,"2016-10-12 05:31:00","User A",Analyst,"Element 2",Select,"No authorization",TRUE
3083,6325,5,"2016-10-12 05:45:00","User A",Analyst,"Element 2",Select,"No authorization",TRUE
3084,6325,9,"2016-10-12 05:45:00","User A",Analyst,"Element 2",Select,"No authorization",TRUE
3085,6325,11,"2016-10-12 05:45:00","User A",Analyst,"Element 2",Select,"No authorization",TRUE
3086,6325,13,"2016-10-12 05:45:00","User A",Analyst,"Element 2",Select,"No authorization",TRUE
3087,6326,6,"2016-10-12 05:59:00","User A",Analyst,"Element 3",Append,"No authorization",TRUE
3088,6326,8,"2016-10-12 05:59:00","User A",Analyst,"Element 3",Append,"No authorization",TRUE
3089,6326,10,"2016-10-12 05:59:00","User A",Analyst,"Element 3",Append,"No authorization",TRUE
3090,6326,12,"2016-10-12 05:59:00","User A",Analyst,"Element 3",Append,"No authorization",TRUE
3091,6326,14,"2016-10-12 05:59:00","User A",Analyst,"Element 3",Append,"No authorization",TRUE
3092,6326,16,"2016-10-12 05:59:00","User A",Analyst,"Element 3",Append,"No authorization",TRUE
3093,6344,1,"2016-10-12 10:19:00","User B","Business user","Element 1",Select,"No authorization",TRUE
3094,6344,9,"2016-10-12 10:19:00","User B","Business user","Element 1",Select,"No authorization",TRUE
3095,6344,11,"2016-10-12 10:19:00","User B","Business user","Element 1",Select,"No authorization",TRUE
3096,6344,15,"2016-10-12 10:19:00","User B","Business user","Element 1",Select,"No authorization",TRUE
3097,6346,1,"2016-10-12 10:47:00","User B","Business user","Element 1",Select,"No authorization",TRUE
3098,6346,9,"2016-10-12 10:47:00","User B","Business user","Element 1",Select,"No authorization",TRUE
3099,6346,11,"2016-10-12 10:47:00","User B","Business user","Element 1",Select,"No authorization",TRUE
3100,6346,15,"2016-10-12 10:47:00","User B","Business user","Element 1",Select,"No authorization",TRUE
3101,6357,1,"2016-10-13 01:26:00","User B","Business user","Element 1",Select,"No authorization",TRUE
3102,6357,9,"2016-10-13 01:26:00","User B","Business user","Element 1",Select,"No authorization",TRUE
3103,6357,11,"2016-10-13 01:26:00","User B","Business user","Element 1",Select,"No authorization",TRUE
3104,6357,15,"2016-10-13 01:26:00","User B","Business user","Element 1",Select,"No authorization",TRUE
3105,6359,1,"2016-10-13 01:55:00","User B","Business user","Element 1",Select,"No authorization",TRUE
3106,6359,9,"2016-10-13 01:55:00","User B","Business user","Element 1",Select,"No authorization",TRUE
3107,6359,11,"2016-10-13 01:55:00","User B","Business user","Element 1",Select,"No authorization",TRUE
3108,6359,15,"2016-10-13 01:55:00","User B","Business user","Element 1",Select,"No authorization",TRUE
3109,6372,1,"2016-10-13 05:02:00","User B","Business user","Element 1",Select,"No authorization",TRUE
3110,6372,9,"2016-10-13 05:02:00","User B","Business user","Element 1",Select,"No authorization",TRUE
3111,6372,11,"2016-10-13 05:02:00","User B","Business user","Element 1",Select,"No authorization",TRUE
3112,6372,15,"2016-10-13 05:02:00","User B","Business user","Element 1",Select,"No authorization",TRUE
3113,6411,1,"2016-10-13 02:23:00","User B","Business user","Element 1",Select,"No authorization",TRUE
3114,6411,9,"2016-10-13 02:23:00","User B","Business user","Element 1",Select,"No authorization",TRUE
3115,6411,11,"2016-10-13 02:23:00","User B","Business user","Element 1",Select,"No authorization",TRUE
3116,6411,15,"2016-10-13 02:23:00","User B","Business user","Element 1",Select,"No authorization",TRUE
3117,6421,3,"2016-10-13 04:47:00","User B","Business user","Table 1",Select,"No authorization",TRUE
3118,6421,11,"2016-10-13 04:47:00","User B","Business user","Table 1",Select,"No authorization",TRUE
3119,6421,13,"2016-10-13 04:47:00","User B","Business user","Table 1",Select,"No authorization",TRUE
3120,6421,15,"2016-10-13 04:47:00","User B","Business user","Table 1",Select,"No authorization",TRUE
3121,6436,3,"2016-10-13 08:23:00","User B","Business user","Table 1",Select,"No authorization",TRUE
3122,6436,11,"2016-10-13 08:23:00","User B","Business user","Table 1",Select,"No authorization",TRUE
3123,6436,13,"2016-10-13 08:23:00","User B","Business user","Table 1",Select,"No authorization",TRUE
3124,6436,15,"2016-10-13 08:23:00","User B","Business user","Table 1",Select,"No authorization",TRUE
3125,6437,3,"2016-10-13 08:38:00","User B","Business user","Table 1",Select,"No authorization",TRUE
3126,6437,11,"2016-10-13 08:38:00","User B","Business user","Table 1",Select,"No authorization",TRUE
3127,6437,13,"2016-10-13 08:38:00","User B","Business user","Table 1",Select,"No authorization",TRUE
3128,6437,15,"2016-10-13 08:38:00","User B","Business user","Table 1",Select,"No authorization",TRUE
3129,6438,3,"2016-10-13 08:52:00","User B","Business user","Table 1",Select,"No authorization",TRUE
3130,6438,11,"2016-10-13 08:52:00","User B","Business user","Table 1",Select,"No authorization",TRUE
3131,6438,13,"2016-10-13 08:52:00","User B","Business user","Table 1",Select,"No authorization",TRUE
3132,6438,15,"2016-10-13 08:52:00","User B","Business user","Table 1",Select,"No authorization",TRUE
3133,6442,5,"2016-10-13 09:50:00","User A",Analyst,"Element 2",Select,"No authorization",TRUE
3134,6442,9,"2016-10-13 09:50:00","User A",Analyst,"Element 2",Select,"No authorization",TRUE
3135,6442,11,"2016-10-13 09:50:00","User A",Analyst,"Element 2",Select,"No authorization",TRUE
3136,6442,13,"2016-10-13 09:50:00","User A",Analyst,"Element 2",Select,"No authorization",TRUE
3137,6443,5,"2016-10-13 10:04:00","User A",Analyst,"Element 2",Select,"No authorization",TRUE
3138,6443,9,"2016-10-13 10:04:00","User A",Analyst,"Element 2",Select,"No authorization",TRUE
3139,6443,11,"2016-10-13 10:04:00","User A",Analyst,"Element 2",Select,"No authorization",TRUE
3140,6443,13,"2016-10-13 10:04:00","User A",Analyst,"Element 2",Select,"No authorization",TRUE
3141,6444,5,"2016-10-13 10:19:00","User A",Analyst,"Element 2",Select,"No authorization",TRUE
3142,6444,9,"2016-10-13 10:19:00","User A",Analyst,"Element 2",Select,"No authorization",TRUE
3143,6444,11,"2016-10-13 10:19:00","User A",Analyst,"Element 2",Select,"No authorization",TRUE
3144,6444,13,"2016-10-13 10:19:00","User A",Analyst,"Element 2",Select,"No authorization",TRUE
3145,6445,6,"2016-10-13 10:33:00","User A",Analyst,"Element 3",Append,"No authorization",TRUE
3146,6445,8,"2016-10-13 10:33:00","User A",Analyst,"Element 3",Append,"No authorization",TRUE
3147,6445,10,"2016-10-13 10:33:00","User A",Analyst,"Element 3",Append,"No authorization",TRUE
3148,6445,12,"2016-10-13 10:33:00","User A",Analyst,"Element 3",Append,"No authorization",TRUE
3149,6445,14,"2016-10-13 10:33:00","User A",Analyst,"Element 3",Append,"No authorization",TRUE
3150,6445,16,"2016-10-13 10:33:00","User A",Analyst,"Element 3",Append,"No authorization",TRUE
3151,6463,1,"2016-10-14 02:52:00","User B","Business user","Element 1",Select,"No authorization",TRUE
3152,6463,9,"2016-10-14 02:52:00","User B","Business user","Element 1",Select,"No authorization",TRUE
3153,6463,11,"2016-10-14 02:52:00","User B","Business user","Element 1",Select,"No authorization",TRUE
3154,6463,15,"2016-10-14 02:52:00","User B","Business user","Element 1",Select,"No authorization",TRUE
3155,6465,1,"2016-10-14 03:21:00","User B","Business user","Element 1",Select,"No authorization",TRUE
3156,6465,9,"2016-10-14 03:21:00","User B","Business user","Element 1",Select,"No authorization",TRUE
3157,6465,11,"2016-10-14 03:21:00","User B","Business user","Element 1",Select,"No authorization",TRUE
3158,6465,15,"2016-10-14 03:21:00","User B","Business user","Element 1",Select,"No authorization",TRUE
3159,6476,1,"2016-10-14 05:59:00","User B","Business user","Element 1",Select,"No authorization",TRUE
3160,6476,9,"2016-10-14 05:59:00","User B","Business user","Element 1",Select,"No authorization",TRUE
3161,6476,11,"2016-10-14 05:59:00","User B","Business user","Element 1",Select,"No authorization",TRUE
3162,6476,15,"2016-10-14 05:59:00","User B","Business user","Element 1",Select,"No authorization",TRUE
3163,6478,1,"2016-10-14 06:28:00","User B","Business user","Element 1",Select,"No authorization",TRUE
3164,6478,9,"2016-10-14 06:28:00","User B","Business user","Element 1",Select,"No authorization",TRUE
3165,6478,11,"2016-10-14 06:28:00","User B","Business user","Element 1",Select,"No authorization",TRUE
3166,6478,15,"2016-10-14 06:28:00","User B","Business user","Element 1",Select,"No authorization",TRUE
3167,6491,1,"2016-10-14 09:35:00","User B","Business user","Element 1",Select,"No authorization",TRUE
3168,6491,9,"2016-10-14 09:35:00","User B","Business user","Element 1",Select,"No authorization",TRUE
3169,6491,11,"2016-10-14 09:35:00","User B","Business user","Element 1",Select,"No authorization",TRUE
3170,6491,15,"2016-10-14 09:35:00","User B","Business user","Element 1",Select,"No authorization",TRUE
3171,6530,1,"2016-10-14 06:57:00","User B","Business user","Element 1",Select,"No authorization",TRUE
3172,6530,9,"2016-10-14 06:57:00","User B","Business user","Element 1",Select,"No authorization",TRUE
3173,6530,11,"2016-10-14 06:57:00","User B","Business user","Element 1",Select,"No authorization",TRUE
3174,6530,15,"2016-10-14 06:57:00","User B","Business user","Element 1",Select,"No authorization",TRUE
3175,6540,3,"2016-10-14 09:21:00","User B","Business user","Table 1",Select,"No authorization",TRUE
3176,6540,11,"2016-10-14 09:21:00","User B","Business user","Table 1",Select,"No authorization",TRUE
3177,6540,13,"2016-10-14 09:21:00","User B","Business user","Table 1",Select,"No authorization",TRUE
3178,6540,15,"2016-10-14 09:21:00","User B","Business user","Table 1",Select,"No authorization",TRUE
3179,6555,3,"2016-10-15 12:57:00","User B","Business user","Table 1",Select,"No authorization",TRUE
3180,6555,11,"2016-10-15 12:57:00","User B","Business user","Table 1",Select,"No authorization",TRUE
3181,6555,13,"2016-10-15 12:57:00","User B","Business user","Table 1",Select,"No authorization",TRUE
3182,6555,15,"2016-10-15 12:57:00","User B","Business user","Table 1",Select,"No authorization",TRUE
3183,6556,3,"2016-10-15 01:11:00","User B","Business user","Table 1",Select,"No authorization",TRUE
3184,6556,11,"2016-10-15 01:11:00","User B","Business user","Table 1",Select,"No authorization",TRUE
3185,6556,13,"2016-10-15 01:11:00","User B","Business user","Table 1",Select,"No authorization",TRUE
3186,6556,15,"2016-10-15 01:11:00","User B","Business user","Table 1",Select,"No authorization",TRUE
3187,6557,3,"2016-10-15 01:26:00","User B","Business user","Table 1",Select,"No authorization",TRUE
3188,6557,11,"2016-10-15 01:26:00","User B","Business user","Table 1",Select,"No authorization",TRUE
3189,6557,13,"2016-10-15 01:26:00","User B","Business user","Table 1",Select,"No authorization",TRUE
3190,6557,15,"2016-10-15 01:26:00","User B","Business user","Table 1",Select,"No authorization",TRUE
3191,6561,5,"2016-10-15 02:23:00","User A",Analyst,"Element 2",Select,"No authorization",TRUE
3192,6561,9,"2016-10-15 02:23:00","User A",Analyst,"Element 2",Select,"No authorization",TRUE
3193,6561,11,"2016-10-15 02:23:00","User A",Analyst,"Element 2",Select,"No authorization",TRUE
3194,6561,13,"2016-10-15 02:23:00","User A",Analyst,"Element 2",Select,"No authorization",TRUE
3195,6562,5,"2016-10-15 02:38:00","User A",Analyst,"Element 2",Select,"No authorization",TRUE
3196,6562,9,"2016-10-15 02:38:00","User A",Analyst,"Element 2",Select,"No authorization",TRUE
3197,6562,11,"2016-10-15 02:38:00","User A",Analyst,"Element 2",Select,"No authorization",TRUE
3198,6562,13,"2016-10-15 02:38:00","User A",Analyst,"Element 2",Select,"No authorization",TRUE
3199,6563,5,"2016-10-15 02:52:00","User A",Analyst,"Element 2",Select,"No authorization",TRUE
3200,6563,9,"2016-10-15 02:52:00","User A",Analyst,"Element 2",Select,"No authorization",TRUE
3201,6563,11,"2016-10-15 02:52:00","User A",Analyst,"Element 2",Select,"No authorization",TRUE
3202,6563,13,"2016-10-15 02:52:00","User A",Analyst,"Element 2",Select,"No authorization",TRUE
3203,6564,6,"2016-10-15 03:07:00","User A",Analyst,"Element 3",Append,"No authorization",TRUE
3204,6564,8,"2016-10-15 03:07:00","User A",Analyst,"Element 3",Append,"No authorization",TRUE
3205,6564,10,"2016-10-15 03:07:00","User A",Analyst,"Element 3",Append,"No authorization",TRUE
3206,6564,12,"2016-10-15 03:07:00","User A",Analyst,"Element 3",Append,"No authorization",TRUE
3207,6564,14,"2016-10-15 03:07:00","User A",Analyst,"Element 3",Append,"No authorization",TRUE
3208,6564,16,"2016-10-15 03:07:00","User A",Analyst,"Element 3",Append,"No authorization",TRUE
3209,6582,1,"2016-10-15 07:26:00","User B","Business user","Element 1",Select,"No authorization",TRUE
3210,6582,9,"2016-10-15 07:26:00","User B","Business user","Element 1",Select,"No authorization",TRUE
3211,6582,11,"2016-10-15 07:26:00","User B","Business user","Element 1",Select,"No authorization",TRUE
3212,6582,15,"2016-10-15 07:26:00","User B","Business user","Element 1",Select,"No authorization",TRUE
3213,6584,1,"2016-10-15 07:55:00","User B","Business user","Element 1",Select,"No authorization",TRUE
3214,6584,9,"2016-10-15 07:55:00","User B","Business user","Element 1",Select,"No authorization",TRUE
3215,6584,11,"2016-10-15 07:55:00","User B","Business user","Element 1",Select,"No authorization",TRUE
3216,6584,15,"2016-10-15 07:55:00","User B","Business user","Element 1",Select,"No authorization",TRUE
3217,6595,1,"2016-10-15 10:33:00","User B","Business user","Element 1",Select,"No authorization",TRUE
3218,6595,9,"2016-10-15 10:33:00","User B","Business user","Element 1",Select,"No authorization",TRUE
3219,6595,11,"2016-10-15 10:33:00","User B","Business user","Element 1",Select,"No authorization",TRUE
3220,6595,15,"2016-10-15 10:33:00","User B","Business user","Element 1",Select,"No authorization",TRUE
3221,6597,1,"2016-10-15 11:02:00","User B","Business user","Element 1",Select,"No authorization",TRUE
3222,6597,9,"2016-10-15 11:02:00","User B","Business user","Element 1",Select,"No authorization",TRUE
3223,6597,11,"2016-10-15 11:02:00","User B","Business user","Element 1",Select,"No authorization",TRUE
3224,6597,15,"2016-10-15 11:02:00","User B","Business user","Element 1",Select,"No authorization",TRUE
3225,6610,1,"2016-10-15 02:09:00","User B","Business user","Element 1",Select,"No authorization",TRUE
3226,6610,9,"2016-10-15 02:09:00","User B","Business user","Element 1",Select,"No authorization",TRUE
3227,6610,11,"2016-10-15 02:09:00","User B","Business user","Element 1",Select,"No authorization",TRUE
3228,6610,15,"2016-10-15 02:09:00","User B","Business user","Element 1",Select,"No authorization",TRUE
3229,6649,1,"2016-10-15 11:31:00","User B","Business user","Element 1",Select,"No authorization",TRUE
3230,6649,9,"2016-10-15 11:31:00","User B","Business user","Element 1",Select,"No authorization",TRUE
3231,6649,11,"2016-10-15 11:31:00","User B","Business user","Element 1",Select,"No authorization",TRUE
3232,6649,15,"2016-10-15 11:31:00","User B","Business user","Element 1",Select,"No authorization",TRUE
3233,6659,3,"2016-10-16 01:55:00","User B","Business user","Table 1",Select,"No authorization",TRUE
3234,6659,11,"2016-10-16 01:55:00","User B","Business user","Table 1",Select,"No authorization",TRUE
3235,6659,13,"2016-10-16 01:55:00","User B","Business user","Table 1",Select,"No authorization",TRUE
3236,6659,15,"2016-10-16 01:55:00","User B","Business user","Table 1",Select,"No authorization",TRUE
3237,6674,3,"2016-10-16 05:31:00","User B","Business user","Table 1",Select,"No authorization",TRUE
3238,6674,11,"2016-10-16 05:31:00","User B","Business user","Table 1",Select,"No authorization",TRUE
3239,6674,13,"2016-10-16 05:31:00","User B","Business user","Table 1",Select,"No authorization",TRUE
3240,6674,15,"2016-10-16 05:31:00","User B","Business user","Table 1",Select,"No authorization",TRUE
3241,6675,3,"2016-10-16 05:45:00","User B","Business user","Table 1",Select,"No authorization",TRUE
3242,6675,11,"2016-10-16 05:45:00","User B","Business user","Table 1",Select,"No authorization",TRUE
3243,6675,13,"2016-10-16 05:45:00","User B","Business user","Table 1",Select,"No authorization",TRUE
3244,6675,15,"2016-10-16 05:45:00","User B","Business user","Table 1",Select,"No authorization",TRUE
3245,6676,3,"2016-10-16 05:59:00","User B","Business user","Table 1",Select,"No authorization",TRUE
3246,6676,11,"2016-10-16 05:59:00","User B","Business user","Table 1",Select,"No authorization",TRUE
3247,6676,13,"2016-10-16 05:59:00","User B","Business user","Table 1",Select,"No authorization",TRUE
3248,6676,15,"2016-10-16 05:59:00","User B","Business user","Table 1",Select,"No authorization",TRUE
3249,6680,5,"2016-10-16 06:57:00","User A",Analyst,"Element 2",Select,"No authorization",TRUE
3250,6680,9,"2016-10-16 06:57:00","User A",Analyst,"Element 2",Select,"No authorization",TRUE
3251,6680,11,"2016-10-16 06:57:00","User A",Analyst,"Element 2",Select,"No authorization",TRUE
3252,6680,13,"2016-10-16 06:57:00","User A",Analyst,"Element 2",Select,"No authorization",TRUE
3253,6681,5,"2016-10-16 07:11:00","User A",Analyst,"Element 2",Select,"No authorization",TRUE
3254,6681,9,"2016-10-16 07:11:00","User A",Analyst,"Element 2",Select,"No authorization",TRUE
3255,6681,11,"2016-10-16 07:11:00","User A",Analyst,"Element 2",Select,"No authorization",TRUE
3256,6681,13,"2016-10-16 07:11:00","User A",Analyst,"Element 2",Select,"No authorization",TRUE
3257,6682,5,"2016-10-16 07:26:00","User A",Analyst,"Element 2",Select,"No authorization",TRUE
3258,6682,9,"2016-10-16 07:26:00","User A",Analyst,"Element 2",Select,"No authorization",TRUE
3259,6682,11,"2016-10-16 07:26:00","User A",Analyst,"Element 2",Select,"No authorization",TRUE
3260,6682,13,"2016-10-16 07:26:00","User A",Analyst,"Element 2",Select,"No authorization",TRUE
3261,6683,6,"2016-10-16 07:40:00","User A",Analyst,"Element 3",Append,"No authorization",TRUE
3262,6683,8,"2016-10-16 07:40:00","User A",Analyst,"Element 3",Append,"No authorization",TRUE
3263,6683,10,"2016-10-16 07:40:00","User A",Analyst,"Element 3",Append,"No authorization",TRUE
3264,6683,12,"2016-10-16 07:40:00","User A",Analyst,"Element 3",Append,"No authorization",TRUE
3265,6683,14,"2016-10-16 07:40:00","User A",Analyst,"Element 3",Append,"No authorization",TRUE
3266,6683,16,"2016-10-16 07:40:00","User A",Analyst,"Element 3",Append,"No authorization",TRUE
3267,6701,1,"2016-10-16 11:59:00","User B","Business user","Element 1",Select,"No authorization",TRUE
3268,6701,9,"2016-10-16 11:59:00","User B","Business user","Element 1",Select,"No authorization",TRUE
3269,6701,11,"2016-10-16 11:59:00","User B","Business user","Element 1",Select,"No authorization",TRUE
3270,6701,15,"2016-10-16 11:59:00","User B","Business user","Element 1",Select,"No authorization",TRUE
3271,6703,1,"2016-10-16 12:28:00","User B","Business user","Element 1",Select,"No authorization",TRUE
3272,6703,9,"2016-10-16 12:28:00","User B","Business user","Element 1",Select,"No authorization",TRUE
3273,6703,11,"2016-10-16 12:28:00","User B","Business user","Element 1",Select,"No authorization",TRUE
3274,6703,15,"2016-10-16 12:28:00","User B","Business user","Element 1",Select,"No authorization",TRUE
3275,6714,1,"2016-10-16 03:07:00","User B","Business user","Element 1",Select,"No authorization",TRUE
3276,6714,9,"2016-10-16 03:07:00","User B","Business user","Element 1",Select,"No authorization",TRUE
3277,6714,11,"2016-10-16 03:07:00","User B","Business user","Element 1",Select,"No authorization",TRUE
3278,6714,15,"2016-10-16 03:07:00","User B","Business user","Element 1",Select,"No authorization",TRUE
3279,6716,1,"2016-10-16 03:35:00","User B","Business user","Element 1",Select,"No authorization",TRUE
3280,6716,9,"2016-10-16 03:35:00","User B","Business user","Element 1",Select,"No authorization",TRUE
3281,6716,11,"2016-10-16 03:35:00","User B","Business user","Element 1",Select,"No authorization",TRUE
3282,6716,15,"2016-10-16 03:35:00","User B","Business user","Element 1",Select,"No authorization",TRUE
3283,6729,1,"2016-10-16 06:43:00","User B","Business user","Element 1",Select,"No authorization",TRUE
3284,6729,9,"2016-10-16 06:43:00","User B","Business user","Element 1",Select,"No authorization",TRUE
3285,6729,11,"2016-10-16 06:43:00","User B","Business user","Element 1",Select,"No authorization",TRUE
3286,6729,15,"2016-10-16 06:43:00","User B","Business user","Element 1",Select,"No authorization",TRUE
3287,6768,1,"2016-10-17 04:04:00","User B","Business user","Element 1",Select,"No authorization",TRUE
3288,6768,9,"2016-10-17 04:04:00","User B","Business user","Element 1",Select,"No authorization",TRUE
3289,6768,11,"2016-10-17 04:04:00","User B","Business user","Element 1",Select,"No authorization",TRUE
3290,6768,15,"2016-10-17 04:04:00","User B","Business user","Element 1",Select,"No authorization",TRUE
3291,6778,3,"2016-10-17 06:28:00","User B","Business user","Table 1",Select,"No authorization",TRUE
3292,6778,11,"2016-10-17 06:28:00","User B","Business user","Table 1",Select,"No authorization",TRUE
3293,6778,13,"2016-10-17 06:28:00","User B","Business user","Table 1",Select,"No authorization",TRUE
3294,6778,15,"2016-10-17 06:28:00","User B","Business user","Table 1",Select,"No authorization",TRUE
3295,6793,3,"2016-10-17 10:04:00","User B","Business user","Table 1",Select,"No authorization",TRUE
3296,6793,11,"2016-10-17 10:04:00","User B","Business user","Table 1",Select,"No authorization",TRUE
3297,6793,13,"2016-10-17 10:04:00","User B","Business user","Table 1",Select,"No authorization",TRUE
3298,6793,15,"2016-10-17 10:04:00","User B","Business user","Table 1",Select,"No authorization",TRUE
3299,6794,3,"2016-10-17 10:19:00","User B","Business user","Table 1",Select,"No authorization",TRUE
3300,6794,11,"2016-10-17 10:19:00","User B","Business user","Table 1",Select,"No authorization",TRUE
3301,6794,13,"2016-10-17 10:19:00","User B","Business user","Table 1",Select,"No authorization",TRUE
3302,6794,15,"2016-10-17 10:19:00","User B","Business user","Table 1",Select,"No authorization",TRUE
3303,6795,3,"2016-10-17 10:33:00","User B","Business user","Table 1",Select,"No authorization",TRUE
3304,6795,11,"2016-10-17 10:33:00","User B","Business user","Table 1",Select,"No authorization",TRUE
3305,6795,13,"2016-10-17 10:33:00","User B","Business user","Table 1",Select,"No authorization",TRUE
3306,6795,15,"2016-10-17 10:33:00","User B","Business user","Table 1",Select,"No authorization",TRUE
3307,6799,5,"2016-10-17 11:31:00","User A",Analyst,"Element 2",Select,"No authorization",TRUE
3308,6799,9,"2016-10-17 11:31:00","User A",Analyst,"Element 2",Select,"No authorization",TRUE
3309,6799,11,"2016-10-17 11:31:00","User A",Analyst,"Element 2",Select,"No authorization",TRUE
3310,6799,13,"2016-10-17 11:31:00","User A",Analyst,"Element 2",Select,"No authorization",TRUE
3311,6800,5,"2016-10-17 11:45:00","User A",Analyst,"Element 2",Select,"No authorization",TRUE
3312,6800,9,"2016-10-17 11:45:00","User A",Analyst,"Element 2",Select,"No authorization",TRUE
3313,6800,11,"2016-10-17 11:45:00","User A",Analyst,"Element 2",Select,"No authorization",TRUE
3314,6800,13,"2016-10-17 11:45:00","User A",Analyst,"Element 2",Select,"No authorization",TRUE
3315,6801,5,"2016-10-17 11:59:00","User A",Analyst,"Element 2",Select,"No authorization",TRUE
3316,6801,9,"2016-10-17 11:59:00","User A",Analyst,"Element 2",Select,"No authorization",TRUE
3317,6801,11,"2016-10-17 11:59:00","User A",Analyst,"Element 2",Select,"No authorization",TRUE
3318,6801,13,"2016-10-17 11:59:00","User A",Analyst,"Element 2",Select,"No authorization",TRUE
3319,6802,6,"2016-10-17 12:14:00","User A",Analyst,"Element 3",Append,"No authorization",TRUE
3320,6802,8,"2016-10-17 12:14:00","User A",Analyst,"Element 3",Append,"No authorization",TRUE
3321,6802,10,"2016-10-17 12:14:00","User A",Analyst,"Element 3",Append,"No authorization",TRUE
3322,6802,12,"2016-10-17 12:14:00","User A",Analyst,"Element 3",Append,"No authorization",TRUE
3323,6802,14,"2016-10-17 12:14:00","User A",Analyst,"Element 3",Append,"No authorization",TRUE
3324,6802,16,"2016-10-17 12:14:00","User A",Analyst,"Element 3",Append,"No authorization",TRUE
3325,6820,1,"2016-10-17 04:33:00","User B","Business user","Element 1",Select,"No authorization",TRUE
3326,6820,9,"2016-10-17 04:33:00","User B","Business user","Element 1",Select,"No authorization",TRUE
3327,6820,11,"2016-10-17 04:33:00","User B","Business user","Element 1",Select,"No authorization",TRUE
3328,6820,15,"2016-10-17 04:33:00","User B","Business user","Element 1",Select,"No authorization",TRUE
3329,6822,1,"2016-10-17 05:02:00","User B","Business user","Element 1",Select,"No authorization",TRUE
3330,6822,9,"2016-10-17 05:02:00","User B","Business user","Element 1",Select,"No authorization",TRUE
3331,6822,11,"2016-10-17 05:02:00","User B","Business user","Element 1",Select,"No authorization",TRUE
3332,6822,15,"2016-10-17 05:02:00","User B","Business user","Element 1",Select,"No authorization",TRUE
3333,6833,1,"2016-10-17 07:40:00","User B","Business user","Element 1",Select,"No authorization",TRUE
3334,6833,9,"2016-10-17 07:40:00","User B","Business user","Element 1",Select,"No authorization",TRUE
3335,6833,11,"2016-10-17 07:40:00","User B","Business user","Element 1",Select,"No authorization",TRUE
3336,6833,15,"2016-10-17 07:40:00","User B","Business user","Element 1",Select,"No authorization",TRUE
3337,6835,1,"2016-10-17 08:09:00","User B","Business user","Element 1",Select,"No authorization",TRUE
3338,6835,9,"2016-10-17 08:09:00","User B","Business user","Element 1",Select,"No authorization",TRUE
3339,6835,11,"2016-10-17 08:09:00","User B","Business user","Element 1",Select,"No authorization",TRUE
3340,6835,15,"2016-10-17 08:09:00","User B","Business user","Element 1",Select,"No authorization",TRUE
3341,6848,1,"2016-10-17 11:16:00","User B","Business user","Element 1",Select,"No authorization",TRUE
3342,6848,9,"2016-10-17 11:16:00","User B","Business user","Element 1",Select,"No authorization",TRUE
3343,6848,11,"2016-10-17 11:16:00","User B","Business user","Element 1",Select,"No authorization",TRUE
3344,6848,15,"2016-10-17 11:16:00","User B","Business user","Element 1",Select,"No authorization",TRUE
3345,6887,1,"2016-10-18 08:38:00","User B","Business user","Element 1",Select,"No authorization",TRUE
3346,6887,9,"2016-10-18 08:38:00","User B","Business user","Element 1",Select,"No authorization",TRUE
3347,6887,11,"2016-10-18 08:38:00","User B","Business user","Element 1",Select,"No authorization",TRUE
3348,6887,15,"2016-10-18 08:38:00","User B","Business user","Element 1",Select,"No authorization",TRUE
3349,6897,3,"2016-10-18 11:02:00","User B","Business user","Table 1",Select,"No authorization",TRUE
3350,6897,11,"2016-10-18 11:02:00","User B","Business user","Table 1",Select,"No authorization",TRUE
3351,6897,13,"2016-10-18 11:02:00","User B","Business user","Table 1",Select,"No authorization",TRUE
3352,6897,15,"2016-10-18 11:02:00","User B","Business user","Table 1",Select,"No authorization",TRUE
3353,6912,3,"2016-10-18 02:38:00","User B","Business user","Table 1",Select,"No authorization",TRUE
3354,6912,11,"2016-10-18 02:38:00","User B","Business user","Table 1",Select,"No authorization",TRUE
3355,6912,13,"2016-10-18 02:38:00","User B","Business user","Table 1",Select,"No authorization",TRUE
3356,6912,15,"2016-10-18 02:38:00","User B","Business user","Table 1",Select,"No authorization",TRUE
3357,6913,3,"2016-10-18 02:52:00","User B","Business user","Table 1",Select,"No authorization",TRUE
3358,6913,11,"2016-10-18 02:52:00","User B","Business user","Table 1",Select,"No authorization",TRUE
3359,6913,13,"2016-10-18 02:52:00","User B","Business user","Table 1",Select,"No authorization",TRUE
3360,6913,15,"2016-10-18 02:52:00","User B","Business user","Table 1",Select,"No authorization",TRUE
3361,6914,3,"2016-10-18 03:07:00","User B","Business user","Table 1",Select,"No authorization",TRUE
3362,6914,11,"2016-10-18 03:07:00","User B","Business user","Table 1",Select,"No authorization",TRUE
3363,6914,13,"2016-10-18 03:07:00","User B","Business user","Table 1",Select,"No authorization",TRUE
3364,6914,15,"2016-10-18 03:07:00","User B","Business user","Table 1",Select,"No authorization",TRUE
3365,6919,5,"2016-10-18 04:19:00","User A",Analyst,"Element 2",Select,"No authorization",TRUE
3366,6919,9,"2016-10-18 04:19:00","User A",Analyst,"Element 2",Select,"No authorization",TRUE
3367,6919,11,"2016-10-18 04:19:00","User A",Analyst,"Element 2",Select,"No authorization",TRUE
3368,6919,13,"2016-10-18 04:19:00","User A",Analyst,"Element 2",Select,"No authorization",TRUE
3369,6920,5,"2016-10-18 04:33:00","User A",Analyst,"Element 2",Select,"No authorization",TRUE
3370,6920,9,"2016-10-18 04:33:00","User A",Analyst,"Element 2",Select,"No authorization",TRUE
3371,6920,11,"2016-10-18 04:33:00","User A",Analyst,"Element 2",Select,"No authorization",TRUE
3372,6920,13,"2016-10-18 04:33:00","User A",Analyst,"Element 2",Select,"No authorization",TRUE
3373,6921,5,"2016-10-18 04:47:00","User A",Analyst,"Element 2",Select,"No authorization",TRUE
3374,6921,9,"2016-10-18 04:47:00","User A",Analyst,"Element 2",Select,"No authorization",TRUE
3375,6921,11,"2016-10-18 04:47:00","User A",Analyst,"Element 2",Select,"No authorization",TRUE
3376,6921,13,"2016-10-18 04:47:00","User A",Analyst,"Element 2",Select,"No authorization",TRUE
3377,6922,6,"2016-10-18 05:02:00","User A",Analyst,"Element 3",Append,"No authorization",TRUE
3378,6922,8,"2016-10-18 05:02:00","User A",Analyst,"Element 3",Append,"No authorization",TRUE
3379,6922,10,"2016-10-18 05:02:00","User A",Analyst,"Element 3",Append,"No authorization",TRUE
3380,6922,12,"2016-10-18 05:02:00","User A",Analyst,"Element 3",Append,"No authorization",TRUE
3381,6922,14,"2016-10-18 05:02:00","User A",Analyst,"Element 3",Append,"No authorization",TRUE
3382,6922,16,"2016-10-18 05:02:00","User A",Analyst,"Element 3",Append,"No authorization",TRUE
3383,6940,1,"2016-10-18 09:21:00","User B","Business user","Element 1",Select,"No authorization",TRUE
3384,6940,9,"2016-10-18 09:21:00","User B","Business user","Element 1",Select,"No authorization",TRUE
3385,6940,11,"2016-10-18 09:21:00","User B","Business user","Element 1",Select,"No authorization",TRUE
3386,6940,15,"2016-10-18 09:21:00","User B","Business user","Element 1",Select,"No authorization",TRUE
3387,6942,1,"2016-10-18 09:50:00","User B","Business user","Element 1",Select,"No authorization",TRUE
3388,6942,9,"2016-10-18 09:50:00","User B","Business user","Element 1",Select,"No authorization",TRUE
3389,6942,11,"2016-10-18 09:50:00","User B","Business user","Element 1",Select,"No authorization",TRUE
3390,6942,15,"2016-10-18 09:50:00","User B","Business user","Element 1",Select,"No authorization",TRUE
3391,6953,1,"2016-10-19 12:28:00","User B","Business user","Element 1",Select,"No authorization",TRUE
3392,6953,9,"2016-10-19 12:28:00","User B","Business user","Element 1",Select,"No authorization",TRUE
3393,6953,11,"2016-10-19 12:28:00","User B","Business user","Element 1",Select,"No authorization",TRUE
3394,6953,15,"2016-10-19 12:28:00","User B","Business user","Element 1",Select,"No authorization",TRUE
3395,6955,1,"2016-10-19 12:57:00","User B","Business user","Element 1",Select,"No authorization",TRUE
3396,6955,9,"2016-10-19 12:57:00","User B","Business user","Element 1",Select,"No authorization",TRUE
3397,6955,11,"2016-10-19 12:57:00","User B","Business user","Element 1",Select,"No authorization",TRUE
3398,6955,15,"2016-10-19 12:57:00","User B","Business user","Element 1",Select,"No authorization",TRUE
3399,6968,1,"2016-10-19 04:04:00","User B","Business user","Element 1",Select,"No authorization",TRUE
3400,6968,9,"2016-10-19 04:04:00","User B","Business user","Element 1",Select,"No authorization",TRUE
3401,6968,11,"2016-10-19 04:04:00","User B","Business user","Element 1",Select,"No authorization",TRUE
3402,6968,15,"2016-10-19 04:04:00","User B","Business user","Element 1",Select,"No authorization",TRUE
3403,7007,1,"2016-10-19 01:26:00","User B","Business user","Element 1",Select,"No authorization",TRUE
3404,7007,9,"2016-10-19 01:26:00","User B","Business user","Element 1",Select,"No authorization",TRUE
3405,7007,11,"2016-10-19 01:26:00","User B","Business user","Element 1",Select,"No authorization",TRUE
3406,7007,15,"2016-10-19 01:26:00","User B","Business user","Element 1",Select,"No authorization",TRUE
3407,7017,3,"2016-10-19 03:50:00","User B","Business user","Table 1",Select,"No authorization",TRUE
3408,7017,11,"2016-10-19 03:50:00","User B","Business user","Table 1",Select,"No authorization",TRUE
3409,7017,13,"2016-10-19 03:50:00","User B","Business user","Table 1",Select,"No authorization",TRUE
3410,7017,15,"2016-10-19 03:50:00","User B","Business user","Table 1",Select,"No authorization",TRUE
3411,7032,3,"2016-10-19 07:26:00","User B","Business user","Table 1",Select,"No authorization",TRUE
3412,7032,11,"2016-10-19 07:26:00","User B","Business user","Table 1",Select,"No authorization",TRUE
3413,7032,13,"2016-10-19 07:26:00","User B","Business user","Table 1",Select,"No authorization",TRUE
3414,7032,15,"2016-10-19 07:26:00","User B","Business user","Table 1",Select,"No authorization",TRUE
3415,7033,3,"2016-10-19 07:40:00","User B","Business user","Table 1",Select,"No authorization",TRUE
3416,7033,11,"2016-10-19 07:40:00","User B","Business user","Table 1",Select,"No authorization",TRUE
3417,7033,13,"2016-10-19 07:40:00","User B","Business user","Table 1",Select,"No authorization",TRUE
3418,7033,15,"2016-10-19 07:40:00","User B","Business user","Table 1",Select,"No authorization",TRUE
3419,7034,3,"2016-10-19 07:55:00","User B","Business user","Table 1",Select,"No authorization",TRUE
3420,7034,11,"2016-10-19 07:55:00","User B","Business user","Table 1",Select,"No authorization",TRUE
3421,7034,13,"2016-10-19 07:55:00","User B","Business user","Table 1",Select,"No authorization",TRUE
3422,7034,15,"2016-10-19 07:55:00","User B","Business user","Table 1",Select,"No authorization",TRUE
3423,7039,5,"2016-10-19 09:07:00","User A",Analyst,"Element 2",Select,"No authorization",TRUE
3424,7039,9,"2016-10-19 09:07:00","User A",Analyst,"Element 2",Select,"No authorization",TRUE
3425,7039,11,"2016-10-19 09:07:00","User A",Analyst,"Element 2",Select,"No authorization",TRUE
3426,7039,13,"2016-10-19 09:07:00","User A",Analyst,"Element 2",Select,"No authorization",TRUE
3427,7040,5,"2016-10-19 09:21:00","User A",Analyst,"Element 2",Select,"No authorization",TRUE
3428,7040,9,"2016-10-19 09:21:00","User A",Analyst,"Element 2",Select,"No authorization",TRUE
3429,7040,11,"2016-10-19 09:21:00","User A",Analyst,"Element 2",Select,"No authorization",TRUE
3430,7040,13,"2016-10-19 09:21:00","User A",Analyst,"Element 2",Select,"No authorization",TRUE
3431,7041,5,"2016-10-19 09:35:00","User A",Analyst,"Element 2",Select,"No authorization",TRUE
3432,7041,9,"2016-10-19 09:35:00","User A",Analyst,"Element 2",Select,"No authorization",TRUE
3433,7041,11,"2016-10-19 09:35:00","User A",Analyst,"Element 2",Select,"No authorization",TRUE
3434,7041,13,"2016-10-19 09:35:00","User A",Analyst,"Element 2",Select,"No authorization",TRUE
3435,7042,6,"2016-10-19 09:50:00","User A",Analyst,"Element 3",Append,"No authorization",TRUE
3436,7042,8,"2016-10-19 09:50:00","User A",Analyst,"Element 3",Append,"No authorization",TRUE
3437,7042,10,"2016-10-19 09:50:00","User A",Analyst,"Element 3",Append,"No authorization",TRUE
3438,7042,12,"2016-10-19 09:50:00","User A",Analyst,"Element 3",Append,"No authorization",TRUE
3439,7042,14,"2016-10-19 09:50:00","User A",Analyst,"Element 3",Append,"No authorization",TRUE
3440,7042,16,"2016-10-19 09:50:00","User A",Analyst,"Element 3",Append,"No authorization",TRUE
3441,7060,1,"2016-10-20 02:09:00","User B","Business user","Element 1",Select,"No authorization",TRUE
3442,7060,9,"2016-10-20 02:09:00","User B","Business user","Element 1",Select,"No authorization",TRUE
3443,7060,11,"2016-10-20 02:09:00","User B","Business user","Element 1",Select,"No authorization",TRUE
3444,7060,15,"2016-10-20 02:09:00","User B","Business user","Element 1",Select,"No authorization",TRUE
3445,7062,1,"2016-10-20 02:38:00","User B","Business user","Element 1",Select,"No authorization",TRUE
3446,7062,9,"2016-10-20 02:38:00","User B","Business user","Element 1",Select,"No authorization",TRUE
3447,7062,11,"2016-10-20 02:38:00","User B","Business user","Element 1",Select,"No authorization",TRUE
3448,7062,15,"2016-10-20 02:38:00","User B","Business user","Element 1",Select,"No authorization",TRUE
3449,7073,1,"2016-10-20 05:16:00","User B","Business user","Element 1",Select,"No authorization",TRUE
3450,7073,9,"2016-10-20 05:16:00","User B","Business user","Element 1",Select,"No authorization",TRUE
3451,7073,11,"2016-10-20 05:16:00","User B","Business user","Element 1",Select,"No authorization",TRUE
3452,7073,15,"2016-10-20 05:16:00","User B","Business user","Element 1",Select,"No authorization",TRUE
3453,7075,1,"2016-10-20 05:45:00","User B","Business user","Element 1",Select,"No authorization",TRUE
3454,7075,9,"2016-10-20 05:45:00","User B","Business user","Element 1",Select,"No authorization",TRUE
3455,7075,11,"2016-10-20 05:45:00","User B","Business user","Element 1",Select,"No authorization",TRUE
3456,7075,15,"2016-10-20 05:45:00","User B","Business user","Element 1",Select,"No authorization",TRUE
3457,7088,1,"2016-10-20 08:52:00","User B","Business user","Element 1",Select,"No authorization",TRUE
3458,7088,9,"2016-10-20 08:52:00","User B","Business user","Element 1",Select,"No authorization",TRUE
3459,7088,11,"2016-10-20 08:52:00","User B","Business user","Element 1",Select,"No authorization",TRUE
3460,7088,15,"2016-10-20 08:52:00","User B","Business user","Element 1",Select,"No authorization",TRUE
3461,7127,1,"2016-10-20 06:14:00","User B","Business user","Element 1",Select,"No authorization",TRUE
3462,7127,9,"2016-10-20 06:14:00","User B","Business user","Element 1",Select,"No authorization",TRUE
3463,7127,11,"2016-10-20 06:14:00","User B","Business user","Element 1",Select,"No authorization",TRUE
3464,7127,15,"2016-10-20 06:14:00","User B","Business user","Element 1",Select,"No authorization",TRUE
3465,7137,3,"2016-10-20 08:38:00","User B","Business user","Table 1",Select,"No authorization",TRUE
3466,7137,11,"2016-10-20 08:38:00","User B","Business user","Table 1",Select,"No authorization",TRUE
3467,7137,13,"2016-10-20 08:38:00","User B","Business user","Table 1",Select,"No authorization",TRUE
3468,7137,15,"2016-10-20 08:38:00","User B","Business user","Table 1",Select,"No authorization",TRUE
3469,7152,3,"2016-10-21 12:14:00","User B","Business user","Table 1",Select,"No authorization",TRUE
3470,7152,11,"2016-10-21 12:14:00","User B","Business user","Table 1",Select,"No authorization",TRUE
3471,7152,13,"2016-10-21 12:14:00","User B","Business user","Table 1",Select,"No authorization",TRUE
3472,7152,15,"2016-10-21 12:14:00","User B","Business user","Table 1",Select,"No authorization",TRUE
3473,7153,3,"2016-10-21 12:28:00","User B","Business user","Table 1",Select,"No authorization",TRUE
3474,7153,11,"2016-10-21 12:28:00","User B","Business user","Table 1",Select,"No authorization",TRUE
3475,7153,13,"2016-10-21 12:28:00","User B","Business user","Table 1",Select,"No authorization",TRUE
3476,7153,15,"2016-10-21 12:28:00","User B","Business user","Table 1",Select,"No authorization",TRUE
3477,7154,3,"2016-10-21 12:43:00","User B","Business user","Table 1",Select,"No authorization",TRUE
3478,7154,11,"2016-10-21 12:43:00","User B","Business user","Table 1",Select,"No authorization",TRUE
3479,7154,13,"2016-10-21 12:43:00","User B","Business user","Table 1",Select,"No authorization",TRUE
3480,7154,15,"2016-10-21 12:43:00","User B","Business user","Table 1",Select,"No authorization",TRUE
3481,7158,5,"2016-10-21 01:40:00","User A",Analyst,"Element 2",Select,"No authorization",TRUE
3482,7158,9,"2016-10-21 01:40:00","User A",Analyst,"Element 2",Select,"No authorization",TRUE
3483,7158,11,"2016-10-21 01:40:00","User A",Analyst,"Element 2",Select,"No authorization",TRUE
3484,7158,13,"2016-10-21 01:40:00","User A",Analyst,"Element 2",Select,"No authorization",TRUE
3485,7159,5,"2016-10-21 01:55:00","User A",Analyst,"Element 2",Select,"No authorization",TRUE
3486,7159,9,"2016-10-21 01:55:00","User A",Analyst,"Element 2",Select,"No authorization",TRUE
3487,7159,11,"2016-10-21 01:55:00","User A",Analyst,"Element 2",Select,"No authorization",TRUE
3488,7159,13,"2016-10-21 01:55:00","User A",Analyst,"Element 2",Select,"No authorization",TRUE
3489,7160,5,"2016-10-21 02:09:00","User A",Analyst,"Element 2",Select,"No authorization",TRUE
3490,7160,9,"2016-10-21 02:09:00","User A",Analyst,"Element 2",Select,"No authorization",TRUE
3491,7160,11,"2016-10-21 02:09:00","User A",Analyst,"Element 2",Select,"No authorization",TRUE
3492,7160,13,"2016-10-21 02:09:00","User A",Analyst,"Element 2",Select,"No authorization",TRUE
3493,7161,6,"2016-10-21 02:23:00","User A",Analyst,"Element 3",Append,"No authorization",TRUE
3494,7161,8,"2016-10-21 02:23:00","User A",Analyst,"Element 3",Append,"No authorization",TRUE
3495,7161,10,"2016-10-21 02:23:00","User A",Analyst,"Element 3",Append,"No authorization",TRUE
3496,7161,12,"2016-10-21 02:23:00","User A",Analyst,"Element 3",Append,"No authorization",TRUE
3497,7161,14,"2016-10-21 02:23:00","User A",Analyst,"Element 3",Append,"No authorization",TRUE
3498,7161,16,"2016-10-21 02:23:00","User A",Analyst,"Element 3",Append,"No authorization",TRUE
3499,7179,1,"2016-10-21 06:43:00","User B","Business user","Element 1",Select,"No authorization",TRUE
3500,7179,9,"2016-10-21 06:43:00","User B","Business user","Element 1",Select,"No authorization",TRUE
3501,7179,11,"2016-10-21 06:43:00","User B","Business user","Element 1",Select,"No authorization",TRUE
3502,7179,15,"2016-10-21 06:43:00","User B","Business user","Element 1",Select,"No authorization",TRUE
3503,7181,1,"2016-10-21 07:11:00","User B","Business user","Element 1",Select,"No authorization",TRUE
3504,7181,9,"2016-10-21 07:11:00","User B","Business user","Element 1",Select,"No authorization",TRUE
3505,7181,11,"2016-10-21 07:11:00","User B","Business user","Element 1",Select,"No authorization",TRUE
3506,7181,15,"2016-10-21 07:11:00","User B","Business user","Element 1",Select,"No authorization",TRUE
3507,7192,1,"2016-10-21 09:50:00","User B","Business user","Element 1",Select,"No authorization",TRUE
3508,7192,9,"2016-10-21 09:50:00","User B","Business user","Element 1",Select,"No authorization",TRUE
3509,7192,11,"2016-10-21 09:50:00","User B","Business user","Element 1",Select,"No authorization",TRUE
3510,7192,15,"2016-10-21 09:50:00","User B","Business user","Element 1",Select,"No authorization",TRUE
3511,7194,1,"2016-10-21 10:19:00","User B","Business user","Element 1",Select,"No authorization",TRUE
3512,7194,9,"2016-10-21 10:19:00","User B","Business user","Element 1",Select,"No authorization",TRUE
3513,7194,11,"2016-10-21 10:19:00","User B","Business user","Element 1",Select,"No authorization",TRUE
3514,7194,15,"2016-10-21 10:19:00","User B","Business user","Element 1",Select,"No authorization",TRUE
3515,7207,1,"2016-10-21 01:26:00","User B","Business user","Element 1",Select,"No authorization",TRUE
3516,7207,9,"2016-10-21 01:26:00","User B","Business user","Element 1",Select,"No authorization",TRUE
3517,7207,11,"2016-10-21 01:26:00","User B","Business user","Element 1",Select,"No authorization",TRUE
3518,7207,15,"2016-10-21 01:26:00","User B","Business user","Element 1",Select,"No authorization",TRUE
3519,7246,1,"2016-10-21 10:47:00","User B","Business user","Element 1",Select,"No authorization",TRUE
3520,7246,9,"2016-10-21 10:47:00","User B","Business user","Element 1",Select,"No authorization",TRUE
3521,7246,11,"2016-10-21 10:47:00","User B","Business user","Element 1",Select,"No authorization",TRUE
3522,7246,15,"2016-10-21 10:47:00","User B","Business user","Element 1",Select,"No authorization",TRUE
3523,7256,3,"2016-10-22 01:11:00","User B","Business user","Table 1",Select,"No authorization",TRUE
3524,7256,11,"2016-10-22 01:11:00","User B","Business user","Table 1",Select,"No authorization",TRUE
3525,7256,13,"2016-10-22 01:11:00","User B","Business user","Table 1",Select,"No authorization",TRUE
3526,7256,15,"2016-10-22 01:11:00","User B","Business user","Table 1",Select,"No authorization",TRUE
3527,7271,3,"2016-10-22 04:47:00","User B","Business user","Table 1",Select,"No authorization",TRUE
3528,7271,11,"2016-10-22 04:47:00","User B","Business user","Table 1",Select,"No authorization",TRUE
3529,7271,13,"2016-10-22 04:47:00","User B","Business user","Table 1",Select,"No authorization",TRUE
3530,7271,15,"2016-10-22 04:47:00","User B","Business user","Table 1",Select,"No authorization",TRUE
3531,7272,3,"2016-10-22 05:02:00","User B","Business user","Table 1",Select,"No authorization",TRUE
3532,7272,11,"2016-10-22 05:02:00","User B","Business user","Table 1",Select,"No authorization",TRUE
3533,7272,13,"2016-10-22 05:02:00","User B","Business user","Table 1",Select,"No authorization",TRUE
3534,7272,15,"2016-10-22 05:02:00","User B","Business user","Table 1",Select,"No authorization",TRUE
3535,7273,3,"2016-10-22 05:16:00","User B","Business user","Table 1",Select,"No authorization",TRUE
3536,7273,11,"2016-10-22 05:16:00","User B","Business user","Table 1",Select,"No authorization",TRUE
3537,7273,13,"2016-10-22 05:16:00","User B","Business user","Table 1",Select,"No authorization",TRUE
3538,7273,15,"2016-10-22 05:16:00","User B","Business user","Table 1",Select,"No authorization",TRUE
3539,7277,5,"2016-10-22 06:14:00","User A",Analyst,"Element 2",Select,"No authorization",TRUE
3540,7277,9,"2016-10-22 06:14:00","User A",Analyst,"Element 2",Select,"No authorization",TRUE
3541,7277,11,"2016-10-22 06:14:00","User A",Analyst,"Element 2",Select,"No authorization",TRUE
3542,7277,13,"2016-10-22 06:14:00","User A",Analyst,"Element 2",Select,"No authorization",TRUE
3543,7278,5,"2016-10-22 06:28:00","User A",Analyst,"Element 2",Select,"No authorization",TRUE
3544,7278,9,"2016-10-22 06:28:00","User A",Analyst,"Element 2",Select,"No authorization",TRUE
3545,7278,11,"2016-10-22 06:28:00","User A",Analyst,"Element 2",Select,"No authorization",TRUE
3546,7278,13,"2016-10-22 06:28:00","User A",Analyst,"Element 2",Select,"No authorization",TRUE
3547,7279,5,"2016-10-22 06:43:00","User A",Analyst,"Element 2",Select,"No authorization",TRUE
3548,7279,9,"2016-10-22 06:43:00","User A",Analyst,"Element 2",Select,"No authorization",TRUE
3549,7279,11,"2016-10-22 06:43:00","User A",Analyst,"Element 2",Select,"No authorization",TRUE
3550,7279,13,"2016-10-22 06:43:00","User A",Analyst,"Element 2",Select,"No authorization",TRUE
3551,7280,6,"2016-10-22 06:57:00","User A",Analyst,"Element 3",Append,"No authorization",TRUE
3552,7280,8,"2016-10-22 06:57:00","User A",Analyst,"Element 3",Append,"No authorization",TRUE
3553,7280,10,"2016-10-22 06:57:00","User A",Analyst,"Element 3",Append,"No authorization",TRUE
3554,7280,12,"2016-10-22 06:57:00","User A",Analyst,"Element 3",Append,"No authorization",TRUE
3555,7280,14,"2016-10-22 06:57:00","User A",Analyst,"Element 3",Append,"No authorization",TRUE
3556,7280,16,"2016-10-22 06:57:00","User A",Analyst,"Element 3",Append,"No authorization",TRUE
3557,7298,1,"2016-10-22 11:16:00","User B","Business user","Element 1",Select,"No authorization",TRUE
3558,7298,9,"2016-10-22 11:16:00","User B","Business user","Element 1",Select,"No authorization",TRUE
3559,7298,11,"2016-10-22 11:16:00","User B","Business user","Element 1",Select,"No authorization",TRUE
3560,7298,15,"2016-10-22 11:16:00","User B","Business user","Element 1",Select,"No authorization",TRUE
3561,7300,1,"2016-10-22 11:45:00","User B","Business user","Element 1",Select,"No authorization",TRUE
3562,7300,9,"2016-10-22 11:45:00","User B","Business user","Element 1",Select,"No authorization",TRUE
3563,7300,11,"2016-10-22 11:45:00","User B","Business user","Element 1",Select,"No authorization",TRUE
3564,7300,15,"2016-10-22 11:45:00","User B","Business user","Element 1",Select,"No authorization",TRUE
3565,7311,1,"2016-10-22 02:23:00","User B","Business user","Element 1",Select,"No authorization",TRUE
3566,7311,9,"2016-10-22 02:23:00","User B","Business user","Element 1",Select,"No authorization",TRUE
3567,7311,11,"2016-10-22 02:23:00","User B","Business user","Element 1",Select,"No authorization",TRUE
3568,7311,15,"2016-10-22 02:23:00","User B","Business user","Element 1",Select,"No authorization",TRUE
3569,7313,1,"2016-10-22 02:52:00","User B","Business user","Element 1",Select,"No authorization",TRUE
3570,7313,9,"2016-10-22 02:52:00","User B","Business user","Element 1",Select,"No authorization",TRUE
3571,7313,11,"2016-10-22 02:52:00","User B","Business user","Element 1",Select,"No authorization",TRUE
3572,7313,15,"2016-10-22 02:52:00","User B","Business user","Element 1",Select,"No authorization",TRUE
3573,7326,1,"2016-10-22 05:59:00","User B","Business user","Element 1",Select,"No authorization",TRUE
3574,7326,9,"2016-10-22 05:59:00","User B","Business user","Element 1",Select,"No authorization",TRUE
3575,7326,11,"2016-10-22 05:59:00","User B","Business user","Element 1",Select,"No authorization",TRUE
3576,7326,15,"2016-10-22 05:59:00","User B","Business user","Element 1",Select,"No authorization",TRUE
3577,7365,1,"2016-10-23 03:21:00","User B","Business user","Element 1",Select,"No authorization",TRUE
3578,7365,9,"2016-10-23 03:21:00","User B","Business user","Element 1",Select,"No authorization",TRUE
3579,7365,11,"2016-10-23 03:21:00","User B","Business user","Element 1",Select,"No authorization",TRUE
3580,7365,15,"2016-10-23 03:21:00","User B","Business user","Element 1",Select,"No authorization",TRUE
3581,7375,3,"2016-10-23 05:45:00","User B","Business user","Table 1",Select,"No authorization",TRUE
3582,7375,11,"2016-10-23 05:45:00","User B","Business user","Table 1",Select,"No authorization",TRUE
3583,7375,13,"2016-10-23 05:45:00","User B","Business user","Table 1",Select,"No authorization",TRUE
3584,7375,15,"2016-10-23 05:45:00","User B","Business user","Table 1",Select,"No authorization",TRUE
3585,7390,3,"2016-10-23 09:21:00","User B","Business user","Table 1",Select,"No authorization",TRUE
3586,7390,11,"2016-10-23 09:21:00","User B","Business user","Table 1",Select,"No authorization",TRUE
3587,7390,13,"2016-10-23 09:21:00","User B","Business user","Table 1",Select,"No authorization",TRUE
3588,7390,15,"2016-10-23 09:21:00","User B","Business user","Table 1",Select,"No authorization",TRUE
3589,7391,3,"2016-10-23 09:35:00","User B","Business user","Table 1",Select,"No authorization",TRUE
3590,7391,11,"2016-10-23 09:35:00","User B","Business user","Table 1",Select,"No authorization",TRUE
3591,7391,13,"2016-10-23 09:35:00","User B","Business user","Table 1",Select,"No authorization",TRUE
3592,7391,15,"2016-10-23 09:35:00","User B","Business user","Table 1",Select,"No authorization",TRUE
3593,7392,3,"2016-10-23 09:50:00","User B","Business user","Table 1",Select,"No authorization",TRUE
3594,7392,11,"2016-10-23 09:50:00","User B","Business user","Table 1",Select,"No authorization",TRUE
3595,7392,13,"2016-10-23 09:50:00","User B","Business user","Table 1",Select,"No authorization",TRUE
3596,7392,15,"2016-10-23 09:50:00","User B","Business user","Table 1",Select,"No authorization",TRUE
3597,7396,5,"2016-10-23 10:47:00","User A",Analyst,"Element 2",Select,"No authorization",TRUE
3598,7396,9,"2016-10-23 10:47:00","User A",Analyst,"Element 2",Select,"No authorization",TRUE
3599,7396,11,"2016-10-23 10:47:00","User A",Analyst,"Element 2",Select,"No authorization",TRUE
3600,7396,13,"2016-10-23 10:47:00","User A",Analyst,"Element 2",Select,"No authorization",TRUE
3601,7397,5,"2016-10-23 11:02:00","User A",Analyst,"Element 2",Select,"No authorization",TRUE
3602,7397,9,"2016-10-23 11:02:00","User A",Analyst,"Element 2",Select,"No authorization",TRUE
3603,7397,11,"2016-10-23 11:02:00","User A",Analyst,"Element 2",Select,"No authorization",TRUE
3604,7397,13,"2016-10-23 11:02:00","User A",Analyst,"Element 2",Select,"No authorization",TRUE
3605,7398,5,"2016-10-23 11:16:00","User A",Analyst,"Element 2",Select,"No authorization",TRUE
3606,7398,9,"2016-10-23 11:16:00","User A",Analyst,"Element 2",Select,"No authorization",TRUE
3607,7398,11,"2016-10-23 11:16:00","User A",Analyst,"Element 2",Select,"No authorization",TRUE
3608,7398,13,"2016-10-23 11:16:00","User A",Analyst,"Element 2",Select,"No authorization",TRUE
3609,7399,6,"2016-10-23 11:31:00","User A",Analyst,"Element 3",Append,"No authorization",TRUE
3610,7399,8,"2016-10-23 11:31:00","User A",Analyst,"Element 3",Append,"No authorization",TRUE
3611,7399,10,"2016-10-23 11:31:00","User A",Analyst,"Element 3",Append,"No authorization",TRUE
3612,7399,12,"2016-10-23 11:31:00","User A",Analyst,"Element 3",Append,"No authorization",TRUE
3613,7399,14,"2016-10-23 11:31:00","User A",Analyst,"Element 3",Append,"No authorization",TRUE
3614,7399,16,"2016-10-23 11:31:00","User A",Analyst,"Element 3",Append,"No authorization",TRUE
3615,7417,1,"2016-10-23 03:50:00","User B","Business user","Element 1",Select,"No authorization",TRUE
3616,7417,9,"2016-10-23 03:50:00","User B","Business user","Element 1",Select,"No authorization",TRUE
3617,7417,11,"2016-10-23 03:50:00","User B","Business user","Element 1",Select,"No authorization",TRUE
3618,7417,15,"2016-10-23 03:50:00","User B","Business user","Element 1",Select,"No authorization",TRUE
3619,7419,1,"2016-10-23 04:19:00","User B","Business user","Element 1",Select,"No authorization",TRUE
3620,7419,9,"2016-10-23 04:19:00","User B","Business user","Element 1",Select,"No authorization",TRUE
3621,7419,11,"2016-10-23 04:19:00","User B","Business user","Element 1",Select,"No authorization",TRUE
3622,7419,15,"2016-10-23 04:19:00","User B","Business user","Element 1",Select,"No authorization",TRUE
3623,7430,1,"2016-10-23 06:57:00","User B","Business user","Element 1",Select,"No authorization",TRUE
3624,7430,9,"2016-10-23 06:57:00","User B","Business user","Element 1",Select,"No authorization",TRUE
3625,7430,11,"2016-10-23 06:57:00","User B","Business user","Element 1",Select,"No authorization",TRUE
3626,7430,15,"2016-10-23 06:57:00","User B","Business user","Element 1",Select,"No authorization",TRUE
3627,7432,1,"2016-10-23 07:26:00","User B","Business user","Element 1",Select,"No authorization",TRUE
3628,7432,9,"2016-10-23 07:26:00","User B","Business user","Element 1",Select,"No authorization",TRUE
3629,7432,11,"2016-10-23 07:26:00","User B","Business user","Element 1",Select,"No authorization",TRUE
3630,7432,15,"2016-10-23 07:26:00","User B","Business user","Element 1",Select,"No authorization",TRUE
3631,7445,1,"2016-10-23 10:33:00","User B","Business user","Element 1",Select,"No authorization",TRUE
3632,7445,9,"2016-10-23 10:33:00","User B","Business user","Element 1",Select,"No authorization",TRUE
3633,7445,11,"2016-10-23 10:33:00","User B","Business user","Element 1",Select,"No authorization",TRUE
3634,7445,15,"2016-10-23 10:33:00","User B","Business user","Element 1",Select,"No authorization",TRUE
3635,7484,1,"2016-10-24 07:55:00","User B","Business user","Element 1",Select,"No authorization",TRUE
3636,7484,9,"2016-10-24 07:55:00","User B","Business user","Element 1",Select,"No authorization",TRUE
3637,7484,11,"2016-10-24 07:55:00","User B","Business user","Element 1",Select,"No authorization",TRUE
3638,7484,15,"2016-10-24 07:55:00","User B","Business user","Element 1",Select,"No authorization",TRUE
3639,7494,3,"2016-10-24 10:19:00","User B","Business user","Table 1",Select,"No authorization",TRUE
3640,7494,11,"2016-10-24 10:19:00","User B","Business user","Table 1",Select,"No authorization",TRUE
3641,7494,13,"2016-10-24 10:19:00","User B","Business user","Table 1",Select,"No authorization",TRUE
3642,7494,15,"2016-10-24 10:19:00","User B","Business user","Table 1",Select,"No authorization",TRUE
3643,7509,3,"2016-10-24 01:55:00","User B","Business user","Table 1",Select,"No authorization",TRUE
3644,7509,11,"2016-10-24 01:55:00","User B","Business user","Table 1",Select,"No authorization",TRUE
3645,7509,13,"2016-10-24 01:55:00","User B","Business user","Table 1",Select,"No authorization",TRUE
3646,7509,15,"2016-10-24 01:55:00","User B","Business user","Table 1",Select,"No authorization",TRUE
3647,7510,3,"2016-10-24 02:09:00","User B","Business user","Table 1",Select,"No authorization",TRUE
3648,7510,11,"2016-10-24 02:09:00","User B","Business user","Table 1",Select,"No authorization",TRUE
3649,7510,13,"2016-10-24 02:09:00","User B","Business user","Table 1",Select,"No authorization",TRUE
3650,7510,15,"2016-10-24 02:09:00","User B","Business user","Table 1",Select,"No authorization",TRUE
3651,7511,3,"2016-10-24 02:23:00","User B","Business user","Table 1",Select,"No authorization",TRUE
3652,7511,11,"2016-10-24 02:23:00","User B","Business user","Table 1",Select,"No authorization",TRUE
3653,7511,13,"2016-10-24 02:23:00","User B","Business user","Table 1",Select,"No authorization",TRUE
3654,7511,15,"2016-10-24 02:23:00","User B","Business user","Table 1",Select,"No authorization",TRUE
3655,7515,5,"2016-10-24 03:21:00","User A",Analyst,"Element 2",Select,"No authorization",TRUE
3656,7515,9,"2016-10-24 03:21:00","User A",Analyst,"Element 2",Select,"No authorization",TRUE
3657,7515,11,"2016-10-24 03:21:00","User A",Analyst,"Element 2",Select,"No authorization",TRUE
3658,7515,13,"2016-10-24 03:21:00","User A",Analyst,"Element 2",Select,"No authorization",TRUE
3659,7516,5,"2016-10-24 03:35:00","User A",Analyst,"Element 2",Select,"No authorization",TRUE
3660,7516,9,"2016-10-24 03:35:00","User A",Analyst,"Element 2",Select,"No authorization",TRUE
3661,7516,11,"2016-10-24 03:35:00","User A",Analyst,"Element 2",Select,"No authorization",TRUE
3662,7516,13,"2016-10-24 03:35:00","User A",Analyst,"Element 2",Select,"No authorization",TRUE
3663,7517,5,"2016-10-24 03:50:00","User A",Analyst,"Element 2",Select,"No authorization",TRUE
3664,7517,9,"2016-10-24 03:50:00","User A",Analyst,"Element 2",Select,"No authorization",TRUE
3665,7517,11,"2016-10-24 03:50:00","User A",Analyst,"Element 2",Select,"No authorization",TRUE
3666,7517,13,"2016-10-24 03:50:00","User A",Analyst,"Element 2",Select,"No authorization",TRUE
3667,7518,6,"2016-10-24 04:04:00","User A",Analyst,"Element 3",Append,"No authorization",TRUE
3668,7518,8,"2016-10-24 04:04:00","User A",Analyst,"Element 3",Append,"No authorization",TRUE
3669,7518,10,"2016-10-24 04:04:00","User A",Analyst,"Element 3",Append,"No authorization",TRUE
3670,7518,12,"2016-10-24 04:04:00","User A",Analyst,"Element 3",Append,"No authorization",TRUE
3671,7518,14,"2016-10-24 04:04:00","User A",Analyst,"Element 3",Append,"No authorization",TRUE
3672,7518,16,"2016-10-24 04:04:00","User A",Analyst,"Element 3",Append,"No authorization",TRUE
3673,7536,1,"2016-10-24 08:23:00","User B","Business user","Element 1",Select,"No authorization",TRUE
3674,7536,9,"2016-10-24 08:23:00","User B","Business user","Element 1",Select,"No authorization",TRUE
3675,7536,11,"2016-10-24 08:23:00","User B","Business user","Element 1",Select,"No authorization",TRUE
3676,7536,15,"2016-10-24 08:23:00","User B","Business user","Element 1",Select,"No authorization",TRUE
3677,7538,1,"2016-10-24 08:52:00","User B","Business user","Element 1",Select,"No authorization",TRUE
3678,7538,9,"2016-10-24 08:52:00","User B","Business user","Element 1",Select,"No authorization",TRUE
3679,7538,11,"2016-10-24 08:52:00","User B","Business user","Element 1",Select,"No authorization",TRUE
3680,7538,15,"2016-10-24 08:52:00","User B","Business user","Element 1",Select,"No authorization",TRUE
3681,7549,1,"2016-10-24 11:31:00","User B","Business user","Element 1",Select,"No authorization",TRUE
3682,7549,9,"2016-10-24 11:31:00","User B","Business user","Element 1",Select,"No authorization",TRUE
3683,7549,11,"2016-10-24 11:31:00","User B","Business user","Element 1",Select,"No authorization",TRUE
3684,7549,15,"2016-10-24 11:31:00","User B","Business user","Element 1",Select,"No authorization",TRUE
3685,7551,1,"2016-10-24 11:59:00","User B","Business user","Element 1",Select,"No authorization",TRUE
3686,7551,9,"2016-10-24 11:59:00","User B","Business user","Element 1",Select,"No authorization",TRUE
3687,7551,11,"2016-10-24 11:59:00","User B","Business user","Element 1",Select,"No authorization",TRUE
3688,7551,15,"2016-10-24 11:59:00","User B","Business user","Element 1",Select,"No authorization",TRUE
3689,7564,1,"2016-10-25 03:07:00","User B","Business user","Element 1",Select,"No authorization",TRUE
3690,7564,9,"2016-10-25 03:07:00","User B","Business user","Element 1",Select,"No authorization",TRUE
3691,7564,11,"2016-10-25 03:07:00","User B","Business user","Element 1",Select,"No authorization",TRUE
3692,7564,15,"2016-10-25 03:07:00","User B","Business user","Element 1",Select,"No authorization",TRUE
3693,7603,1,"2016-10-25 12:28:00","User B","Business user","Element 1",Select,"No authorization",TRUE
3694,7603,9,"2016-10-25 12:28:00","User B","Business user","Element 1",Select,"No authorization",TRUE
3695,7603,11,"2016-10-25 12:28:00","User B","Business user","Element 1",Select,"No authorization",TRUE
3696,7603,15,"2016-10-25 12:28:00","User B","Business user","Element 1",Select,"No authorization",TRUE
3697,7613,3,"2016-10-25 02:52:00","User B","Business user","Table 1",Select,"No authorization",TRUE
3698,7613,11,"2016-10-25 02:52:00","User B","Business user","Table 1",Select,"No authorization",TRUE
3699,7613,13,"2016-10-25 02:52:00","User B","Business user","Table 1",Select,"No authorization",TRUE
3700,7613,15,"2016-10-25 02:52:00","User B","Business user","Table 1",Select,"No authorization",TRUE
3701,7628,3,"2016-10-25 06:28:00","User B","Business user","Table 1",Select,"No authorization",TRUE
3702,7628,11,"2016-10-25 06:28:00","User B","Business user","Table 1",Select,"No authorization",TRUE
3703,7628,13,"2016-10-25 06:28:00","User B","Business user","Table 1",Select,"No authorization",TRUE
3704,7628,15,"2016-10-25 06:28:00","User B","Business user","Table 1",Select,"No authorization",TRUE
3705,7629,3,"2016-10-25 06:43:00","User B","Business user","Table 1",Select,"No authorization",TRUE
3706,7629,11,"2016-10-25 06:43:00","User B","Business user","Table 1",Select,"No authorization",TRUE
3707,7629,13,"2016-10-25 06:43:00","User B","Business user","Table 1",Select,"No authorization",TRUE
3708,7629,15,"2016-10-25 06:43:00","User B","Business user","Table 1",Select,"No authorization",TRUE
3709,7630,3,"2016-10-25 06:57:00","User B","Business user","Table 1",Select,"No authorization",TRUE
3710,7630,11,"2016-10-25 06:57:00","User B","Business user","Table 1",Select,"No authorization",TRUE
3711,7630,13,"2016-10-25 06:57:00","User B","Business user","Table 1",Select,"No authorization",TRUE
3712,7630,15,"2016-10-25 06:57:00","User B","Business user","Table 1",Select,"No authorization",TRUE
3713,7634,5,"2016-10-25 07:55:00","User A",Analyst,"Element 2",Select,"No authorization",TRUE
3714,7634,9,"2016-10-25 07:55:00","User A",Analyst,"Element 2",Select,"No authorization",TRUE
3715,7634,11,"2016-10-25 07:55:00","User A",Analyst,"Element 2",Select,"No authorization",TRUE
3716,7634,13,"2016-10-25 07:55:00","User A",Analyst,"Element 2",Select,"No authorization",TRUE
3717,7635,5,"2016-10-25 08:09:00","User A",Analyst,"Element 2",Select,"No authorization",TRUE
3718,7635,9,"2016-10-25 08:09:00","User A",Analyst,"Element 2",Select,"No authorization",TRUE
3719,7635,11,"2016-10-25 08:09:00","User A",Analyst,"Element 2",Select,"No authorization",TRUE
3720,7635,13,"2016-10-25 08:09:00","User A",Analyst,"Element 2",Select,"No authorization",TRUE
3721,7636,5,"2016-10-25 08:23:00","User A",Analyst,"Element 2",Select,"No authorization",TRUE
3722,7636,9,"2016-10-25 08:23:00","User A",Analyst,"Element 2",Select,"No authorization",TRUE
3723,7636,11,"2016-10-25 08:23:00","User A",Analyst,"Element 2",Select,"No authorization",TRUE
3724,7636,13,"2016-10-25 08:23:00","User A",Analyst,"Element 2",Select,"No authorization",TRUE
3725,7637,6,"2016-10-25 08:38:00","User A",Analyst,"Element 3",Append,"No authorization",TRUE
3726,7637,8,"2016-10-25 08:38:00","User A",Analyst,"Element 3",Append,"No authorization",TRUE
3727,7637,10,"2016-10-25 08:38:00","User A",Analyst,"Element 3",Append,"No authorization",TRUE
3728,7637,12,"2016-10-25 08:38:00","User A",Analyst,"Element 3",Append,"No authorization",TRUE
3729,7637,14,"2016-10-25 08:38:00","User A",Analyst,"Element 3",Append,"No authorization",TRUE
3730,7637,16,"2016-10-25 08:38:00","User A",Analyst,"Element 3",Append,"No authorization",TRUE
3731,7655,1,"2016-10-26 12:57:00","User B","Business user","Element 1",Select,"No authorization",TRUE
3732,7655,9,"2016-10-26 12:57:00","User B","Business user","Element 1",Select,"No authorization",TRUE
3733,7655,11,"2016-10-26 12:57:00","User B","Business user","Element 1",Select,"No authorization",TRUE
3734,7655,15,"2016-10-26 12:57:00","User B","Business user","Element 1",Select,"No authorization",TRUE
3735,7657,1,"2016-10-26 01:26:00","User B","Business user","Element 1",Select,"No authorization",TRUE
3736,7657,9,"2016-10-26 01:26:00","User B","Business user","Element 1",Select,"No authorization",TRUE
3737,7657,11,"2016-10-26 01:26:00","User B","Business user","Element 1",Select,"No authorization",TRUE
3738,7657,15,"2016-10-26 01:26:00","User B","Business user","Element 1",Select,"No authorization",TRUE
3739,7668,1,"2016-10-26 04:04:00","User B","Business user","Element 1",Select,"No authorization",TRUE
3740,7668,9,"2016-10-26 04:04:00","User B","Business user","Element 1",Select,"No authorization",TRUE
3741,7668,11,"2016-10-26 04:04:00","User B","Business user","Element 1",Select,"No authorization",TRUE
3742,7668,15,"2016-10-26 04:04:00","User B","Business user","Element 1",Select,"No authorization",TRUE
3743,7670,1,"2016-10-26 04:33:00","User B","Business user","Element 1",Select,"No authorization",TRUE
3744,7670,9,"2016-10-26 04:33:00","User B","Business user","Element 1",Select,"No authorization",TRUE
3745,7670,11,"2016-10-26 04:33:00","User B","Business user","Element 1",Select,"No authorization",TRUE
3746,7670,15,"2016-10-26 04:33:00","User B","Business user","Element 1",Select,"No authorization",TRUE
3747,7683,1,"2016-10-26 07:40:00","User B","Business user","Element 1",Select,"No authorization",TRUE
3748,7683,9,"2016-10-26 07:40:00","User B","Business user","Element 1",Select,"No authorization",TRUE
3749,7683,11,"2016-10-26 07:40:00","User B","Business user","Element 1",Select,"No authorization",TRUE
3750,7683,15,"2016-10-26 07:40:00","User B","Business user","Element 1",Select,"No authorization",TRUE
3751,7722,1,"2016-10-26 05:02:00","User B","Business user","Element 1",Select,"No authorization",TRUE
3752,7722,9,"2016-10-26 05:02:00","User B","Business user","Element 1",Select,"No authorization",TRUE
3753,7722,11,"2016-10-26 05:02:00","User B","Business user","Element 1",Select,"No authorization",TRUE
3754,7722,15,"2016-10-26 05:02:00","User B","Business user","Element 1",Select,"No authorization",TRUE
3755,7732,3,"2016-10-26 07:26:00","User B","Business user","Table 1",Select,"No authorization",TRUE
3756,7732,11,"2016-10-26 07:26:00","User B","Business user","Table 1",Select,"No authorization",TRUE
3757,7732,13,"2016-10-26 07:26:00","User B","Business user","Table 1",Select,"No authorization",TRUE
3758,7732,15,"2016-10-26 07:26:00","User B","Business user","Table 1",Select,"No authorization",TRUE
3759,7747,3,"2016-10-26 11:02:00","User B","Business user","Table 1",Select,"No authorization",TRUE
3760,7747,11,"2016-10-26 11:02:00","User B","Business user","Table 1",Select,"No authorization",TRUE
3761,7747,13,"2016-10-26 11:02:00","User B","Business user","Table 1",Select,"No authorization",TRUE
3762,7747,15,"2016-10-26 11:02:00","User B","Business user","Table 1",Select,"No authorization",TRUE
3763,7748,3,"2016-10-26 11:16:00","User B","Business user","Table 1",Select,"No authorization",TRUE
3764,7748,11,"2016-10-26 11:16:00","User B","Business user","Table 1",Select,"No authorization",TRUE
3765,7748,13,"2016-10-26 11:16:00","User B","Business user","Table 1",Select,"No authorization",TRUE
3766,7748,15,"2016-10-26 11:16:00","User B","Business user","Table 1",Select,"No authorization",TRUE
3767,7749,3,"2016-10-26 11:31:00","User B","Business user","Table 1",Select,"No authorization",TRUE
3768,7749,11,"2016-10-26 11:31:00","User B","Business user","Table 1",Select,"No authorization",TRUE
3769,7749,13,"2016-10-26 11:31:00","User B","Business user","Table 1",Select,"No authorization",TRUE
3770,7749,15,"2016-10-26 11:31:00","User B","Business user","Table 1",Select,"No authorization",TRUE
3771,7753,5,"2016-10-27 12:28:00","User A",Analyst,"Element 2",Select,"No authorization",TRUE
3772,7753,9,"2016-10-27 12:28:00","User A",Analyst,"Element 2",Select,"No authorization",TRUE
3773,7753,11,"2016-10-27 12:28:00","User A",Analyst,"Element 2",Select,"No authorization",TRUE
3774,7753,13,"2016-10-27 12:28:00","User A",Analyst,"Element 2",Select,"No authorization",TRUE
3775,7754,5,"2016-10-27 12:43:00","User A",Analyst,"Element 2",Select,"No authorization",TRUE
3776,7754,9,"2016-10-27 12:43:00","User A",Analyst,"Element 2",Select,"No authorization",TRUE
3777,7754,11,"2016-10-27 12:43:00","User A",Analyst,"Element 2",Select,"No authorization",TRUE
3778,7754,13,"2016-10-27 12:43:00","User A",Analyst,"Element 2",Select,"No authorization",TRUE
3779,7755,5,"2016-10-27 12:57:00","User A",Analyst,"Element 2",Select,"No authorization",TRUE
3780,7755,9,"2016-10-27 12:57:00","User A",Analyst,"Element 2",Select,"No authorization",TRUE
3781,7755,11,"2016-10-27 12:57:00","User A",Analyst,"Element 2",Select,"No authorization",TRUE
3782,7755,13,"2016-10-27 12:57:00","User A",Analyst,"Element 2",Select,"No authorization",TRUE
3783,7756,6,"2016-10-27 01:11:00","User A",Analyst,"Element 3",Append,"No authorization",TRUE
3784,7756,8,"2016-10-27 01:11:00","User A",Analyst,"Element 3",Append,"No authorization",TRUE
3785,7756,10,"2016-10-27 01:11:00","User A",Analyst,"Element 3",Append,"No authorization",TRUE
3786,7756,12,"2016-10-27 01:11:00","User A",Analyst,"Element 3",Append,"No authorization",TRUE
3787,7756,14,"2016-10-27 01:11:00","User A",Analyst,"Element 3",Append,"No authorization",TRUE
3788,7756,16,"2016-10-27 01:11:00","User A",Analyst,"Element 3",Append,"No authorization",TRUE
3789,7774,1,"2016-10-27 05:31:00","User B","Business user","Element 1",Select,"No authorization",TRUE
3790,7774,9,"2016-10-27 05:31:00","User B","Business user","Element 1",Select,"No authorization",TRUE
3791,7774,11,"2016-10-27 05:31:00","User B","Business user","Element 1",Select,"No authorization",TRUE
3792,7774,15,"2016-10-27 05:31:00","User B","Business user","Element 1",Select,"No authorization",TRUE
3793,7776,1,"2016-10-27 05:59:00","User B","Business user","Element 1",Select,"No authorization",TRUE
3794,7776,9,"2016-10-27 05:59:00","User B","Business user","Element 1",Select,"No authorization",TRUE
3795,7776,11,"2016-10-27 05:59:00","User B","Business user","Element 1",Select,"No authorization",TRUE
3796,7776,15,"2016-10-27 05:59:00","User B","Business user","Element 1",Select,"No authorization",TRUE
3797,7787,1,"2016-10-27 08:38:00","User B","Business user","Element 1",Select,"No authorization",TRUE
3798,7787,9,"2016-10-27 08:38:00","User B","Business user","Element 1",Select,"No authorization",TRUE
3799,7787,11,"2016-10-27 08:38:00","User B","Business user","Element 1",Select,"No authorization",TRUE
3800,7787,15,"2016-10-27 08:38:00","User B","Business user","Element 1",Select,"No authorization",TRUE
3801,7789,1,"2016-10-27 09:07:00","User B","Business user","Element 1",Select,"No authorization",TRUE
3802,7789,9,"2016-10-27 09:07:00","User B","Business user","Element 1",Select,"No authorization",TRUE
3803,7789,11,"2016-10-27 09:07:00","User B","Business user","Element 1",Select,"No authorization",TRUE
3804,7789,15,"2016-10-27 09:07:00","User B","Business user","Element 1",Select,"No authorization",TRUE
3805,7802,1,"2016-10-27 12:14:00","User B","Business user","Element 1",Select,"No authorization",TRUE
3806,7802,9,"2016-10-27 12:14:00","User B","Business user","Element 1",Select,"No authorization",TRUE
3807,7802,11,"2016-10-27 12:14:00","User B","Business user","Element 1",Select,"No authorization",TRUE
3808,7802,15,"2016-10-27 12:14:00","User B","Business user","Element 1",Select,"No authorization",TRUE
3809,7841,1,"2016-10-27 09:35:00","User B","Business user","Element 1",Select,"No authorization",TRUE
3810,7841,9,"2016-10-27 09:35:00","User B","Business user","Element 1",Select,"No authorization",TRUE
3811,7841,11,"2016-10-27 09:35:00","User B","Business user","Element 1",Select,"No authorization",TRUE
3812,7841,15,"2016-10-27 09:35:00","User B","Business user","Element 1",Select,"No authorization",TRUE
3813,7851,3,"2016-10-27 11:59:00","User B","Business user","Table 1",Select,"No authorization",TRUE
3814,7851,11,"2016-10-27 11:59:00","User B","Business user","Table 1",Select,"No authorization",TRUE
3815,7851,13,"2016-10-27 11:59:00","User B","Business user","Table 1",Select,"No authorization",TRUE
3816,7851,15,"2016-10-27 11:59:00","User B","Business user","Table 1",Select,"No authorization",TRUE
3817,7866,3,"2016-10-28 03:35:00","User B","Business user","Table 1",Select,"No authorization",TRUE
3818,7866,11,"2016-10-28 03:35:00","User B","Business user","Table 1",Select,"No authorization",TRUE
3819,7866,13,"2016-10-28 03:35:00","User B","Business user","Table 1",Select,"No authorization",TRUE
3820,7866,15,"2016-10-28 03:35:00","User B","Business user","Table 1",Select,"No authorization",TRUE
3821,7867,3,"2016-10-28 03:50:00","User B","Business user","Table 1",Select,"No authorization",TRUE
3822,7867,11,"2016-10-28 03:50:00","User B","Business user","Table 1",Select,"No authorization",TRUE
3823,7867,13,"2016-10-28 03:50:00","User B","Business user","Table 1",Select,"No authorization",TRUE
3824,7867,15,"2016-10-28 03:50:00","User B","Business user","Table 1",Select,"No authorization",TRUE
3825,7868,3,"2016-10-28 04:04:00","User B","Business user","Table 1",Select,"No authorization",TRUE
3826,7868,11,"2016-10-28 04:04:00","User B","Business user","Table 1",Select,"No authorization",TRUE
3827,7868,13,"2016-10-28 04:04:00","User B","Business user","Table 1",Select,"No authorization",TRUE
3828,7868,15,"2016-10-28 04:04:00","User B","Business user","Table 1",Select,"No authorization",TRUE
3829,7872,5,"2016-10-28 05:02:00","User A",Analyst,"Element 2",Select,"No authorization",TRUE
3830,7872,9,"2016-10-28 05:02:00","User A",Analyst,"Element 2",Select,"No authorization",TRUE
3831,7872,11,"2016-10-28 05:02:00","User A",Analyst,"Element 2",Select,"No authorization",TRUE
3832,7872,13,"2016-10-28 05:02:00","User A",Analyst,"Element 2",Select,"No authorization",TRUE
3833,7873,5,"2016-10-28 05:16:00","User A",Analyst,"Element 2",Select,"No authorization",TRUE
3834,7873,9,"2016-10-28 05:16:00","User A",Analyst,"Element 2",Select,"No authorization",TRUE
3835,7873,11,"2016-10-28 05:16:00","User A",Analyst,"Element 2",Select,"No authorization",TRUE
3836,7873,13,"2016-10-28 05:16:00","User A",Analyst,"Element 2",Select,"No authorization",TRUE
3837,7874,5,"2016-10-28 05:31:00","User A",Analyst,"Element 2",Select,"No authorization",TRUE
3838,7874,9,"2016-10-28 05:31:00","User A",Analyst,"Element 2",Select,"No authorization",TRUE
3839,7874,11,"2016-10-28 05:31:00","User A",Analyst,"Element 2",Select,"No authorization",TRUE
3840,7874,13,"2016-10-28 05:31:00","User A",Analyst,"Element 2",Select,"No authorization",TRUE
3841,7875,6,"2016-10-28 05:45:00","User A",Analyst,"Element 3",Append,"No authorization",TRUE
3842,7875,8,"2016-10-28 05:45:00","User A",Analyst,"Element 3",Append,"No authorization",TRUE
3843,7875,10,"2016-10-28 05:45:00","User A",Analyst,"Element 3",Append,"No authorization",TRUE
3844,7875,12,"2016-10-28 05:45:00","User A",Analyst,"Element 3",Append,"No authorization",TRUE
3845,7875,14,"2016-10-28 05:45:00","User A",Analyst,"Element 3",Append,"No authorization",TRUE
3846,7875,16,"2016-10-28 05:45:00","User A",Analyst,"Element 3",Append,"No authorization",TRUE
3847,7893,1,"2016-10-28 10:04:00","User B","Business user","Element 1",Select,"No authorization",TRUE
3848,7893,9,"2016-10-28 10:04:00","User B","Business user","Element 1",Select,"No authorization",TRUE
3849,7893,11,"2016-10-28 10:04:00","User B","Business user","Element 1",Select,"No authorization",TRUE
3850,7893,15,"2016-10-28 10:04:00","User B","Business user","Element 1",Select,"No authorization",TRUE
3851,7895,1,"2016-10-28 10:33:00","User B","Business user","Element 1",Select,"No authorization",TRUE
3852,7895,9,"2016-10-28 10:33:00","User B","Business user","Element 1",Select,"No authorization",TRUE
3853,7895,11,"2016-10-28 10:33:00","User B","Business user","Element 1",Select,"No authorization",TRUE
3854,7895,15,"2016-10-28 10:33:00","User B","Business user","Element 1",Select,"No authorization",TRUE
3855,7906,1,"2016-10-28 01:11:00","User B","Business user","Element 1",Select,"No authorization",TRUE
3856,7906,9,"2016-10-28 01:11:00","User B","Business user","Element 1",Select,"No authorization",TRUE
3857,7906,11,"2016-10-28 01:11:00","User B","Business user","Element 1",Select,"No authorization",TRUE
3858,7906,15,"2016-10-28 01:11:00","User B","Business user","Element 1",Select,"No authorization",TRUE
3859,7908,1,"2016-10-28 01:40:00","User B","Business user","Element 1",Select,"No authorization",TRUE
3860,7908,9,"2016-10-28 01:40:00","User B","Business user","Element 1",Select,"No authorization",TRUE
3861,7908,11,"2016-10-28 01:40:00","User B","Business user","Element 1",Select,"No authorization",TRUE
3862,7908,15,"2016-10-28 01:40:00","User B","Business user","Element 1",Select,"No authorization",TRUE
3863,7921,1,"2016-10-28 04:47:00","User B","Business user","Element 1",Select,"No authorization",TRUE
3864,7921,9,"2016-10-28 04:47:00","User B","Business user","Element 1",Select,"No authorization",TRUE
3865,7921,11,"2016-10-28 04:47:00","User B","Business user","Element 1",Select,"No authorization",TRUE
3866,7921,15,"2016-10-28 04:47:00","User B","Business user","Element 1",Select,"No authorization",TRUE
3867,7960,1,"2016-10-29 02:09:00","User B","Business user","Element 1",Select,"No authorization",TRUE
3868,7960,9,"2016-10-29 02:09:00","User B","Business user","Element 1",Select,"No authorization",TRUE
3869,7960,11,"2016-10-29 02:09:00","User B","Business user","Element 1",Select,"No authorization",TRUE
3870,7960,15,"2016-10-29 02:09:00","User B","Business user","Element 1",Select,"No authorization",TRUE
3871,7970,3,"2016-10-29 04:33:00","User B","Business user","Table 1",Select,"No authorization",TRUE
3872,7970,11,"2016-10-29 04:33:00","User B","Business user","Table 1",Select,"No authorization",TRUE
3873,7970,13,"2016-10-29 04:33:00","User B","Business user","Table 1",Select,"No authorization",TRUE
3874,7970,15,"2016-10-29 04:33:00","User B","Business user","Table 1",Select,"No authorization",TRUE
3875,7985,3,"2016-10-29 08:09:00","User B","Business user","Table 1",Select,"No authorization",TRUE
3876,7985,11,"2016-10-29 08:09:00","User B","Business user","Table 1",Select,"No authorization",TRUE
3877,7985,13,"2016-10-29 08:09:00","User B","Business user","Table 1",Select,"No authorization",TRUE
3878,7985,15,"2016-10-29 08:09:00","User B","Business user","Table 1",Select,"No authorization",TRUE
3879,7986,3,"2016-10-29 08:23:00","User B","Business user","Table 1",Select,"No authorization",TRUE
3880,7986,11,"2016-10-29 08:23:00","User B","Business user","Table 1",Select,"No authorization",TRUE
3881,7986,13,"2016-10-29 08:23:00","User B","Business user","Table 1",Select,"No authorization",TRUE
3882,7986,15,"2016-10-29 08:23:00","User B","Business user","Table 1",Select,"No authorization",TRUE
3883,7987,3,"2016-10-29 08:38:00","User B","Business user","Table 1",Select,"No authorization",TRUE
3884,7987,11,"2016-10-29 08:38:00","User B","Business user","Table 1",Select,"No authorization",TRUE
3885,7987,13,"2016-10-29 08:38:00","User B","Business user","Table 1",Select,"No authorization",TRUE
3886,7987,15,"2016-10-29 08:38:00","User B","Business user","Table 1",Select,"No authorization",TRUE
3887,7991,5,"2016-10-29 09:35:00","User A",Analyst,"Element 2",Select,"No authorization",TRUE
3888,7991,9,"2016-10-29 09:35:00","User A",Analyst,"Element 2",Select,"No authorization",TRUE
3889,7991,11,"2016-10-29 09:35:00","User A",Analyst,"Element 2",Select,"No authorization",TRUE
3890,7991,13,"2016-10-29 09:35:00","User A",Analyst,"Element 2",Select,"No authorization",TRUE
3891,7992,5,"2016-10-29 09:50:00","User A",Analyst,"Element 2",Select,"No authorization",TRUE
3892,7992,9,"2016-10-29 09:50:00","User A",Analyst,"Element 2",Select,"No authorization",TRUE
3893,7992,11,"2016-10-29 09:50:00","User A",Analyst,"Element 2",Select,"No authorization",TRUE
3894,7992,13,"2016-10-29 09:50:00","User A",Analyst,"Element 2",Select,"No authorization",TRUE
3895,7993,5,"2016-10-29 10:04:00","User A",Analyst,"Element 2",Select,"No authorization",TRUE
3896,7993,9,"2016-10-29 10:04:00","User A",Analyst,"Element 2",Select,"No authorization",TRUE
3897,7993,11,"2016-10-29 10:04:00","User A",Analyst,"Element 2",Select,"No authorization",TRUE
3898,7993,13,"2016-10-29 10:04:00","User A",Analyst,"Element 2",Select,"No authorization",TRUE
3899,7994,6,"2016-10-29 10:19:00","User A",Analyst,"Element 3",Append,"No authorization",TRUE
3900,7994,8,"2016-10-29 10:19:00","User A",Analyst,"Element 3",Append,"No authorization",TRUE
3901,7994,10,"2016-10-29 10:19:00","User A",Analyst,"Element 3",Append,"No authorization",TRUE
3902,7994,12,"2016-10-29 10:19:00","User A",Analyst,"Element 3",Append,"No authorization",TRUE
3903,7994,14,"2016-10-29 10:19:00","User A",Analyst,"Element 3",Append,"No authorization",TRUE
3904,7994,16,"2016-10-29 10:19:00","User A",Analyst,"Element 3",Append,"No authorization",TRUE
3905,8012,1,"2016-10-29 02:38:00","User B","Business user","Element 1",Select,"No authorization",TRUE
3906,8012,9,"2016-10-29 02:38:00","User B","Business user","Element 1",Select,"No authorization",TRUE
3907,8012,11,"2016-10-29 02:38:00","User B","Business user","Element 1",Select,"No authorization",TRUE
3908,8012,15,"2016-10-29 02:38:00","User B","Business user","Element 1",Select,"No authorization",TRUE
3909,8014,1,"2016-10-29 03:07:00","User B","Business user","Element 1",Select,"No authorization",TRUE
3910,8014,9,"2016-10-29 03:07:00","User B","Business user","Element 1",Select,"No authorization",TRUE
3911,8014,11,"2016-10-29 03:07:00","User B","Business user","Element 1",Select,"No authorization",TRUE
3912,8014,15,"2016-10-29 03:07:00","User B","Business user","Element 1",Select,"No authorization",TRUE
3913,8025,1,"2016-10-29 05:45:00","User B","Business user","Element 1",Select,"No authorization",TRUE
3914,8025,9,"2016-10-29 05:45:00","User B","Business user","Element 1",Select,"No authorization",TRUE
3915,8025,11,"2016-10-29 05:45:00","User B","Business user","Element 1",Select,"No authorization",TRUE
3916,8025,15,"2016-10-29 05:45:00","User B","Business user","Element 1",Select,"No authorization",TRUE
3917,8027,1,"2016-10-29 06:14:00","User B","Business user","Element 1",Select,"No authorization",TRUE
3918,8027,9,"2016-10-29 06:14:00","User B","Business user","Element 1",Select,"No authorization",TRUE
3919,8027,11,"2016-10-29 06:14:00","User B","Business user","Element 1",Select,"No authorization",TRUE
3920,8027,15,"2016-10-29 06:14:00","User B","Business user","Element 1",Select,"No authorization",TRUE
3921,8040,1,"2016-10-29 09:21:00","User B","Business user","Element 1",Select,"No authorization",TRUE
3922,8040,9,"2016-10-29 09:21:00","User B","Business user","Element 1",Select,"No authorization",TRUE
3923,8040,11,"2016-10-29 09:21:00","User B","Business user","Element 1",Select,"No authorization",TRUE
3924,8040,15,"2016-10-29 09:21:00","User B","Business user","Element 1",Select,"No authorization",TRUE
3925,8079,1,"2016-10-30 06:43:00","User B","Business user","Element 1",Select,"No authorization",TRUE
3926,8079,9,"2016-10-30 06:43:00","User B","Business user","Element 1",Select,"No authorization",TRUE
3927,8079,11,"2016-10-30 06:43:00","User B","Business user","Element 1",Select,"No authorization",TRUE
3928,8079,15,"2016-10-30 06:43:00","User B","Business user","Element 1",Select,"No authorization",TRUE
3929,8089,3,"2016-10-30 09:07:00","User B","Business user","Table 1",Select,"No authorization",TRUE
3930,8089,11,"2016-10-30 09:07:00","User B","Business user","Table 1",Select,"No authorization",TRUE
3931,8089,13,"2016-10-30 09:07:00","User B","Business user","Table 1",Select,"No authorization",TRUE
3932,8089,15,"2016-10-30 09:07:00","User B","Business user","Table 1",Select,"No authorization",TRUE
3933,8104,3,"2016-10-30 12:43:00","User B","Business user","Table 1",Select,"No authorization",TRUE
3934,8104,11,"2016-10-30 12:43:00","User B","Business user","Table 1",Select,"No authorization",TRUE
3935,8104,13,"2016-10-30 12:43:00","User B","Business user","Table 1",Select,"No authorization",TRUE
3936,8104,15,"2016-10-30 12:43:00","User B","Business user","Table 1",Select,"No authorization",TRUE
3937,8105,3,"2016-10-30 12:57:00","User B","Business user","Table 1",Select,"No authorization",TRUE
3938,8105,11,"2016-10-30 12:57:00","User B","Business user","Table 1",Select,"No authorization",TRUE
3939,8105,13,"2016-10-30 12:57:00","User B","Business user","Table 1",Select,"No authorization",TRUE
3940,8105,15,"2016-10-30 12:57:00","User B","Business user","Table 1",Select,"No authorization",TRUE
3941,8106,3,"2016-10-30 01:11:00","User B","Business user","Table 1",Select,"No authorization",TRUE
3942,8106,11,"2016-10-30 01:11:00","User B","Business user","Table 1",Select,"No authorization",TRUE
3943,8106,13,"2016-10-30 01:11:00","User B","Business user","Table 1",Select,"No authorization",TRUE
3944,8106,15,"2016-10-30 01:11:00","User B","Business user","Table 1",Select,"No authorization",TRUE
3945,8111,5,"2016-10-30 02:23:00","User A",Analyst,"Element 2",Select,"No authorization",TRUE
3946,8111,9,"2016-10-30 02:23:00","User A",Analyst,"Element 2",Select,"No authorization",TRUE
3947,8111,11,"2016-10-30 02:23:00","User A",Analyst,"Element 2",Select,"No authorization",TRUE
3948,8111,13,"2016-10-30 02:23:00","User A",Analyst,"Element 2",Select,"No authorization",TRUE
3949,8112,5,"2016-10-30 02:38:00","User A",Analyst,"Element 2",Select,"No authorization",TRUE
3950,8112,9,"2016-10-30 02:38:00","User A",Analyst,"Element 2",Select,"No authorization",TRUE
3951,8112,11,"2016-10-30 02:38:00","User A",Analyst,"Element 2",Select,"No authorization",TRUE
3952,8112,13,"2016-10-30 02:38:00","User A",Analyst,"Element 2",Select,"No authorization",TRUE
3953,8113,5,"2016-10-30 02:52:00","User A",Analyst,"Element 2",Select,"No authorization",TRUE
3954,8113,9,"2016-10-30 02:52:00","User A",Analyst,"Element 2",Select,"No authorization",TRUE
3955,8113,11,"2016-10-30 02:52:00","User A",Analyst,"Element 2",Select,"No authorization",TRUE
3956,8113,13,"2016-10-30 02:52:00","User A",Analyst,"Element 2",Select,"No authorization",TRUE
3957,8114,6,"2016-10-30 03:07:00","User A",Analyst,"Element 3",Append,"No authorization",TRUE
3958,8114,8,"2016-10-30 03:07:00","User A",Analyst,"Element 3",Append,"No authorization",TRUE
3959,8114,10,"2016-10-30 03:07:00","User A",Analyst,"Element 3",Append,"No authorization",TRUE
3960,8114,12,"2016-10-30 03:07:00","User A",Analyst,"Element 3",Append,"No authorization",TRUE
3961,8114,14,"2016-10-30 03:07:00","User A",Analyst,"Element 3",Append,"No authorization",TRUE
3962,8114,16,"2016-10-30 03:07:00","User A",Analyst,"Element 3",Append,"No authorization",TRUE
3963,8132,1,"2016-10-30 07:26:00","User B","Business user","Element 1",Select,"No authorization",TRUE
3964,8132,9,"2016-10-30 07:26:00","User B","Business user","Element 1",Select,"No authorization",TRUE
3965,8132,11,"2016-10-30 07:26:00","User B","Business user","Element 1",Select,"No authorization",TRUE
3966,8132,15,"2016-10-30 07:26:00","User B","Business user","Element 1",Select,"No authorization",TRUE
3967,8134,1,"2016-10-30 07:55:00","User B","Business user","Element 1",Select,"No authorization",TRUE
3968,8134,9,"2016-10-30 07:55:00","User B","Business user","Element 1",Select,"No authorization",TRUE
3969,8134,11,"2016-10-30 07:55:00","User B","Business user","Element 1",Select,"No authorization",TRUE
3970,8134,15,"2016-10-30 07:55:00","User B","Business user","Element 1",Select,"No authorization",TRUE
3971,8145,1,"2016-10-30 10:33:00","User B","Business user","Element 1",Select,"No authorization",TRUE
3972,8145,9,"2016-10-30 10:33:00","User B","Business user","Element 1",Select,"No authorization",TRUE
3973,8145,11,"2016-10-30 10:33:00","User B","Business user","Element 1",Select,"No authorization",TRUE
3974,8145,15,"2016-10-30 10:33:00","User B","Business user","Element 1",Select,"No authorization",TRUE
3975,8147,1,"2016-10-30 11:02:00","User B","Business user","Element 1",Select,"No authorization",TRUE
3976,8147,9,"2016-10-30 11:02:00","User B","Business user","Element 1",Select,"No authorization",TRUE
3977,8147,11,"2016-10-30 11:02:00","User B","Business user","Element 1",Select,"No authorization",TRUE
3978,8147,15,"2016-10-30 11:02:00","User B","Business user","Element 1",Select,"No authorization",TRUE
3979,8160,1,"2016-10-31 02:09:00","User B","Business user","Element 1",Select,"No authorization",TRUE
3980,8160,9,"2016-10-31 02:09:00","User B","Business user","Element 1",Select,"No authorization",TRUE
3981,8160,11,"2016-10-31 02:09:00","User B","Business user","Element 1",Select,"No authorization",TRUE
3982,8160,15,"2016-10-31 02:09:00","User B","Business user","Element 1",Select,"No authorization",TRUE
3983,8199,1,"2016-10-31 11:31:00","User B","Business user","Element 1",Select,"No authorization",TRUE
3984,8199,9,"2016-10-31 11:31:00","User B","Business user","Element 1",Select,"No authorization",TRUE
3985,8199,11,"2016-10-31 11:31:00","User B","Business user","Element 1",Select,"No authorization",TRUE
3986,8199,15,"2016-10-31 11:31:00","User B","Business user","Element 1",Select,"No authorization",TRUE
3987,8209,3,"2016-10-31 01:55:00","User B","Business user","Table 1",Select,"No authorization",TRUE
3988,8209,11,"2016-10-31 01:55:00","User B","Business user","Table 1",Select,"No authorization",TRUE
3989,8209,13,"2016-10-31 01:55:00","User B","Business user","Table 1",Select,"No authorization",TRUE
3990,8209,15,"2016-10-31 01:55:00","User B","Business user","Table 1",Select,"No authorization",TRUE
3991,8224,3,"2016-10-31 05:31:00","User B","Business user","Table 1",Select,"No authorization",TRUE
3992,8224,11,"2016-10-31 05:31:00","User B","Business user","Table 1",Select,"No authorization",TRUE
3993,8224,13,"2016-10-31 05:31:00","User B","Business user","Table 1",Select,"No authorization",TRUE
3994,8224,15,"2016-10-31 05:31:00","User B","Business user","Table 1",Select,"No authorization",TRUE
3995,8225,3,"2016-10-31 05:45:00","User B","Business user","Table 1",Select,"No authorization",TRUE
3996,8225,11,"2016-10-31 05:45:00","User B","Business user","Table 1",Select,"No authorization",TRUE
3997,8225,13,"2016-10-31 05:45:00","User B","Business user","Table 1",Select,"No authorization",TRUE
3998,8225,15,"2016-10-31 05:45:00","User B","Business user","Table 1",Select,"No authorization",TRUE
3999,8226,3,"2016-10-31 05:59:00","User B","Business user","Table 1",Select,"No authorization",TRUE
4000,8226,11,"2016-10-31 05:59:00","User B","Business user","Table 1",Select,"No authorization",TRUE
