d_id,m_id,ar_id,time,requestor,role,component,request_type,violation_type,score
4001,8226,13,"2016-10-31 05:59:00","User B","Business user","Table 1",Select,"No authorization",TRUE
4002,8226,15,"2016-10-31 05:59:00","User B","Business user","Table 1",Select,"No authorization",TRUE
4003,8231,5,"2016-10-31 07:11:00","User A",Analyst,"Element 2",Select,"No authorization",TRUE
4004,8231,9,"2016-10-31 07:11:00","User A",Analyst,"Element 2",Select,"No authorization",TRUE
4005,8231,11,"2016-10-31 07:11:00","User A",Analyst,"Element 2",Select,"No authorization",TRUE
4006,8231,13,"2016-10-31 07:11:00","User A",Analyst,"Element 2",Select,"No authorization",TRUE
4007,8232,5,"2016-10-31 07:26:00","User A",Analyst,"Element 2",Select,"No authorization",TRUE
4008,8232,9,"2016-10-31 07:26:00","User A",Analyst,"Element 2",Select,"No authorization",TRUE
4009,8232,11,"2016-10-31 07:26:00","User A",Analyst,"Element 2",Select,"No authorization",TRUE
4010,8232,13,"2016-10-31 07:26:00","User A",Analyst,"Element 2",Select,"No authorization",TRUE
4011,8233,5,"2016-10-31 07:40:00","User A",Analyst,"Element 2",Select,"No authorization",TRUE
4012,8233,9,"2016-10-31 07:40:00","User A",Analyst,"Element 2",Select,"No authorization",TRUE
4013,8233,11,"2016-10-31 07:40:00","User A",Analyst,"Element 2",Select,"No authorization",TRUE
4014,8233,13,"2016-10-31 07:40:00","User A",Analyst,"Element 2",Select,"No authorization",TRUE
4015,8234,6,"2016-10-31 07:55:00","User A",Analyst,"Element 3",Append,"No authorization",TRUE
4016,8234,8,"2016-10-31 07:55:00","User A",Analyst,"Element 3",Append,"No authorization",TRUE
4017,8234,10,"2016-10-31 07:55:00","User A",Analyst,"Element 3",Append,"No authorization",TRUE
4018,8234,12,"2016-10-31 07:55:00","User A",Analyst,"Element 3",Append,"No authorization",TRUE
4019,8234,14,"2016-10-31 07:55:00","User A",Analyst,"Element 3",Append,"No authorization",TRUE
4020,8234,16,"2016-10-31 07:55:00","User A",Analyst,"Element 3",Append,"No authorization",TRUE
4021,8252,1,"2016-11-01 12:14:00","User B","Business user","Element 1",Select,"No authorization",TRUE
4022,8252,9,"2016-11-01 12:14:00","User B","Business user","Element 1",Select,"No authorization",TRUE
4023,8252,11,"2016-11-01 12:14:00","User B","Business user","Element 1",Select,"No authorization",TRUE
4024,8252,15,"2016-11-01 12:14:00","User B","Business user","Element 1",Select,"No authorization",TRUE
4025,8254,1,"2016-11-01 12:43:00","User B","Business user","Element 1",Select,"No authorization",TRUE
4026,8254,9,"2016-11-01 12:43:00","User B","Business user","Element 1",Select,"No authorization",TRUE
4027,8254,11,"2016-11-01 12:43:00","User B","Business user","Element 1",Select,"No authorization",TRUE
4028,8254,15,"2016-11-01 12:43:00","User B","Business user","Element 1",Select,"No authorization",TRUE
4029,8265,1,"2016-11-01 03:21:00","User B","Business user","Element 1",Select,"No authorization",TRUE
4030,8265,9,"2016-11-01 03:21:00","User B","Business user","Element 1",Select,"No authorization",TRUE
4031,8265,11,"2016-11-01 03:21:00","User B","Business user","Element 1",Select,"No authorization",TRUE
4032,8265,15,"2016-11-01 03:21:00","User B","Business user","Element 1",Select,"No authorization",TRUE
4033,8267,1,"2016-11-01 03:50:00","User B","Business user","Element 1",Select,"No authorization",TRUE
4034,8267,9,"2016-11-01 03:50:00","User B","Business user","Element 1",Select,"No authorization",TRUE
4035,8267,11,"2016-11-01 03:50:00","User B","Business user","Element 1",Select,"No authorization",TRUE
4036,8267,15,"2016-11-01 03:50:00","User B","Business user","Element 1",Select,"No authorization",TRUE
4037,8280,1,"2016-11-01 06:57:00","User B","Business user","Element 1",Select,"No authorization",TRUE
4038,8280,9,"2016-11-01 06:57:00","User B","Business user","Element 1",Select,"No authorization",TRUE
4039,8280,11,"2016-11-01 06:57:00","User B","Business user","Element 1",Select,"No authorization",TRUE
4040,8280,15,"2016-11-01 06:57:00","User B","Business user","Element 1",Select,"No authorization",TRUE
4041,8319,1,"2016-11-01 04:19:00","User B","Business user","Element 1",Select,"No authorization",TRUE
4042,8319,9,"2016-11-01 04:19:00","User B","Business user","Element 1",Select,"No authorization",TRUE
4043,8319,11,"2016-11-01 04:19:00","User B","Business user","Element 1",Select,"No authorization",TRUE
4044,8319,15,"2016-11-01 04:19:00","User B","Business user","Element 1",Select,"No authorization",TRUE
4045,8329,3,"2016-11-01 06:43:00","User B","Business user","Table 1",Select,"No authorization",TRUE
4046,8329,11,"2016-11-01 06:43:00","User B","Business user","Table 1",Select,"No authorization",TRUE
4047,8329,13,"2016-11-01 06:43:00","User B","Business user","Table 1",Select,"No authorization",TRUE
4048,8329,15,"2016-11-01 06:43:00","User B","Business user","Table 1",Select,"No authorization",TRUE
4049,8344,3,"2016-11-01 10:19:00","User B","Business user","Table 1",Select,"No authorization",TRUE
4050,8344,11,"2016-11-01 10:19:00","User B","Business user","Table 1",Select,"No authorization",TRUE
4051,8344,13,"2016-11-01 10:19:00","User B","Business user","Table 1",Select,"No authorization",TRUE
4052,8344,15,"2016-11-01 10:19:00","User B","Business user","Table 1",Select,"No authorization",TRUE
4053,8345,3,"2016-11-01 10:33:00","User B","Business user","Table 1",Select,"No authorization",TRUE
4054,8345,11,"2016-11-01 10:33:00","User B","Business user","Table 1",Select,"No authorization",TRUE
4055,8345,13,"2016-11-01 10:33:00","User B","Business user","Table 1",Select,"No authorization",TRUE
4056,8345,15,"2016-11-01 10:33:00","User B","Business user","Table 1",Select,"No authorization",TRUE
4057,8346,3,"2016-11-01 10:47:00","User B","Business user","Table 1",Select,"No authorization",TRUE
4058,8346,11,"2016-11-01 10:47:00","User B","Business user","Table 1",Select,"No authorization",TRUE
4059,8346,13,"2016-11-01 10:47:00","User B","Business user","Table 1",Select,"No authorization",TRUE
4060,8346,15,"2016-11-01 10:47:00","User B","Business user","Table 1",Select,"No authorization",TRUE
4061,8350,5,"2016-11-01 11:45:00","User A",Analyst,"Element 2",Select,"No authorization",TRUE
4062,8350,9,"2016-11-01 11:45:00","User A",Analyst,"Element 2",Select,"No authorization",TRUE
4063,8350,11,"2016-11-01 11:45:00","User A",Analyst,"Element 2",Select,"No authorization",TRUE
4064,8350,13,"2016-11-01 11:45:00","User A",Analyst,"Element 2",Select,"No authorization",TRUE
4065,8351,5,"2016-11-01 11:59:00","User A",Analyst,"Element 2",Select,"No authorization",TRUE
4066,8351,9,"2016-11-01 11:59:00","User A",Analyst,"Element 2",Select,"No authorization",TRUE
4067,8351,11,"2016-11-01 11:59:00","User A",Analyst,"Element 2",Select,"No authorization",TRUE
4068,8351,13,"2016-11-01 11:59:00","User A",Analyst,"Element 2",Select,"No authorization",TRUE
4069,8352,5,"2016-11-02 12:14:00","User A",Analyst,"Element 2",Select,"No authorization",TRUE
4070,8352,9,"2016-11-02 12:14:00","User A",Analyst,"Element 2",Select,"No authorization",TRUE
4071,8352,11,"2016-11-02 12:14:00","User A",Analyst,"Element 2",Select,"No authorization",TRUE
4072,8352,13,"2016-11-02 12:14:00","User A",Analyst,"Element 2",Select,"No authorization",TRUE
4073,8353,6,"2016-11-02 12:28:00","User A",Analyst,"Element 3",Append,"No authorization",TRUE
4074,8353,8,"2016-11-02 12:28:00","User A",Analyst,"Element 3",Append,"No authorization",TRUE
4075,8353,10,"2016-11-02 12:28:00","User A",Analyst,"Element 3",Append,"No authorization",TRUE
4076,8353,12,"2016-11-02 12:28:00","User A",Analyst,"Element 3",Append,"No authorization",TRUE
4077,8353,14,"2016-11-02 12:28:00","User A",Analyst,"Element 3",Append,"No authorization",TRUE
4078,8353,16,"2016-11-02 12:28:00","User A",Analyst,"Element 3",Append,"No authorization",TRUE
4079,8371,1,"2016-11-02 04:47:00","User B","Business user","Element 1",Select,"No authorization",TRUE
4080,8371,9,"2016-11-02 04:47:00","User B","Business user","Element 1",Select,"No authorization",TRUE
4081,8371,11,"2016-11-02 04:47:00","User B","Business user","Element 1",Select,"No authorization",TRUE
4082,8371,15,"2016-11-02 04:47:00","User B","Business user","Element 1",Select,"No authorization",TRUE
4083,8373,1,"2016-11-02 05:16:00","User B","Business user","Element 1",Select,"No authorization",TRUE
4084,8373,9,"2016-11-02 05:16:00","User B","Business user","Element 1",Select,"No authorization",TRUE
4085,8373,11,"2016-11-02 05:16:00","User B","Business user","Element 1",Select,"No authorization",TRUE
4086,8373,15,"2016-11-02 05:16:00","User B","Business user","Element 1",Select,"No authorization",TRUE
4087,8384,1,"2016-11-02 07:55:00","User B","Business user","Element 1",Select,"No authorization",TRUE
4088,8384,9,"2016-11-02 07:55:00","User B","Business user","Element 1",Select,"No authorization",TRUE
4089,8384,11,"2016-11-02 07:55:00","User B","Business user","Element 1",Select,"No authorization",TRUE
4090,8384,15,"2016-11-02 07:55:00","User B","Business user","Element 1",Select,"No authorization",TRUE
4091,8386,1,"2016-11-02 08:23:00","User B","Business user","Element 1",Select,"No authorization",TRUE
4092,8386,9,"2016-11-02 08:23:00","User B","Business user","Element 1",Select,"No authorization",TRUE
4093,8386,11,"2016-11-02 08:23:00","User B","Business user","Element 1",Select,"No authorization",TRUE
4094,8386,15,"2016-11-02 08:23:00","User B","Business user","Element 1",Select,"No authorization",TRUE
4095,8399,1,"2016-11-02 11:31:00","User B","Business user","Element 1",Select,"No authorization",TRUE
4096,8399,9,"2016-11-02 11:31:00","User B","Business user","Element 1",Select,"No authorization",TRUE
4097,8399,11,"2016-11-02 11:31:00","User B","Business user","Element 1",Select,"No authorization",TRUE
4098,8399,15,"2016-11-02 11:31:00","User B","Business user","Element 1",Select,"No authorization",TRUE
4099,8438,1,"2016-11-02 08:52:00","User B","Business user","Element 1",Select,"No authorization",TRUE
4100,8438,9,"2016-11-02 08:52:00","User B","Business user","Element 1",Select,"No authorization",TRUE
4101,8438,11,"2016-11-02 08:52:00","User B","Business user","Element 1",Select,"No authorization",TRUE
4102,8438,15,"2016-11-02 08:52:00","User B","Business user","Element 1",Select,"No authorization",TRUE
4103,8448,3,"2016-11-02 11:16:00","User B","Business user","Table 1",Select,"No authorization",TRUE
4104,8448,11,"2016-11-02 11:16:00","User B","Business user","Table 1",Select,"No authorization",TRUE
4105,8448,13,"2016-11-02 11:16:00","User B","Business user","Table 1",Select,"No authorization",TRUE
4106,8448,15,"2016-11-02 11:16:00","User B","Business user","Table 1",Select,"No authorization",TRUE
4107,8463,3,"2016-11-03 02:52:00","User B","Business user","Table 1",Select,"No authorization",TRUE
4108,8463,11,"2016-11-03 02:52:00","User B","Business user","Table 1",Select,"No authorization",TRUE
4109,8463,13,"2016-11-03 02:52:00","User B","Business user","Table 1",Select,"No authorization",TRUE
4110,8463,15,"2016-11-03 02:52:00","User B","Business user","Table 1",Select,"No authorization",TRUE
4111,8464,3,"2016-11-03 03:07:00","User B","Business user","Table 1",Select,"No authorization",TRUE
4112,8464,11,"2016-11-03 03:07:00","User B","Business user","Table 1",Select,"No authorization",TRUE
4113,8464,13,"2016-11-03 03:07:00","User B","Business user","Table 1",Select,"No authorization",TRUE
4114,8464,15,"2016-11-03 03:07:00","User B","Business user","Table 1",Select,"No authorization",TRUE
4115,8465,3,"2016-11-03 03:21:00","User B","Business user","Table 1",Select,"No authorization",TRUE
4116,8465,11,"2016-11-03 03:21:00","User B","Business user","Table 1",Select,"No authorization",TRUE
4117,8465,13,"2016-11-03 03:21:00","User B","Business user","Table 1",Select,"No authorization",TRUE
4118,8465,15,"2016-11-03 03:21:00","User B","Business user","Table 1",Select,"No authorization",TRUE
4119,8469,5,"2016-11-03 04:19:00","User A",Analyst,"Element 2",Select,"No authorization",TRUE
4120,8469,9,"2016-11-03 04:19:00","User A",Analyst,"Element 2",Select,"No authorization",TRUE
4121,8469,11,"2016-11-03 04:19:00","User A",Analyst,"Element 2",Select,"No authorization",TRUE
4122,8469,13,"2016-11-03 04:19:00","User A",Analyst,"Element 2",Select,"No authorization",TRUE
4123,8470,5,"2016-11-03 04:33:00","User A",Analyst,"Element 2",Select,"No authorization",TRUE
4124,8470,9,"2016-11-03 04:33:00","User A",Analyst,"Element 2",Select,"No authorization",TRUE
4125,8470,11,"2016-11-03 04:33:00","User A",Analyst,"Element 2",Select,"No authorization",TRUE
4126,8470,13,"2016-11-03 04:33:00","User A",Analyst,"Element 2",Select,"No authorization",TRUE
4127,8471,5,"2016-11-03 04:47:00","User A",Analyst,"Element 2",Select,"No authorization",TRUE
4128,8471,9,"2016-11-03 04:47:00","User A",Analyst,"Element 2",Select,"No authorization",TRUE
4129,8471,11,"2016-11-03 04:47:00","User A",Analyst,"Element 2",Select,"No authorization",TRUE
4130,8471,13,"2016-11-03 04:47:00","User A",Analyst,"Element 2",Select,"No authorization",TRUE
4131,8472,6,"2016-11-03 05:02:00","User A",Analyst,"Element 3",Append,"No authorization",TRUE
4132,8472,8,"2016-11-03 05:02:00","User A",Analyst,"Element 3",Append,"No authorization",TRUE
4133,8472,10,"2016-11-03 05:02:00","User A",Analyst,"Element 3",Append,"No authorization",TRUE
4134,8472,12,"2016-11-03 05:02:00","User A",Analyst,"Element 3",Append,"No authorization",TRUE
4135,8472,14,"2016-11-03 05:02:00","User A",Analyst,"Element 3",Append,"No authorization",TRUE
4136,8472,16,"2016-11-03 05:02:00","User A",Analyst,"Element 3",Append,"No authorization",TRUE
4137,8490,1,"2016-11-03 09:21:00","User B","Business user","Element 1",Select,"No authorization",TRUE
4138,8490,9,"2016-11-03 09:21:00","User B","Business user","Element 1",Select,"No authorization",TRUE
4139,8490,11,"2016-11-03 09:21:00","User B","Business user","Element 1",Select,"No authorization",TRUE
4140,8490,15,"2016-11-03 09:21:00","User B","Business user","Element 1",Select,"No authorization",TRUE
4141,8492,1,"2016-11-03 09:50:00","User B","Business user","Element 1",Select,"No authorization",TRUE
4142,8492,9,"2016-11-03 09:50:00","User B","Business user","Element 1",Select,"No authorization",TRUE
4143,8492,11,"2016-11-03 09:50:00","User B","Business user","Element 1",Select,"No authorization",TRUE
4144,8492,15,"2016-11-03 09:50:00","User B","Business user","Element 1",Select,"No authorization",TRUE
4145,8503,1,"2016-11-03 12:28:00","User B","Business user","Element 1",Select,"No authorization",TRUE
4146,8503,9,"2016-11-03 12:28:00","User B","Business user","Element 1",Select,"No authorization",TRUE
4147,8503,11,"2016-11-03 12:28:00","User B","Business user","Element 1",Select,"No authorization",TRUE
4148,8503,15,"2016-11-03 12:28:00","User B","Business user","Element 1",Select,"No authorization",TRUE
4149,8505,1,"2016-11-03 12:57:00","User B","Business user","Element 1",Select,"No authorization",TRUE
4150,8505,9,"2016-11-03 12:57:00","User B","Business user","Element 1",Select,"No authorization",TRUE
4151,8505,11,"2016-11-03 12:57:00","User B","Business user","Element 1",Select,"No authorization",TRUE
4152,8505,15,"2016-11-03 12:57:00","User B","Business user","Element 1",Select,"No authorization",TRUE
4153,8518,1,"2016-11-03 04:04:00","User B","Business user","Element 1",Select,"No authorization",TRUE
4154,8518,9,"2016-11-03 04:04:00","User B","Business user","Element 1",Select,"No authorization",TRUE
4155,8518,11,"2016-11-03 04:04:00","User B","Business user","Element 1",Select,"No authorization",TRUE
4156,8518,15,"2016-11-03 04:04:00","User B","Business user","Element 1",Select,"No authorization",TRUE
4157,8557,1,"2016-11-04 01:26:00","User B","Business user","Element 1",Select,"No authorization",TRUE
4158,8557,9,"2016-11-04 01:26:00","User B","Business user","Element 1",Select,"No authorization",TRUE
4159,8557,11,"2016-11-04 01:26:00","User B","Business user","Element 1",Select,"No authorization",TRUE
4160,8557,15,"2016-11-04 01:26:00","User B","Business user","Element 1",Select,"No authorization",TRUE
4161,8567,3,"2016-11-04 03:50:00","User B","Business user","Table 1",Select,"No authorization",TRUE
4162,8567,11,"2016-11-04 03:50:00","User B","Business user","Table 1",Select,"No authorization",TRUE
4163,8567,13,"2016-11-04 03:50:00","User B","Business user","Table 1",Select,"No authorization",TRUE
4164,8567,15,"2016-11-04 03:50:00","User B","Business user","Table 1",Select,"No authorization",TRUE
4165,8582,3,"2016-11-04 07:26:00","User B","Business user","Table 1",Select,"No authorization",TRUE
4166,8582,11,"2016-11-04 07:26:00","User B","Business user","Table 1",Select,"No authorization",TRUE
4167,8582,13,"2016-11-04 07:26:00","User B","Business user","Table 1",Select,"No authorization",TRUE
4168,8582,15,"2016-11-04 07:26:00","User B","Business user","Table 1",Select,"No authorization",TRUE
4169,8583,3,"2016-11-04 07:40:00","User B","Business user","Table 1",Select,"No authorization",TRUE
4170,8583,11,"2016-11-04 07:40:00","User B","Business user","Table 1",Select,"No authorization",TRUE
4171,8583,13,"2016-11-04 07:40:00","User B","Business user","Table 1",Select,"No authorization",TRUE
4172,8583,15,"2016-11-04 07:40:00","User B","Business user","Table 1",Select,"No authorization",TRUE
4173,8584,3,"2016-11-04 07:55:00","User B","Business user","Table 1",Select,"No authorization",TRUE
4174,8584,11,"2016-11-04 07:55:00","User B","Business user","Table 1",Select,"No authorization",TRUE
4175,8584,13,"2016-11-04 07:55:00","User B","Business user","Table 1",Select,"No authorization",TRUE
4176,8584,15,"2016-11-04 07:55:00","User B","Business user","Table 1",Select,"No authorization",TRUE
4177,8588,5,"2016-11-04 08:52:00","User A",Analyst,"Element 2",Select,"No authorization",TRUE
4178,8588,9,"2016-11-04 08:52:00","User A",Analyst,"Element 2",Select,"No authorization",TRUE
4179,8588,11,"2016-11-04 08:52:00","User A",Analyst,"Element 2",Select,"No authorization",TRUE
4180,8588,13,"2016-11-04 08:52:00","User A",Analyst,"Element 2",Select,"No authorization",TRUE
4181,8589,5,"2016-11-04 09:07:00","User A",Analyst,"Element 2",Select,"No authorization",TRUE
4182,8589,9,"2016-11-04 09:07:00","User A",Analyst,"Element 2",Select,"No authorization",TRUE
4183,8589,11,"2016-11-04 09:07:00","User A",Analyst,"Element 2",Select,"No authorization",TRUE
4184,8589,13,"2016-11-04 09:07:00","User A",Analyst,"Element 2",Select,"No authorization",TRUE
4185,8590,5,"2016-11-04 09:21:00","User A",Analyst,"Element 2",Select,"No authorization",TRUE
4186,8590,9,"2016-11-04 09:21:00","User A",Analyst,"Element 2",Select,"No authorization",TRUE
4187,8590,11,"2016-11-04 09:21:00","User A",Analyst,"Element 2",Select,"No authorization",TRUE
4188,8590,13,"2016-11-04 09:21:00","User A",Analyst,"Element 2",Select,"No authorization",TRUE
4189,8591,6,"2016-11-04 09:35:00","User A",Analyst,"Element 3",Append,"No authorization",TRUE
4190,8591,8,"2016-11-04 09:35:00","User A",Analyst,"Element 3",Append,"No authorization",TRUE
4191,8591,10,"2016-11-04 09:35:00","User A",Analyst,"Element 3",Append,"No authorization",TRUE
4192,8591,12,"2016-11-04 09:35:00","User A",Analyst,"Element 3",Append,"No authorization",TRUE
4193,8591,14,"2016-11-04 09:35:00","User A",Analyst,"Element 3",Append,"No authorization",TRUE
4194,8591,16,"2016-11-04 09:35:00","User A",Analyst,"Element 3",Append,"No authorization",TRUE
4195,8609,1,"2016-11-04 01:55:00","User B","Business user","Element 1",Select,"No authorization",TRUE
4196,8609,9,"2016-11-04 01:55:00","User B","Business user","Element 1",Select,"No authorization",TRUE
4197,8609,11,"2016-11-04 01:55:00","User B","Business user","Element 1",Select,"No authorization",TRUE
4198,8609,15,"2016-11-04 01:55:00","User B","Business user","Element 1",Select,"No authorization",TRUE
4199,8611,1,"2016-11-04 02:23:00","User B","Business user","Element 1",Select,"No authorization",TRUE
4200,8611,9,"2016-11-04 02:23:00","User B","Business user","Element 1",Select,"No authorization",TRUE
4201,8611,11,"2016-11-04 02:23:00","User B","Business user","Element 1",Select,"No authorization",TRUE
4202,8611,15,"2016-11-04 02:23:00","User B","Business user","Element 1",Select,"No authorization",TRUE
4203,8622,1,"2016-11-04 05:02:00","User B","Business user","Element 1",Select,"No authorization",TRUE
4204,8622,9,"2016-11-04 05:02:00","User B","Business user","Element 1",Select,"No authorization",TRUE
4205,8622,11,"2016-11-04 05:02:00","User B","Business user","Element 1",Select,"No authorization",TRUE
4206,8622,15,"2016-11-04 05:02:00","User B","Business user","Element 1",Select,"No authorization",TRUE
4207,8624,1,"2016-11-04 05:31:00","User B","Business user","Element 1",Select,"No authorization",TRUE
4208,8624,9,"2016-11-04 05:31:00","User B","Business user","Element 1",Select,"No authorization",TRUE
4209,8624,11,"2016-11-04 05:31:00","User B","Business user","Element 1",Select,"No authorization",TRUE
4210,8624,15,"2016-11-04 05:31:00","User B","Business user","Element 1",Select,"No authorization",TRUE
4211,8637,1,"2016-11-04 08:38:00","User B","Business user","Element 1",Select,"No authorization",TRUE
4212,8637,9,"2016-11-04 08:38:00","User B","Business user","Element 1",Select,"No authorization",TRUE
4213,8637,11,"2016-11-04 08:38:00","User B","Business user","Element 1",Select,"No authorization",TRUE
4214,8637,15,"2016-11-04 08:38:00","User B","Business user","Element 1",Select,"No authorization",TRUE
4215,8676,1,"2016-11-05 05:59:00","User B","Business user","Element 1",Select,"No authorization",TRUE
4216,8676,9,"2016-11-05 05:59:00","User B","Business user","Element 1",Select,"No authorization",TRUE
4217,8676,11,"2016-11-05 05:59:00","User B","Business user","Element 1",Select,"No authorization",TRUE
4218,8676,15,"2016-11-05 05:59:00","User B","Business user","Element 1",Select,"No authorization",TRUE
4219,8686,3,"2016-11-05 08:23:00","User B","Business user","Table 1",Select,"No authorization",TRUE
4220,8686,11,"2016-11-05 08:23:00","User B","Business user","Table 1",Select,"No authorization",TRUE
4221,8686,13,"2016-11-05 08:23:00","User B","Business user","Table 1",Select,"No authorization",TRUE
4222,8686,15,"2016-11-05 08:23:00","User B","Business user","Table 1",Select,"No authorization",TRUE
4223,8701,3,"2016-11-05 11:59:00","User B","Business user","Table 1",Select,"No authorization",TRUE
4224,8701,11,"2016-11-05 11:59:00","User B","Business user","Table 1",Select,"No authorization",TRUE
4225,8701,13,"2016-11-05 11:59:00","User B","Business user","Table 1",Select,"No authorization",TRUE
4226,8701,15,"2016-11-05 11:59:00","User B","Business user","Table 1",Select,"No authorization",TRUE
4227,8702,3,"2016-11-05 12:14:00","User B","Business user","Table 1",Select,"No authorization",TRUE
4228,8702,11,"2016-11-05 12:14:00","User B","Business user","Table 1",Select,"No authorization",TRUE
4229,8702,13,"2016-11-05 12:14:00","User B","Business user","Table 1",Select,"No authorization",TRUE
4230,8702,15,"2016-11-05 12:14:00","User B","Business user","Table 1",Select,"No authorization",TRUE
4231,8703,3,"2016-11-05 12:28:00","User B","Business user","Table 1",Select,"No authorization",TRUE
4232,8703,11,"2016-11-05 12:28:00","User B","Business user","Table 1",Select,"No authorization",TRUE
4233,8703,13,"2016-11-05 12:28:00","User B","Business user","Table 1",Select,"No authorization",TRUE
4234,8703,15,"2016-11-05 12:28:00","User B","Business user","Table 1",Select,"No authorization",TRUE
4235,8707,5,"2016-11-05 01:26:00","User A",Analyst,"Element 2",Select,"No authorization",TRUE
4236,8707,9,"2016-11-05 01:26:00","User A",Analyst,"Element 2",Select,"No authorization",TRUE
4237,8707,11,"2016-11-05 01:26:00","User A",Analyst,"Element 2",Select,"No authorization",TRUE
4238,8707,13,"2016-11-05 01:26:00","User A",Analyst,"Element 2",Select,"No authorization",TRUE
4239,8708,5,"2016-11-05 01:40:00","User A",Analyst,"Element 2",Select,"No authorization",TRUE
4240,8708,9,"2016-11-05 01:40:00","User A",Analyst,"Element 2",Select,"No authorization",TRUE
4241,8708,11,"2016-11-05 01:40:00","User A",Analyst,"Element 2",Select,"No authorization",TRUE
4242,8708,13,"2016-11-05 01:40:00","User A",Analyst,"Element 2",Select,"No authorization",TRUE
4243,8709,5,"2016-11-05 01:55:00","User A",Analyst,"Element 2",Select,"No authorization",TRUE
4244,8709,9,"2016-11-05 01:55:00","User A",Analyst,"Element 2",Select,"No authorization",TRUE
4245,8709,11,"2016-11-05 01:55:00","User A",Analyst,"Element 2",Select,"No authorization",TRUE
4246,8709,13,"2016-11-05 01:55:00","User A",Analyst,"Element 2",Select,"No authorization",TRUE
4247,8710,6,"2016-11-05 02:09:00","User A",Analyst,"Element 3",Append,"No authorization",TRUE
4248,8710,8,"2016-11-05 02:09:00","User A",Analyst,"Element 3",Append,"No authorization",TRUE
4249,8710,10,"2016-11-05 02:09:00","User A",Analyst,"Element 3",Append,"No authorization",TRUE
4250,8710,12,"2016-11-05 02:09:00","User A",Analyst,"Element 3",Append,"No authorization",TRUE
4251,8710,14,"2016-11-05 02:09:00","User A",Analyst,"Element 3",Append,"No authorization",TRUE
4252,8710,16,"2016-11-05 02:09:00","User A",Analyst,"Element 3",Append,"No authorization",TRUE
4253,8728,1,"2016-11-05 06:28:00","User B","Business user","Element 1",Select,"No authorization",TRUE
4254,8728,9,"2016-11-05 06:28:00","User B","Business user","Element 1",Select,"No authorization",TRUE
4255,8728,11,"2016-11-05 06:28:00","User B","Business user","Element 1",Select,"No authorization",TRUE
4256,8728,15,"2016-11-05 06:28:00","User B","Business user","Element 1",Select,"No authorization",TRUE
4257,8730,1,"2016-11-05 06:57:00","User B","Business user","Element 1",Select,"No authorization",TRUE
4258,8730,9,"2016-11-05 06:57:00","User B","Business user","Element 1",Select,"No authorization",TRUE
4259,8730,11,"2016-11-05 06:57:00","User B","Business user","Element 1",Select,"No authorization",TRUE
4260,8730,15,"2016-11-05 06:57:00","User B","Business user","Element 1",Select,"No authorization",TRUE
4261,8741,1,"2016-11-05 09:35:00","User B","Business user","Element 1",Select,"No authorization",TRUE
4262,8741,9,"2016-11-05 09:35:00","User B","Business user","Element 1",Select,"No authorization",TRUE
4263,8741,11,"2016-11-05 09:35:00","User B","Business user","Element 1",Select,"No authorization",TRUE
4264,8741,15,"2016-11-05 09:35:00","User B","Business user","Element 1",Select,"No authorization",TRUE
4265,8743,1,"2016-11-05 10:04:00","User B","Business user","Element 1",Select,"No authorization",TRUE
4266,8743,9,"2016-11-05 10:04:00","User B","Business user","Element 1",Select,"No authorization",TRUE
4267,8743,11,"2016-11-05 10:04:00","User B","Business user","Element 1",Select,"No authorization",TRUE
4268,8743,15,"2016-11-05 10:04:00","User B","Business user","Element 1",Select,"No authorization",TRUE
4269,8756,1,"2016-11-06 01:11:00","User B","Business user","Element 1",Select,"No authorization",TRUE
4270,8756,9,"2016-11-06 01:11:00","User B","Business user","Element 1",Select,"No authorization",TRUE
4271,8756,11,"2016-11-06 01:11:00","User B","Business user","Element 1",Select,"No authorization",TRUE
4272,8756,15,"2016-11-06 01:11:00","User B","Business user","Element 1",Select,"No authorization",TRUE
4273,8795,1,"2016-11-06 10:33:00","User B","Business user","Element 1",Select,"No authorization",TRUE
4274,8795,9,"2016-11-06 10:33:00","User B","Business user","Element 1",Select,"No authorization",TRUE
4275,8795,11,"2016-11-06 10:33:00","User B","Business user","Element 1",Select,"No authorization",TRUE
4276,8795,15,"2016-11-06 10:33:00","User B","Business user","Element 1",Select,"No authorization",TRUE
4277,8805,3,"2016-11-06 12:57:00","User B","Business user","Table 1",Select,"No authorization",TRUE
4278,8805,11,"2016-11-06 12:57:00","User B","Business user","Table 1",Select,"No authorization",TRUE
4279,8805,13,"2016-11-06 12:57:00","User B","Business user","Table 1",Select,"No authorization",TRUE
4280,8805,15,"2016-11-06 12:57:00","User B","Business user","Table 1",Select,"No authorization",TRUE
4281,8820,3,"2016-11-06 04:33:00","User B","Business user","Table 1",Select,"No authorization",TRUE
4282,8820,11,"2016-11-06 04:33:00","User B","Business user","Table 1",Select,"No authorization",TRUE
4283,8820,13,"2016-11-06 04:33:00","User B","Business user","Table 1",Select,"No authorization",TRUE
4284,8820,15,"2016-11-06 04:33:00","User B","Business user","Table 1",Select,"No authorization",TRUE
4285,8821,3,"2016-11-06 04:47:00","User B","Business user","Table 1",Select,"No authorization",TRUE
4286,8821,11,"2016-11-06 04:47:00","User B","Business user","Table 1",Select,"No authorization",TRUE
4287,8821,13,"2016-11-06 04:47:00","User B","Business user","Table 1",Select,"No authorization",TRUE
4288,8821,15,"2016-11-06 04:47:00","User B","Business user","Table 1",Select,"No authorization",TRUE
4289,8822,3,"2016-11-06 05:02:00","User B","Business user","Table 1",Select,"No authorization",TRUE
4290,8822,11,"2016-11-06 05:02:00","User B","Business user","Table 1",Select,"No authorization",TRUE
4291,8822,13,"2016-11-06 05:02:00","User B","Business user","Table 1",Select,"No authorization",TRUE
4292,8822,15,"2016-11-06 05:02:00","User B","Business user","Table 1",Select,"No authorization",TRUE
4293,8826,5,"2016-11-06 05:59:00","User A",Analyst,"Element 2",Select,"No authorization",TRUE
4294,8826,9,"2016-11-06 05:59:00","User A",Analyst,"Element 2",Select,"No authorization",TRUE
4295,8826,11,"2016-11-06 05:59:00","User A",Analyst,"Element 2",Select,"No authorization",TRUE
4296,8826,13,"2016-11-06 05:59:00","User A",Analyst,"Element 2",Select,"No authorization",TRUE
4297,8827,5,"2016-11-06 06:14:00","User A",Analyst,"Element 2",Select,"No authorization",TRUE
4298,8827,9,"2016-11-06 06:14:00","User A",Analyst,"Element 2",Select,"No authorization",TRUE
4299,8827,11,"2016-11-06 06:14:00","User A",Analyst,"Element 2",Select,"No authorization",TRUE
4300,8827,13,"2016-11-06 06:14:00","User A",Analyst,"Element 2",Select,"No authorization",TRUE
4301,8828,5,"2016-11-06 06:28:00","User A",Analyst,"Element 2",Select,"No authorization",TRUE
4302,8828,9,"2016-11-06 06:28:00","User A",Analyst,"Element 2",Select,"No authorization",TRUE
4303,8828,11,"2016-11-06 06:28:00","User A",Analyst,"Element 2",Select,"No authorization",TRUE
4304,8828,13,"2016-11-06 06:28:00","User A",Analyst,"Element 2",Select,"No authorization",TRUE
4305,8829,6,"2016-11-06 06:43:00","User A",Analyst,"Element 3",Append,"No authorization",TRUE
4306,8829,8,"2016-11-06 06:43:00","User A",Analyst,"Element 3",Append,"No authorization",TRUE
4307,8829,10,"2016-11-06 06:43:00","User A",Analyst,"Element 3",Append,"No authorization",TRUE
4308,8829,12,"2016-11-06 06:43:00","User A",Analyst,"Element 3",Append,"No authorization",TRUE
4309,8829,14,"2016-11-06 06:43:00","User A",Analyst,"Element 3",Append,"No authorization",TRUE
4310,8829,16,"2016-11-06 06:43:00","User A",Analyst,"Element 3",Append,"No authorization",TRUE
4311,8847,1,"2016-11-06 11:02:00","User B","Business user","Element 1",Select,"No authorization",TRUE
4312,8847,9,"2016-11-06 11:02:00","User B","Business user","Element 1",Select,"No authorization",TRUE
4313,8847,11,"2016-11-06 11:02:00","User B","Business user","Element 1",Select,"No authorization",TRUE
4314,8847,15,"2016-11-06 11:02:00","User B","Business user","Element 1",Select,"No authorization",TRUE
4315,8849,1,"2016-11-06 11:31:00","User B","Business user","Element 1",Select,"No authorization",TRUE
4316,8849,9,"2016-11-06 11:31:00","User B","Business user","Element 1",Select,"No authorization",TRUE
4317,8849,11,"2016-11-06 11:31:00","User B","Business user","Element 1",Select,"No authorization",TRUE
4318,8849,15,"2016-11-06 11:31:00","User B","Business user","Element 1",Select,"No authorization",TRUE
4319,8860,1,"2016-11-07 02:09:00","User B","Business user","Element 1",Select,"No authorization",TRUE
4320,8860,9,"2016-11-07 02:09:00","User B","Business user","Element 1",Select,"No authorization",TRUE
4321,8860,11,"2016-11-07 02:09:00","User B","Business user","Element 1",Select,"No authorization",TRUE
4322,8860,15,"2016-11-07 02:09:00","User B","Business user","Element 1",Select,"No authorization",TRUE
4323,8862,1,"2016-11-07 02:38:00","User B","Business user","Element 1",Select,"No authorization",TRUE
4324,8862,9,"2016-11-07 02:38:00","User B","Business user","Element 1",Select,"No authorization",TRUE
4325,8862,11,"2016-11-07 02:38:00","User B","Business user","Element 1",Select,"No authorization",TRUE
4326,8862,15,"2016-11-07 02:38:00","User B","Business user","Element 1",Select,"No authorization",TRUE
4327,8875,1,"2016-11-07 05:45:00","User B","Business user","Element 1",Select,"No authorization",TRUE
4328,8875,9,"2016-11-07 05:45:00","User B","Business user","Element 1",Select,"No authorization",TRUE
4329,8875,11,"2016-11-07 05:45:00","User B","Business user","Element 1",Select,"No authorization",TRUE
4330,8875,15,"2016-11-07 05:45:00","User B","Business user","Element 1",Select,"No authorization",TRUE
4331,8914,1,"2016-11-07 03:07:00","User B","Business user","Element 1",Select,"No authorization",TRUE
4332,8914,9,"2016-11-07 03:07:00","User B","Business user","Element 1",Select,"No authorization",TRUE
4333,8914,11,"2016-11-07 03:07:00","User B","Business user","Element 1",Select,"No authorization",TRUE
4334,8914,15,"2016-11-07 03:07:00","User B","Business user","Element 1",Select,"No authorization",TRUE
4335,8924,3,"2016-11-07 05:31:00","User B","Business user","Table 1",Select,"No authorization",TRUE
4336,8924,11,"2016-11-07 05:31:00","User B","Business user","Table 1",Select,"No authorization",TRUE
4337,8924,13,"2016-11-07 05:31:00","User B","Business user","Table 1",Select,"No authorization",TRUE
4338,8924,15,"2016-11-07 05:31:00","User B","Business user","Table 1",Select,"No authorization",TRUE
4339,8939,3,"2016-11-07 09:07:00","User B","Business user","Table 1",Select,"No authorization",TRUE
4340,8939,11,"2016-11-07 09:07:00","User B","Business user","Table 1",Select,"No authorization",TRUE
4341,8939,13,"2016-11-07 09:07:00","User B","Business user","Table 1",Select,"No authorization",TRUE
4342,8939,15,"2016-11-07 09:07:00","User B","Business user","Table 1",Select,"No authorization",TRUE
4343,8940,3,"2016-11-07 09:21:00","User B","Business user","Table 1",Select,"No authorization",TRUE
4344,8940,11,"2016-11-07 09:21:00","User B","Business user","Table 1",Select,"No authorization",TRUE
4345,8940,13,"2016-11-07 09:21:00","User B","Business user","Table 1",Select,"No authorization",TRUE
4346,8940,15,"2016-11-07 09:21:00","User B","Business user","Table 1",Select,"No authorization",TRUE
4347,8941,3,"2016-11-07 09:35:00","User B","Business user","Table 1",Select,"No authorization",TRUE
4348,8941,11,"2016-11-07 09:35:00","User B","Business user","Table 1",Select,"No authorization",TRUE
4349,8941,13,"2016-11-07 09:35:00","User B","Business user","Table 1",Select,"No authorization",TRUE
4350,8941,15,"2016-11-07 09:35:00","User B","Business user","Table 1",Select,"No authorization",TRUE
4351,8945,5,"2016-11-07 10:33:00","User A",Analyst,"Element 2",Select,"No authorization",TRUE
4352,8945,9,"2016-11-07 10:33:00","User A",Analyst,"Element 2",Select,"No authorization",TRUE
4353,8945,11,"2016-11-07 10:33:00","User A",Analyst,"Element 2",Select,"No authorization",TRUE
4354,8945,13,"2016-11-07 10:33:00","User A",Analyst,"Element 2",Select,"No authorization",TRUE
4355,8946,5,"2016-11-07 10:47:00","User A",Analyst,"Element 2",Select,"No authorization",TRUE
4356,8946,9,"2016-11-07 10:47:00","User A",Analyst,"Element 2",Select,"No authorization",TRUE
4357,8946,11,"2016-11-07 10:47:00","User A",Analyst,"Element 2",Select,"No authorization",TRUE
4358,8946,13,"2016-11-07 10:47:00","User A",Analyst,"Element 2",Select,"No authorization",TRUE
4359,8947,5,"2016-11-07 11:02:00","User A",Analyst,"Element 2",Select,"No authorization",TRUE
4360,8947,9,"2016-11-07 11:02:00","User A",Analyst,"Element 2",Select,"No authorization",TRUE
4361,8947,11,"2016-11-07 11:02:00","User A",Analyst,"Element 2",Select,"No authorization",TRUE
4362,8947,13,"2016-11-07 11:02:00","User A",Analyst,"Element 2",Select,"No authorization",TRUE
4363,8948,6,"2016-11-07 11:16:00","User A",Analyst,"Element 3",Append,"No authorization",TRUE
4364,8948,8,"2016-11-07 11:16:00","User A",Analyst,"Element 3",Append,"No authorization",TRUE
4365,8948,10,"2016-11-07 11:16:00","User A",Analyst,"Element 3",Append,"No authorization",TRUE
4366,8948,12,"2016-11-07 11:16:00","User A",Analyst,"Element 3",Append,"No authorization",TRUE
4367,8948,14,"2016-11-07 11:16:00","User A",Analyst,"Element 3",Append,"No authorization",TRUE
4368,8948,16,"2016-11-07 11:16:00","User A",Analyst,"Element 3",Append,"No authorization",TRUE
4369,8966,1,"2016-11-08 03:35:00","User B","Business user","Element 1",Select,"No authorization",TRUE
4370,8966,9,"2016-11-08 03:35:00","User B","Business user","Element 1",Select,"No authorization",TRUE
4371,8966,11,"2016-11-08 03:35:00","User B","Business user","Element 1",Select,"No authorization",TRUE
4372,8966,15,"2016-11-08 03:35:00","User B","Business user","Element 1",Select,"No authorization",TRUE
4373,8968,1,"2016-11-08 04:04:00","User B","Business user","Element 1",Select,"No authorization",TRUE
4374,8968,9,"2016-11-08 04:04:00","User B","Business user","Element 1",Select,"No authorization",TRUE
4375,8968,11,"2016-11-08 04:04:00","User B","Business user","Element 1",Select,"No authorization",TRUE
4376,8968,15,"2016-11-08 04:04:00","User B","Business user","Element 1",Select,"No authorization",TRUE
4377,8979,1,"2016-11-08 06:43:00","User B","Business user","Element 1",Select,"No authorization",TRUE
4378,8979,9,"2016-11-08 06:43:00","User B","Business user","Element 1",Select,"No authorization",TRUE
4379,8979,11,"2016-11-08 06:43:00","User B","Business user","Element 1",Select,"No authorization",TRUE
4380,8979,15,"2016-11-08 06:43:00","User B","Business user","Element 1",Select,"No authorization",TRUE
4381,8981,1,"2016-11-08 07:11:00","User B","Business user","Element 1",Select,"No authorization",TRUE
4382,8981,9,"2016-11-08 07:11:00","User B","Business user","Element 1",Select,"No authorization",TRUE
4383,8981,11,"2016-11-08 07:11:00","User B","Business user","Element 1",Select,"No authorization",TRUE
4384,8981,15,"2016-11-08 07:11:00","User B","Business user","Element 1",Select,"No authorization",TRUE
4385,8994,1,"2016-11-08 10:19:00","User B","Business user","Element 1",Select,"No authorization",TRUE
4386,8994,9,"2016-11-08 10:19:00","User B","Business user","Element 1",Select,"No authorization",TRUE
4387,8994,11,"2016-11-08 10:19:00","User B","Business user","Element 1",Select,"No authorization",TRUE
4388,8994,15,"2016-11-08 10:19:00","User B","Business user","Element 1",Select,"No authorization",TRUE
4389,9033,1,"2016-11-08 07:40:00","User B","Business user","Element 1",Select,"No authorization",TRUE
4390,9033,9,"2016-11-08 07:40:00","User B","Business user","Element 1",Select,"No authorization",TRUE
4391,9033,11,"2016-11-08 07:40:00","User B","Business user","Element 1",Select,"No authorization",TRUE
4392,9033,15,"2016-11-08 07:40:00","User B","Business user","Element 1",Select,"No authorization",TRUE
4393,9043,3,"2016-11-08 10:04:00","User B","Business user","Table 1",Select,"No authorization",TRUE
4394,9043,11,"2016-11-08 10:04:00","User B","Business user","Table 1",Select,"No authorization",TRUE
4395,9043,13,"2016-11-08 10:04:00","User B","Business user","Table 1",Select,"No authorization",TRUE
4396,9043,15,"2016-11-08 10:04:00","User B","Business user","Table 1",Select,"No authorization",TRUE
4397,9058,3,"2016-11-09 01:40:00","User B","Business user","Table 1",Select,"No authorization",TRUE
4398,9058,11,"2016-11-09 01:40:00","User B","Business user","Table 1",Select,"No authorization",TRUE
4399,9058,13,"2016-11-09 01:40:00","User B","Business user","Table 1",Select,"No authorization",TRUE
4400,9058,15,"2016-11-09 01:40:00","User B","Business user","Table 1",Select,"No authorization",TRUE
4401,9059,3,"2016-11-09 01:55:00","User B","Business user","Table 1",Select,"No authorization",TRUE
4402,9059,11,"2016-11-09 01:55:00","User B","Business user","Table 1",Select,"No authorization",TRUE
4403,9059,13,"2016-11-09 01:55:00","User B","Business user","Table 1",Select,"No authorization",TRUE
4404,9059,15,"2016-11-09 01:55:00","User B","Business user","Table 1",Select,"No authorization",TRUE
4405,9060,3,"2016-11-09 02:09:00","User B","Business user","Table 1",Select,"No authorization",TRUE
4406,9060,11,"2016-11-09 02:09:00","User B","Business user","Table 1",Select,"No authorization",TRUE
4407,9060,13,"2016-11-09 02:09:00","User B","Business user","Table 1",Select,"No authorization",TRUE
4408,9060,15,"2016-11-09 02:09:00","User B","Business user","Table 1",Select,"No authorization",TRUE
4409,9064,5,"2016-11-09 03:07:00","User A",Analyst,"Element 2",Select,"No authorization",TRUE
4410,9064,9,"2016-11-09 03:07:00","User A",Analyst,"Element 2",Select,"No authorization",TRUE
4411,9064,11,"2016-11-09 03:07:00","User A",Analyst,"Element 2",Select,"No authorization",TRUE
4412,9064,13,"2016-11-09 03:07:00","User A",Analyst,"Element 2",Select,"No authorization",TRUE
4413,9065,5,"2016-11-09 03:21:00","User A",Analyst,"Element 2",Select,"No authorization",TRUE
4414,9065,9,"2016-11-09 03:21:00","User A",Analyst,"Element 2",Select,"No authorization",TRUE
4415,9065,11,"2016-11-09 03:21:00","User A",Analyst,"Element 2",Select,"No authorization",TRUE
4416,9065,13,"2016-11-09 03:21:00","User A",Analyst,"Element 2",Select,"No authorization",TRUE
4417,9066,5,"2016-11-09 03:35:00","User A",Analyst,"Element 2",Select,"No authorization",TRUE
4418,9066,9,"2016-11-09 03:35:00","User A",Analyst,"Element 2",Select,"No authorization",TRUE
4419,9066,11,"2016-11-09 03:35:00","User A",Analyst,"Element 2",Select,"No authorization",TRUE
4420,9066,13,"2016-11-09 03:35:00","User A",Analyst,"Element 2",Select,"No authorization",TRUE
4421,9067,6,"2016-11-09 03:50:00","User A",Analyst,"Element 3",Append,"No authorization",TRUE
4422,9067,8,"2016-11-09 03:50:00","User A",Analyst,"Element 3",Append,"No authorization",TRUE
4423,9067,10,"2016-11-09 03:50:00","User A",Analyst,"Element 3",Append,"No authorization",TRUE
4424,9067,12,"2016-11-09 03:50:00","User A",Analyst,"Element 3",Append,"No authorization",TRUE
4425,9067,14,"2016-11-09 03:50:00","User A",Analyst,"Element 3",Append,"No authorization",TRUE
4426,9067,16,"2016-11-09 03:50:00","User A",Analyst,"Element 3",Append,"No authorization",TRUE
4427,9085,1,"2016-11-09 08:09:00","User B","Business user","Element 1",Select,"No authorization",TRUE
4428,9085,9,"2016-11-09 08:09:00","User B","Business user","Element 1",Select,"No authorization",TRUE
4429,9085,11,"2016-11-09 08:09:00","User B","Business user","Element 1",Select,"No authorization",TRUE
4430,9085,15,"2016-11-09 08:09:00","User B","Business user","Element 1",Select,"No authorization",TRUE
4431,9087,1,"2016-11-09 08:38:00","User B","Business user","Element 1",Select,"No authorization",TRUE
4432,9087,9,"2016-11-09 08:38:00","User B","Business user","Element 1",Select,"No authorization",TRUE
4433,9087,11,"2016-11-09 08:38:00","User B","Business user","Element 1",Select,"No authorization",TRUE
4434,9087,15,"2016-11-09 08:38:00","User B","Business user","Element 1",Select,"No authorization",TRUE
4435,9098,1,"2016-11-09 11:16:00","User B","Business user","Element 1",Select,"No authorization",TRUE
4436,9098,9,"2016-11-09 11:16:00","User B","Business user","Element 1",Select,"No authorization",TRUE
4437,9098,11,"2016-11-09 11:16:00","User B","Business user","Element 1",Select,"No authorization",TRUE
4438,9098,15,"2016-11-09 11:16:00","User B","Business user","Element 1",Select,"No authorization",TRUE
4439,9100,1,"2016-11-09 11:45:00","User B","Business user","Element 1",Select,"No authorization",TRUE
4440,9100,9,"2016-11-09 11:45:00","User B","Business user","Element 1",Select,"No authorization",TRUE
4441,9100,11,"2016-11-09 11:45:00","User B","Business user","Element 1",Select,"No authorization",TRUE
4442,9100,15,"2016-11-09 11:45:00","User B","Business user","Element 1",Select,"No authorization",TRUE
4443,9113,1,"2016-11-09 02:52:00","User B","Business user","Element 1",Select,"No authorization",TRUE
4444,9113,9,"2016-11-09 02:52:00","User B","Business user","Element 1",Select,"No authorization",TRUE
4445,9113,11,"2016-11-09 02:52:00","User B","Business user","Element 1",Select,"No authorization",TRUE
4446,9113,15,"2016-11-09 02:52:00","User B","Business user","Element 1",Select,"No authorization",TRUE
4447,9152,1,"2016-11-10 12:14:00","User B","Business user","Element 1",Select,"No authorization",TRUE
4448,9152,9,"2016-11-10 12:14:00","User B","Business user","Element 1",Select,"No authorization",TRUE
4449,9152,11,"2016-11-10 12:14:00","User B","Business user","Element 1",Select,"No authorization",TRUE
4450,9152,15,"2016-11-10 12:14:00","User B","Business user","Element 1",Select,"No authorization",TRUE
4451,9162,3,"2016-11-10 02:38:00","User B","Business user","Table 1",Select,"No authorization",TRUE
4452,9162,11,"2016-11-10 02:38:00","User B","Business user","Table 1",Select,"No authorization",TRUE
4453,9162,13,"2016-11-10 02:38:00","User B","Business user","Table 1",Select,"No authorization",TRUE
4454,9162,15,"2016-11-10 02:38:00","User B","Business user","Table 1",Select,"No authorization",TRUE
4455,9177,3,"2016-11-10 06:14:00","User B","Business user","Table 1",Select,"No authorization",TRUE
4456,9177,11,"2016-11-10 06:14:00","User B","Business user","Table 1",Select,"No authorization",TRUE
4457,9177,13,"2016-11-10 06:14:00","User B","Business user","Table 1",Select,"No authorization",TRUE
4458,9177,15,"2016-11-10 06:14:00","User B","Business user","Table 1",Select,"No authorization",TRUE
4459,9178,3,"2016-11-10 06:28:00","User B","Business user","Table 1",Select,"No authorization",TRUE
4460,9178,11,"2016-11-10 06:28:00","User B","Business user","Table 1",Select,"No authorization",TRUE
4461,9178,13,"2016-11-10 06:28:00","User B","Business user","Table 1",Select,"No authorization",TRUE
4462,9178,15,"2016-11-10 06:28:00","User B","Business user","Table 1",Select,"No authorization",TRUE
4463,9179,3,"2016-11-10 06:43:00","User B","Business user","Table 1",Select,"No authorization",TRUE
4464,9179,11,"2016-11-10 06:43:00","User B","Business user","Table 1",Select,"No authorization",TRUE
4465,9179,13,"2016-11-10 06:43:00","User B","Business user","Table 1",Select,"No authorization",TRUE
4466,9179,15,"2016-11-10 06:43:00","User B","Business user","Table 1",Select,"No authorization",TRUE
4467,9183,5,"2016-11-10 07:40:00","User A",Analyst,"Element 2",Select,"No authorization",TRUE
4468,9183,9,"2016-11-10 07:40:00","User A",Analyst,"Element 2",Select,"No authorization",TRUE
4469,9183,11,"2016-11-10 07:40:00","User A",Analyst,"Element 2",Select,"No authorization",TRUE
4470,9183,13,"2016-11-10 07:40:00","User A",Analyst,"Element 2",Select,"No authorization",TRUE
4471,9184,5,"2016-11-10 07:55:00","User A",Analyst,"Element 2",Select,"No authorization",TRUE
4472,9184,9,"2016-11-10 07:55:00","User A",Analyst,"Element 2",Select,"No authorization",TRUE
4473,9184,11,"2016-11-10 07:55:00","User A",Analyst,"Element 2",Select,"No authorization",TRUE
4474,9184,13,"2016-11-10 07:55:00","User A",Analyst,"Element 2",Select,"No authorization",TRUE
4475,9185,5,"2016-11-10 08:09:00","User A",Analyst,"Element 2",Select,"No authorization",TRUE
4476,9185,9,"2016-11-10 08:09:00","User A",Analyst,"Element 2",Select,"No authorization",TRUE
4477,9185,11,"2016-11-10 08:09:00","User A",Analyst,"Element 2",Select,"No authorization",TRUE
4478,9185,13,"2016-11-10 08:09:00","User A",Analyst,"Element 2",Select,"No authorization",TRUE
4479,9186,6,"2016-11-10 08:23:00","User A",Analyst,"Element 3",Append,"No authorization",TRUE
4480,9186,8,"2016-11-10 08:23:00","User A",Analyst,"Element 3",Append,"No authorization",TRUE
4481,9186,10,"2016-11-10 08:23:00","User A",Analyst,"Element 3",Append,"No authorization",TRUE
4482,9186,12,"2016-11-10 08:23:00","User A",Analyst,"Element 3",Append,"No authorization",TRUE
4483,9186,14,"2016-11-10 08:23:00","User A",Analyst,"Element 3",Append,"No authorization",TRUE
4484,9186,16,"2016-11-10 08:23:00","User A",Analyst,"Element 3",Append,"No authorization",TRUE
4485,9204,1,"2016-11-10 12:43:00","User B","Business user","Element 1",Select,"No authorization",TRUE
4486,9204,9,"2016-11-10 12:43:00","User B","Business user","Element 1",Select,"No authorization",TRUE
4487,9204,11,"2016-11-10 12:43:00","User B","Business user","Element 1",Select,"No authorization",TRUE
4488,9204,15,"2016-11-10 12:43:00","User B","Business user","Element 1",Select,"No authorization",TRUE
4489,9206,1,"2016-11-10 01:11:00","User B","Business user","Element 1",Select,"No authorization",TRUE
4490,9206,9,"2016-11-10 01:11:00","User B","Business user","Element 1",Select,"No authorization",TRUE
4491,9206,11,"2016-11-10 01:11:00","User B","Business user","Element 1",Select,"No authorization",TRUE
4492,9206,15,"2016-11-10 01:11:00","User B","Business user","Element 1",Select,"No authorization",TRUE
4493,9217,1,"2016-11-10 03:50:00","User B","Business user","Element 1",Select,"No authorization",TRUE
4494,9217,9,"2016-11-10 03:50:00","User B","Business user","Element 1",Select,"No authorization",TRUE
4495,9217,11,"2016-11-10 03:50:00","User B","Business user","Element 1",Select,"No authorization",TRUE
4496,9217,15,"2016-11-10 03:50:00","User B","Business user","Element 1",Select,"No authorization",TRUE
4497,9219,1,"2016-11-10 04:19:00","User B","Business user","Element 1",Select,"No authorization",TRUE
4498,9219,9,"2016-11-10 04:19:00","User B","Business user","Element 1",Select,"No authorization",TRUE
4499,9219,11,"2016-11-10 04:19:00","User B","Business user","Element 1",Select,"No authorization",TRUE
4500,9219,15,"2016-11-10 04:19:00","User B","Business user","Element 1",Select,"No authorization",TRUE
4501,9232,1,"2016-11-10 07:26:00","User B","Business user","Element 1",Select,"No authorization",TRUE
4502,9232,9,"2016-11-10 07:26:00","User B","Business user","Element 1",Select,"No authorization",TRUE
4503,9232,11,"2016-11-10 07:26:00","User B","Business user","Element 1",Select,"No authorization",TRUE
4504,9232,15,"2016-11-10 07:26:00","User B","Business user","Element 1",Select,"No authorization",TRUE
4505,9271,1,"2016-11-11 04:47:00","User B","Business user","Element 1",Select,"No authorization",TRUE
4506,9271,9,"2016-11-11 04:47:00","User B","Business user","Element 1",Select,"No authorization",TRUE
4507,9271,11,"2016-11-11 04:47:00","User B","Business user","Element 1",Select,"No authorization",TRUE
4508,9271,15,"2016-11-11 04:47:00","User B","Business user","Element 1",Select,"No authorization",TRUE
4509,9281,3,"2016-11-11 07:11:00","User B","Business user","Table 1",Select,"No authorization",TRUE
4510,9281,11,"2016-11-11 07:11:00","User B","Business user","Table 1",Select,"No authorization",TRUE
4511,9281,13,"2016-11-11 07:11:00","User B","Business user","Table 1",Select,"No authorization",TRUE
4512,9281,15,"2016-11-11 07:11:00","User B","Business user","Table 1",Select,"No authorization",TRUE
4513,9296,3,"2016-11-11 10:47:00","User B","Business user","Table 1",Select,"No authorization",TRUE
4514,9296,11,"2016-11-11 10:47:00","User B","Business user","Table 1",Select,"No authorization",TRUE
4515,9296,13,"2016-11-11 10:47:00","User B","Business user","Table 1",Select,"No authorization",TRUE
4516,9296,15,"2016-11-11 10:47:00","User B","Business user","Table 1",Select,"No authorization",TRUE
4517,9297,3,"2016-11-11 11:02:00","User B","Business user","Table 1",Select,"No authorization",TRUE
4518,9297,11,"2016-11-11 11:02:00","User B","Business user","Table 1",Select,"No authorization",TRUE
4519,9297,13,"2016-11-11 11:02:00","User B","Business user","Table 1",Select,"No authorization",TRUE
4520,9297,15,"2016-11-11 11:02:00","User B","Business user","Table 1",Select,"No authorization",TRUE
4521,9298,3,"2016-11-11 11:16:00","User B","Business user","Table 1",Select,"No authorization",TRUE
4522,9298,11,"2016-11-11 11:16:00","User B","Business user","Table 1",Select,"No authorization",TRUE
4523,9298,13,"2016-11-11 11:16:00","User B","Business user","Table 1",Select,"No authorization",TRUE
4524,9298,15,"2016-11-11 11:16:00","User B","Business user","Table 1",Select,"No authorization",TRUE
4525,9303,5,"2016-11-11 12:28:00","User A",Analyst,"Element 2",Select,"No authorization",TRUE
4526,9303,9,"2016-11-11 12:28:00","User A",Analyst,"Element 2",Select,"No authorization",TRUE
4527,9303,11,"2016-11-11 12:28:00","User A",Analyst,"Element 2",Select,"No authorization",TRUE
4528,9303,13,"2016-11-11 12:28:00","User A",Analyst,"Element 2",Select,"No authorization",TRUE
4529,9304,5,"2016-11-11 12:43:00","User A",Analyst,"Element 2",Select,"No authorization",TRUE
4530,9304,9,"2016-11-11 12:43:00","User A",Analyst,"Element 2",Select,"No authorization",TRUE
4531,9304,11,"2016-11-11 12:43:00","User A",Analyst,"Element 2",Select,"No authorization",TRUE
4532,9304,13,"2016-11-11 12:43:00","User A",Analyst,"Element 2",Select,"No authorization",TRUE
4533,9305,5,"2016-11-11 12:57:00","User A",Analyst,"Element 2",Select,"No authorization",TRUE
4534,9305,9,"2016-11-11 12:57:00","User A",Analyst,"Element 2",Select,"No authorization",TRUE
4535,9305,11,"2016-11-11 12:57:00","User A",Analyst,"Element 2",Select,"No authorization",TRUE
4536,9305,13,"2016-11-11 12:57:00","User A",Analyst,"Element 2",Select,"No authorization",TRUE
4537,9306,6,"2016-11-11 01:11:00","User A",Analyst,"Element 3",Append,"No authorization",TRUE
4538,9306,8,"2016-11-11 01:11:00","User A",Analyst,"Element 3",Append,"No authorization",TRUE
4539,9306,10,"2016-11-11 01:11:00","User A",Analyst,"Element 3",Append,"No authorization",TRUE
4540,9306,12,"2016-11-11 01:11:00","User A",Analyst,"Element 3",Append,"No authorization",TRUE
4541,9306,14,"2016-11-11 01:11:00","User A",Analyst,"Element 3",Append,"No authorization",TRUE
4542,9306,16,"2016-11-11 01:11:00","User A",Analyst,"Element 3",Append,"No authorization",TRUE
4543,9324,1,"2016-11-11 05:31:00","User B","Business user","Element 1",Select,"No authorization",TRUE
4544,9324,9,"2016-11-11 05:31:00","User B","Business user","Element 1",Select,"No authorization",TRUE
4545,9324,11,"2016-11-11 05:31:00","User B","Business user","Element 1",Select,"No authorization",TRUE
4546,9324,15,"2016-11-11 05:31:00","User B","Business user","Element 1",Select,"No authorization",TRUE
4547,9326,1,"2016-11-11 05:59:00","User B","Business user","Element 1",Select,"No authorization",TRUE
4548,9326,9,"2016-11-11 05:59:00","User B","Business user","Element 1",Select,"No authorization",TRUE
4549,9326,11,"2016-11-11 05:59:00","User B","Business user","Element 1",Select,"No authorization",TRUE
4550,9326,15,"2016-11-11 05:59:00","User B","Business user","Element 1",Select,"No authorization",TRUE
4551,9337,1,"2016-11-11 08:38:00","User B","Business user","Element 1",Select,"No authorization",TRUE
4552,9337,9,"2016-11-11 08:38:00","User B","Business user","Element 1",Select,"No authorization",TRUE
4553,9337,11,"2016-11-11 08:38:00","User B","Business user","Element 1",Select,"No authorization",TRUE
4554,9337,15,"2016-11-11 08:38:00","User B","Business user","Element 1",Select,"No authorization",TRUE
4555,9339,1,"2016-11-11 09:07:00","User B","Business user","Element 1",Select,"No authorization",TRUE
4556,9339,9,"2016-11-11 09:07:00","User B","Business user","Element 1",Select,"No authorization",TRUE
4557,9339,11,"2016-11-11 09:07:00","User B","Business user","Element 1",Select,"No authorization",TRUE
4558,9339,15,"2016-11-11 09:07:00","User B","Business user","Element 1",Select,"No authorization",TRUE
4559,9352,1,"2016-11-12 12:14:00","User B","Business user","Element 1",Select,"No authorization",TRUE
4560,9352,9,"2016-11-12 12:14:00","User B","Business user","Element 1",Select,"No authorization",TRUE
4561,9352,11,"2016-11-12 12:14:00","User B","Business user","Element 1",Select,"No authorization",TRUE
4562,9352,15,"2016-11-12 12:14:00","User B","Business user","Element 1",Select,"No authorization",TRUE
4563,9391,1,"2016-11-12 09:35:00","User B","Business user","Element 1",Select,"No authorization",TRUE
4564,9391,9,"2016-11-12 09:35:00","User B","Business user","Element 1",Select,"No authorization",TRUE
4565,9391,11,"2016-11-12 09:35:00","User B","Business user","Element 1",Select,"No authorization",TRUE
4566,9391,15,"2016-11-12 09:35:00","User B","Business user","Element 1",Select,"No authorization",TRUE
4567,9401,3,"2016-11-12 11:59:00","User B","Business user","Table 1",Select,"No authorization",TRUE
4568,9401,11,"2016-11-12 11:59:00","User B","Business user","Table 1",Select,"No authorization",TRUE
4569,9401,13,"2016-11-12 11:59:00","User B","Business user","Table 1",Select,"No authorization",TRUE
4570,9401,15,"2016-11-12 11:59:00","User B","Business user","Table 1",Select,"No authorization",TRUE
4571,9416,3,"2016-11-12 03:35:00","User B","Business user","Table 1",Select,"No authorization",TRUE
4572,9416,11,"2016-11-12 03:35:00","User B","Business user","Table 1",Select,"No authorization",TRUE
4573,9416,13,"2016-11-12 03:35:00","User B","Business user","Table 1",Select,"No authorization",TRUE
4574,9416,15,"2016-11-12 03:35:00","User B","Business user","Table 1",Select,"No authorization",TRUE
4575,9417,3,"2016-11-12 03:50:00","User B","Business user","Table 1",Select,"No authorization",TRUE
4576,9417,11,"2016-11-12 03:50:00","User B","Business user","Table 1",Select,"No authorization",TRUE
4577,9417,13,"2016-11-12 03:50:00","User B","Business user","Table 1",Select,"No authorization",TRUE
4578,9417,15,"2016-11-12 03:50:00","User B","Business user","Table 1",Select,"No authorization",TRUE
4579,9418,3,"2016-11-12 04:04:00","User B","Business user","Table 1",Select,"No authorization",TRUE
4580,9418,11,"2016-11-12 04:04:00","User B","Business user","Table 1",Select,"No authorization",TRUE
4581,9418,13,"2016-11-12 04:04:00","User B","Business user","Table 1",Select,"No authorization",TRUE
4582,9418,15,"2016-11-12 04:04:00","User B","Business user","Table 1",Select,"No authorization",TRUE
4583,9423,5,"2016-11-12 05:16:00","User A",Analyst,"Element 2",Select,"No authorization",TRUE
4584,9423,9,"2016-11-12 05:16:00","User A",Analyst,"Element 2",Select,"No authorization",TRUE
4585,9423,11,"2016-11-12 05:16:00","User A",Analyst,"Element 2",Select,"No authorization",TRUE
4586,9423,13,"2016-11-12 05:16:00","User A",Analyst,"Element 2",Select,"No authorization",TRUE
4587,9424,5,"2016-11-12 05:31:00","User A",Analyst,"Element 2",Select,"No authorization",TRUE
4588,9424,9,"2016-11-12 05:31:00","User A",Analyst,"Element 2",Select,"No authorization",TRUE
4589,9424,11,"2016-11-12 05:31:00","User A",Analyst,"Element 2",Select,"No authorization",TRUE
4590,9424,13,"2016-11-12 05:31:00","User A",Analyst,"Element 2",Select,"No authorization",TRUE
4591,9425,5,"2016-11-12 05:45:00","User A",Analyst,"Element 2",Select,"No authorization",TRUE
4592,9425,9,"2016-11-12 05:45:00","User A",Analyst,"Element 2",Select,"No authorization",TRUE
4593,9425,11,"2016-11-12 05:45:00","User A",Analyst,"Element 2",Select,"No authorization",TRUE
4594,9425,13,"2016-11-12 05:45:00","User A",Analyst,"Element 2",Select,"No authorization",TRUE
4595,9426,6,"2016-11-12 05:59:00","User A",Analyst,"Element 3",Append,"No authorization",TRUE
4596,9426,8,"2016-11-12 05:59:00","User A",Analyst,"Element 3",Append,"No authorization",TRUE
4597,9426,10,"2016-11-12 05:59:00","User A",Analyst,"Element 3",Append,"No authorization",TRUE
4598,9426,12,"2016-11-12 05:59:00","User A",Analyst,"Element 3",Append,"No authorization",TRUE
4599,9426,14,"2016-11-12 05:59:00","User A",Analyst,"Element 3",Append,"No authorization",TRUE
4600,9426,16,"2016-11-12 05:59:00","User A",Analyst,"Element 3",Append,"No authorization",TRUE
4601,9444,1,"2016-11-12 10:19:00","User B","Business user","Element 1",Select,"No authorization",TRUE
4602,9444,9,"2016-11-12 10:19:00","User B","Business user","Element 1",Select,"No authorization",TRUE
4603,9444,11,"2016-11-12 10:19:00","User B","Business user","Element 1",Select,"No authorization",TRUE
4604,9444,15,"2016-11-12 10:19:00","User B","Business user","Element 1",Select,"No authorization",TRUE
4605,9446,1,"2016-11-12 10:47:00","User B","Business user","Element 1",Select,"No authorization",TRUE
4606,9446,9,"2016-11-12 10:47:00","User B","Business user","Element 1",Select,"No authorization",TRUE
4607,9446,11,"2016-11-12 10:47:00","User B","Business user","Element 1",Select,"No authorization",TRUE
4608,9446,15,"2016-11-12 10:47:00","User B","Business user","Element 1",Select,"No authorization",TRUE
4609,9457,1,"2016-11-13 01:26:00","User B","Business user","Element 1",Select,"No authorization",TRUE
4610,9457,9,"2016-11-13 01:26:00","User B","Business user","Element 1",Select,"No authorization",TRUE
4611,9457,11,"2016-11-13 01:26:00","User B","Business user","Element 1",Select,"No authorization",TRUE
4612,9457,15,"2016-11-13 01:26:00","User B","Business user","Element 1",Select,"No authorization",TRUE
4613,9459,1,"2016-11-13 01:55:00","User B","Business user","Element 1",Select,"No authorization",TRUE
4614,9459,9,"2016-11-13 01:55:00","User B","Business user","Element 1",Select,"No authorization",TRUE
4615,9459,11,"2016-11-13 01:55:00","User B","Business user","Element 1",Select,"No authorization",TRUE
4616,9459,15,"2016-11-13 01:55:00","User B","Business user","Element 1",Select,"No authorization",TRUE
4617,9472,1,"2016-11-13 05:02:00","User B","Business user","Element 1",Select,"No authorization",TRUE
4618,9472,9,"2016-11-13 05:02:00","User B","Business user","Element 1",Select,"No authorization",TRUE
4619,9472,11,"2016-11-13 05:02:00","User B","Business user","Element 1",Select,"No authorization",TRUE
4620,9472,15,"2016-11-13 05:02:00","User B","Business user","Element 1",Select,"No authorization",TRUE
4621,9511,1,"2016-11-13 02:23:00","User B","Business user","Element 1",Select,"No authorization",TRUE
4622,9511,9,"2016-11-13 02:23:00","User B","Business user","Element 1",Select,"No authorization",TRUE
4623,9511,11,"2016-11-13 02:23:00","User B","Business user","Element 1",Select,"No authorization",TRUE
4624,9511,15,"2016-11-13 02:23:00","User B","Business user","Element 1",Select,"No authorization",TRUE
4625,9521,3,"2016-11-13 04:47:00","User B","Business user","Table 1",Select,"No authorization",TRUE
4626,9521,11,"2016-11-13 04:47:00","User B","Business user","Table 1",Select,"No authorization",TRUE
4627,9521,13,"2016-11-13 04:47:00","User B","Business user","Table 1",Select,"No authorization",TRUE
4628,9521,15,"2016-11-13 04:47:00","User B","Business user","Table 1",Select,"No authorization",TRUE
4629,9536,3,"2016-11-13 08:23:00","User B","Business user","Table 1",Select,"No authorization",TRUE
4630,9536,11,"2016-11-13 08:23:00","User B","Business user","Table 1",Select,"No authorization",TRUE
4631,9536,13,"2016-11-13 08:23:00","User B","Business user","Table 1",Select,"No authorization",TRUE
4632,9536,15,"2016-11-13 08:23:00","User B","Business user","Table 1",Select,"No authorization",TRUE
4633,9537,3,"2016-11-13 08:38:00","User B","Business user","Table 1",Select,"No authorization",TRUE
4634,9537,11,"2016-11-13 08:38:00","User B","Business user","Table 1",Select,"No authorization",TRUE
4635,9537,13,"2016-11-13 08:38:00","User B","Business user","Table 1",Select,"No authorization",TRUE
4636,9537,15,"2016-11-13 08:38:00","User B","Business user","Table 1",Select,"No authorization",TRUE
4637,9538,3,"2016-11-13 08:52:00","User B","Business user","Table 1",Select,"No authorization",TRUE
4638,9538,11,"2016-11-13 08:52:00","User B","Business user","Table 1",Select,"No authorization",TRUE
4639,9538,13,"2016-11-13 08:52:00","User B","Business user","Table 1",Select,"No authorization",TRUE
4640,9538,15,"2016-11-13 08:52:00","User B","Business user","Table 1",Select,"No authorization",TRUE
4641,9542,5,"2016-11-13 09:50:00","User A",Analyst,"Element 2",Select,"No authorization",TRUE
4642,9542,9,"2016-11-13 09:50:00","User A",Analyst,"Element 2",Select,"No authorization",TRUE
4643,9542,11,"2016-11-13 09:50:00","User A",Analyst,"Element 2",Select,"No authorization",TRUE
4644,9542,13,"2016-11-13 09:50:00","User A",Analyst,"Element 2",Select,"No authorization",TRUE
4645,9543,5,"2016-11-13 10:04:00","User A",Analyst,"Element 2",Select,"No authorization",TRUE
4646,9543,9,"2016-11-13 10:04:00","User A",Analyst,"Element 2",Select,"No authorization",TRUE
4647,9543,11,"2016-11-13 10:04:00","User A",Analyst,"Element 2",Select,"No authorization",TRUE
4648,9543,13,"2016-11-13 10:04:00","User A",Analyst,"Element 2",Select,"No authorization",TRUE
4649,9544,5,"2016-11-13 10:19:00","User A",Analyst,"Element 2",Select,"No authorization",TRUE
4650,9544,9,"2016-11-13 10:19:00","User A",Analyst,"Element 2",Select,"No authorization",TRUE
4651,9544,11,"2016-11-13 10:19:00","User A",Analyst,"Element 2",Select,"No authorization",TRUE
4652,9544,13,"2016-11-13 10:19:00","User A",Analyst,"Element 2",Select,"No authorization",TRUE
4653,9545,6,"2016-11-13 10:33:00","User A",Analyst,"Element 3",Append,"No authorization",TRUE
4654,9545,8,"2016-11-13 10:33:00","User A",Analyst,"Element 3",Append,"No authorization",TRUE
4655,9545,10,"2016-11-13 10:33:00","User A",Analyst,"Element 3",Append,"No authorization",TRUE
4656,9545,12,"2016-11-13 10:33:00","User A",Analyst,"Element 3",Append,"No authorization",TRUE
4657,9545,14,"2016-11-13 10:33:00","User A",Analyst,"Element 3",Append,"No authorization",TRUE
4658,9545,16,"2016-11-13 10:33:00","User A",Analyst,"Element 3",Append,"No authorization",TRUE
4659,9563,1,"2016-11-14 02:52:00","User B","Business user","Element 1",Select,"No authorization",TRUE
4660,9563,9,"2016-11-14 02:52:00","User B","Business user","Element 1",Select,"No authorization",TRUE
4661,9563,11,"2016-11-14 02:52:00","User B","Business user","Element 1",Select,"No authorization",TRUE
4662,9563,15,"2016-11-14 02:52:00","User B","Business user","Element 1",Select,"No authorization",TRUE
4663,9565,1,"2016-11-14 03:21:00","User B","Business user","Element 1",Select,"No authorization",TRUE
4664,9565,9,"2016-11-14 03:21:00","User B","Business user","Element 1",Select,"No authorization",TRUE
4665,9565,11,"2016-11-14 03:21:00","User B","Business user","Element 1",Select,"No authorization",TRUE
4666,9565,15,"2016-11-14 03:21:00","User B","Business user","Element 1",Select,"No authorization",TRUE
4667,9576,1,"2016-11-14 05:59:00","User B","Business user","Element 1",Select,"No authorization",TRUE
4668,9576,9,"2016-11-14 05:59:00","User B","Business user","Element 1",Select,"No authorization",TRUE
4669,9576,11,"2016-11-14 05:59:00","User B","Business user","Element 1",Select,"No authorization",TRUE
4670,9576,15,"2016-11-14 05:59:00","User B","Business user","Element 1",Select,"No authorization",TRUE
4671,9578,1,"2016-11-14 06:28:00","User B","Business user","Element 1",Select,"No authorization",TRUE
4672,9578,9,"2016-11-14 06:28:00","User B","Business user","Element 1",Select,"No authorization",TRUE
4673,9578,11,"2016-11-14 06:28:00","User B","Business user","Element 1",Select,"No authorization",TRUE
4674,9578,15,"2016-11-14 06:28:00","User B","Business user","Element 1",Select,"No authorization",TRUE
4675,9591,1,"2016-11-14 09:35:00","User B","Business user","Element 1",Select,"No authorization",TRUE
4676,9591,9,"2016-11-14 09:35:00","User B","Business user","Element 1",Select,"No authorization",TRUE
4677,9591,11,"2016-11-14 09:35:00","User B","Business user","Element 1",Select,"No authorization",TRUE
4678,9591,15,"2016-11-14 09:35:00","User B","Business user","Element 1",Select,"No authorization",TRUE
4679,9630,1,"2016-11-14 06:57:00","User B","Business user","Element 1",Select,"No authorization",TRUE
4680,9630,9,"2016-11-14 06:57:00","User B","Business user","Element 1",Select,"No authorization",TRUE
4681,9630,11,"2016-11-14 06:57:00","User B","Business user","Element 1",Select,"No authorization",TRUE
4682,9630,15,"2016-11-14 06:57:00","User B","Business user","Element 1",Select,"No authorization",TRUE
4683,9640,3,"2016-11-14 09:21:00","User B","Business user","Table 1",Select,"No authorization",TRUE
4684,9640,11,"2016-11-14 09:21:00","User B","Business user","Table 1",Select,"No authorization",TRUE
4685,9640,13,"2016-11-14 09:21:00","User B","Business user","Table 1",Select,"No authorization",TRUE
4686,9640,15,"2016-11-14 09:21:00","User B","Business user","Table 1",Select,"No authorization",TRUE
4687,9655,3,"2016-11-15 12:57:00","User B","Business user","Table 1",Select,"No authorization",TRUE
4688,9655,11,"2016-11-15 12:57:00","User B","Business user","Table 1",Select,"No authorization",TRUE
4689,9655,13,"2016-11-15 12:57:00","User B","Business user","Table 1",Select,"No authorization",TRUE
4690,9655,15,"2016-11-15 12:57:00","User B","Business user","Table 1",Select,"No authorization",TRUE
4691,9656,3,"2016-11-15 01:11:00","User B","Business user","Table 1",Select,"No authorization",TRUE
4692,9656,11,"2016-11-15 01:11:00","User B","Business user","Table 1",Select,"No authorization",TRUE
4693,9656,13,"2016-11-15 01:11:00","User B","Business user","Table 1",Select,"No authorization",TRUE
4694,9656,15,"2016-11-15 01:11:00","User B","Business user","Table 1",Select,"No authorization",TRUE
4695,9657,3,"2016-11-15 01:26:00","User B","Business user","Table 1",Select,"No authorization",TRUE
4696,9657,11,"2016-11-15 01:26:00","User B","Business user","Table 1",Select,"No authorization",TRUE
4697,9657,13,"2016-11-15 01:26:00","User B","Business user","Table 1",Select,"No authorization",TRUE
4698,9657,15,"2016-11-15 01:26:00","User B","Business user","Table 1",Select,"No authorization",TRUE
4699,9661,5,"2016-11-15 02:23:00","User A",Analyst,"Element 2",Select,"No authorization",TRUE
4700,9661,9,"2016-11-15 02:23:00","User A",Analyst,"Element 2",Select,"No authorization",TRUE
4701,9661,11,"2016-11-15 02:23:00","User A",Analyst,"Element 2",Select,"No authorization",TRUE
4702,9661,13,"2016-11-15 02:23:00","User A",Analyst,"Element 2",Select,"No authorization",TRUE
4703,9662,5,"2016-11-15 02:38:00","User A",Analyst,"Element 2",Select,"No authorization",TRUE
4704,9662,9,"2016-11-15 02:38:00","User A",Analyst,"Element 2",Select,"No authorization",TRUE
4705,9662,11,"2016-11-15 02:38:00","User A",Analyst,"Element 2",Select,"No authorization",TRUE
4706,9662,13,"2016-11-15 02:38:00","User A",Analyst,"Element 2",Select,"No authorization",TRUE
4707,9663,5,"2016-11-15 02:52:00","User A",Analyst,"Element 2",Select,"No authorization",TRUE
4708,9663,9,"2016-11-15 02:52:00","User A",Analyst,"Element 2",Select,"No authorization",TRUE
4709,9663,11,"2016-11-15 02:52:00","User A",Analyst,"Element 2",Select,"No authorization",TRUE
4710,9663,13,"2016-11-15 02:52:00","User A",Analyst,"Element 2",Select,"No authorization",TRUE
4711,9664,6,"2016-11-15 03:07:00","User A",Analyst,"Element 3",Append,"No authorization",TRUE
4712,9664,8,"2016-11-15 03:07:00","User A",Analyst,"Element 3",Append,"No authorization",TRUE
4713,9664,10,"2016-11-15 03:07:00","User A",Analyst,"Element 3",Append,"No authorization",TRUE
4714,9664,12,"2016-11-15 03:07:00","User A",Analyst,"Element 3",Append,"No authorization",TRUE
4715,9664,14,"2016-11-15 03:07:00","User A",Analyst,"Element 3",Append,"No authorization",TRUE
4716,9664,16,"2016-11-15 03:07:00","User A",Analyst,"Element 3",Append,"No authorization",TRUE
4717,9682,1,"2016-11-15 07:26:00","User B","Business user","Element 1",Select,"No authorization",TRUE
4718,9682,9,"2016-11-15 07:26:00","User B","Business user","Element 1",Select,"No authorization",TRUE
4719,9682,11,"2016-11-15 07:26:00","User B","Business user","Element 1",Select,"No authorization",TRUE
4720,9682,15,"2016-11-15 07:26:00","User B","Business user","Element 1",Select,"No authorization",TRUE
4721,9684,1,"2016-11-15 07:55:00","User B","Business user","Element 1",Select,"No authorization",TRUE
4722,9684,9,"2016-11-15 07:55:00","User B","Business user","Element 1",Select,"No authorization",TRUE
4723,9684,11,"2016-11-15 07:55:00","User B","Business user","Element 1",Select,"No authorization",TRUE
4724,9684,15,"2016-11-15 07:55:00","User B","Business user","Element 1",Select,"No authorization",TRUE
4725,9695,1,"2016-11-15 10:33:00","User B","Business user","Element 1",Select,"No authorization",TRUE
4726,9695,9,"2016-11-15 10:33:00","User B","Business user","Element 1",Select,"No authorization",TRUE
4727,9695,11,"2016-11-15 10:33:00","User B","Business user","Element 1",Select,"No authorization",TRUE
4728,9695,15,"2016-11-15 10:33:00","User B","Business user","Element 1",Select,"No authorization",TRUE
4729,9697,1,"2016-11-15 11:02:00","User B","Business user","Element 1",Select,"No authorization",TRUE
4730,9697,9,"2016-11-15 11:02:00","User B","Business user","Element 1",Select,"No authorization",TRUE
4731,9697,11,"2016-11-15 11:02:00","User B","Business user","Element 1",Select,"No authorization",TRUE
4732,9697,15,"2016-11-15 11:02:00","User B","Business user","Element 1",Select,"No authorization",TRUE
4733,9710,1,"2016-11-15 02:09:00","User B","Business user","Element 1",Select,"No authorization",TRUE
4734,9710,9,"2016-11-15 02:09:00","User B","Business user","Element 1",Select,"No authorization",TRUE
4735,9710,11,"2016-11-15 02:09:00","User B","Business user","Element 1",Select,"No authorization",TRUE
4736,9710,15,"2016-11-15 02:09:00","User B","Business user","Element 1",Select,"No authorization",TRUE
4737,9749,1,"2016-11-15 11:31:00","User B","Business user","Element 1",Select,"No authorization",TRUE
4738,9749,9,"2016-11-15 11:31:00","User B","Business user","Element 1",Select,"No authorization",TRUE
4739,9749,11,"2016-11-15 11:31:00","User B","Business user","Element 1",Select,"No authorization",TRUE
4740,9749,15,"2016-11-15 11:31:00","User B","Business user","Element 1",Select,"No authorization",TRUE
4741,9759,3,"2016-11-16 01:55:00","User B","Business user","Table 1",Select,"No authorization",TRUE
4742,9759,11,"2016-11-16 01:55:00","User B","Business user","Table 1",Select,"No authorization",TRUE
4743,9759,13,"2016-11-16 01:55:00","User B","Business user","Table 1",Select,"No authorization",TRUE
4744,9759,15,"2016-11-16 01:55:00","User B","Business user","Table 1",Select,"No authorization",TRUE
4745,9774,3,"2016-11-16 05:31:00","User B","Business user","Table 1",Select,"No authorization",TRUE
4746,9774,11,"2016-11-16 05:31:00","User B","Business user","Table 1",Select,"No authorization",TRUE
4747,9774,13,"2016-11-16 05:31:00","User B","Business user","Table 1",Select,"No authorization",TRUE
4748,9774,15,"2016-11-16 05:31:00","User B","Business user","Table 1",Select,"No authorization",TRUE
4749,9775,3,"2016-11-16 05:45:00","User B","Business user","Table 1",Select,"No authorization",TRUE
4750,9775,11,"2016-11-16 05:45:00","User B","Business user","Table 1",Select,"No authorization",TRUE
4751,9775,13,"2016-11-16 05:45:00","User B","Business user","Table 1",Select,"No authorization",TRUE
4752,9775,15,"2016-11-16 05:45:00","User B","Business user","Table 1",Select,"No authorization",TRUE
4753,9776,3,"2016-11-16 05:59:00","User B","Business user","Table 1",Select,"No authorization",TRUE
4754,9776,11,"2016-11-16 05:59:00","User B","Business user","Table 1",Select,"No authorization",TRUE
4755,9776,13,"2016-11-16 05:59:00","User B","Business user","Table 1",Select,"No authorization",TRUE
4756,9776,15,"2016-11-16 05:59:00","User B","Business user","Table 1",Select,"No authorization",TRUE
4757,9780,5,"2016-11-16 06:57:00","User A",Analyst,"Element 2",Select,"No authorization",TRUE
4758,9780,9,"2016-11-16 06:57:00","User A",Analyst,"Element 2",Select,"No authorization",TRUE
4759,9780,11,"2016-11-16 06:57:00","User A",Analyst,"Element 2",Select,"No authorization",TRUE
4760,9780,13,"2016-11-16 06:57:00","User A",Analyst,"Element 2",Select,"No authorization",TRUE
4761,9781,5,"2016-11-16 07:11:00","User A",Analyst,"Element 2",Select,"No authorization",TRUE
4762,9781,9,"2016-11-16 07:11:00","User A",Analyst,"Element 2",Select,"No authorization",TRUE
4763,9781,11,"2016-11-16 07:11:00","User A",Analyst,"Element 2",Select,"No authorization",TRUE
4764,9781,13,"2016-11-16 07:11:00","User A",Analyst,"Element 2",Select,"No authorization",TRUE
4765,9782,5,"2016-11-16 07:26:00","User A",Analyst,"Element 2",Select,"No authorization",TRUE
4766,9782,9,"2016-11-16 07:26:00","User A",Analyst,"Element 2",Select,"No authorization",TRUE
4767,9782,11,"2016-11-16 07:26:00","User A",Analyst,"Element 2",Select,"No authorization",TRUE
4768,9782,13,"2016-11-16 07:26:00","User A",Analyst,"Element 2",Select,"No authorization",TRUE
4769,9783,6,"2016-11-16 07:40:00","User A",Analyst,"Element 3",Append,"No authorization",TRUE
4770,9783,8,"2016-11-16 07:40:00","User A",Analyst,"Element 3",Append,"No authorization",TRUE
4771,9783,10,"2016-11-16 07:40:00","User A",Analyst,"Element 3",Append,"No authorization",TRUE
4772,9783,12,"2016-11-16 07:40:00","User A",Analyst,"Element 3",Append,"No authorization",TRUE
4773,9783,14,"2016-11-16 07:40:00","User A",Analyst,"Element 3",Append,"No authorization",TRUE
4774,9783,16,"2016-11-16 07:40:00","User A",Analyst,"Element 3",Append,"No authorization",TRUE
4775,9801,1,"2016-11-16 11:59:00","User B","Business user","Element 1",Select,"No authorization",TRUE
4776,9801,9,"2016-11-16 11:59:00","User B","Business user","Element 1",Select,"No authorization",TRUE
4777,9801,11,"2016-11-16 11:59:00","User B","Business user","Element 1",Select,"No authorization",TRUE
4778,9801,15,"2016-11-16 11:59:00","User B","Business user","Element 1",Select,"No authorization",TRUE
4779,9803,1,"2016-11-16 12:28:00","User B","Business user","Element 1",Select,"No authorization",TRUE
4780,9803,9,"2016-11-16 12:28:00","User B","Business user","Element 1",Select,"No authorization",TRUE
4781,9803,11,"2016-11-16 12:28:00","User B","Business user","Element 1",Select,"No authorization",TRUE
4782,9803,15,"2016-11-16 12:28:00","User B","Business user","Element 1",Select,"No authorization",TRUE
4783,9814,1,"2016-11-16 03:07:00","User B","Business user","Element 1",Select,"No authorization",TRUE
4784,9814,9,"2016-11-16 03:07:00","User B","Business user","Element 1",Select,"No authorization",TRUE
4785,9814,11,"2016-11-16 03:07:00","User B","Business user","Element 1",Select,"No authorization",TRUE
4786,9814,15,"2016-11-16 03:07:00","User B","Business user","Element 1",Select,"No authorization",TRUE
4787,9816,1,"2016-11-16 03:35:00","User B","Business user","Element 1",Select,"No authorization",TRUE
4788,9816,9,"2016-11-16 03:35:00","User B","Business user","Element 1",Select,"No authorization",TRUE
4789,9816,11,"2016-11-16 03:35:00","User B","Business user","Element 1",Select,"No authorization",TRUE
4790,9816,15,"2016-11-16 03:35:00","User B","Business user","Element 1",Select,"No authorization",TRUE
4791,9829,1,"2016-11-16 06:43:00","User B","Business user","Element 1",Select,"No authorization",TRUE
4792,9829,9,"2016-11-16 06:43:00","User B","Business user","Element 1",Select,"No authorization",TRUE
4793,9829,11,"2016-11-16 06:43:00","User B","Business user","Element 1",Select,"No authorization",TRUE
4794,9829,15,"2016-11-16 06:43:00","User B","Business user","Element 1",Select,"No authorization",TRUE
4795,9868,1,"2016-11-17 04:04:00","User B","Business user","Element 1",Select,"No authorization",TRUE
4796,9868,9,"2016-11-17 04:04:00","User B","Business user","Element 1",Select,"No authorization",TRUE
4797,9868,11,"2016-11-17 04:04:00","User B","Business user","Element 1",Select,"No authorization",TRUE
4798,9868,15,"2016-11-17 04:04:00","User B","Business user","Element 1",Select,"No authorization",TRUE
4799,9878,3,"2016-11-17 06:28:00","User B","Business user","Table 1",Select,"No authorization",TRUE
4800,9878,11,"2016-11-17 06:28:00","User B","Business user","Table 1",Select,"No authorization",TRUE
4801,9878,13,"2016-11-17 06:28:00","User B","Business user","Table 1",Select,"No authorization",TRUE
4802,9878,15,"2016-11-17 06:28:00","User B","Business user","Table 1",Select,"No authorization",TRUE
4803,9893,3,"2016-11-17 10:04:00","User B","Business user","Table 1",Select,"No authorization",TRUE
4804,9893,11,"2016-11-17 10:04:00","User B","Business user","Table 1",Select,"No authorization",TRUE
4805,9893,13,"2016-11-17 10:04:00","User B","Business user","Table 1",Select,"No authorization",TRUE
4806,9893,15,"2016-11-17 10:04:00","User B","Business user","Table 1",Select,"No authorization",TRUE
4807,9894,3,"2016-11-17 10:19:00","User B","Business user","Table 1",Select,"No authorization",TRUE
4808,9894,11,"2016-11-17 10:19:00","User B","Business user","Table 1",Select,"No authorization",TRUE
4809,9894,13,"2016-11-17 10:19:00","User B","Business user","Table 1",Select,"No authorization",TRUE
4810,9894,15,"2016-11-17 10:19:00","User B","Business user","Table 1",Select,"No authorization",TRUE
4811,9895,3,"2016-11-17 10:33:00","User B","Business user","Table 1",Select,"No authorization",TRUE
4812,9895,11,"2016-11-17 10:33:00","User B","Business user","Table 1",Select,"No authorization",TRUE
4813,9895,13,"2016-11-17 10:33:00","User B","Business user","Table 1",Select,"No authorization",TRUE
4814,9895,15,"2016-11-17 10:33:00","User B","Business user","Table 1",Select,"No authorization",TRUE
4815,9899,5,"2016-11-17 11:31:00","User A",Analyst,"Element 2",Select,"No authorization",TRUE
4816,9899,9,"2016-11-17 11:31:00","User A",Analyst,"Element 2",Select,"No authorization",TRUE
4817,9899,11,"2016-11-17 11:31:00","User A",Analyst,"Element 2",Select,"No authorization",TRUE
4818,9899,13,"2016-11-17 11:31:00","User A",Analyst,"Element 2",Select,"No authorization",TRUE
4819,9900,5,"2016-11-17 11:45:00","User A",Analyst,"Element 2",Select,"No authorization",TRUE
4820,9900,9,"2016-11-17 11:45:00","User A",Analyst,"Element 2",Select,"No authorization",TRUE
4821,9900,11,"2016-11-17 11:45:00","User A",Analyst,"Element 2",Select,"No authorization",TRUE
4822,9900,13,"2016-11-17 11:45:00","User A",Analyst,"Element 2",Select,"No authorization",TRUE
4823,9901,5,"2016-11-17 11:59:00","User A",Analyst,"Element 2",Select,"No authorization",TRUE
4824,9901,9,"2016-11-17 11:59:00","User A",Analyst,"Element 2",Select,"No authorization",TRUE
4825,9901,11,"2016-11-17 11:59:00","User A",Analyst,"Element 2",Select,"No authorization",TRUE
4826,9901,13,"2016-11-17 11:59:00","User A",Analyst,"Element 2",Select,"No authorization",TRUE
4827,9902,6,"2016-11-17 12:14:00","User A",Analyst,"Element 3",Append,"No authorization",TRUE
4828,9902,8,"2016-11-17 12:14:00","User A",Analyst,"Element 3",Append,"No authorization",TRUE
4829,9902,10,"2016-11-17 12:14:00","User A",Analyst,"Element 3",Append,"No authorization",TRUE
4830,9902,12,"2016-11-17 12:14:00","User A",Analyst,"Element 3",Append,"No authorization",TRUE
4831,9902,14,"2016-11-17 12:14:00","User A",Analyst,"Element 3",Append,"No authorization",TRUE
4832,9902,16,"2016-11-17 12:14:00","User A",Analyst,"Element 3",Append,"No authorization",TRUE
4833,9920,1,"2016-11-17 04:33:00","User B","Business user","Element 1",Select,"No authorization",TRUE
4834,9920,9,"2016-11-17 04:33:00","User B","Business user","Element 1",Select,"No authorization",TRUE
4835,9920,11,"2016-11-17 04:33:00","User B","Business user","Element 1",Select,"No authorization",TRUE
4836,9920,15,"2016-11-17 04:33:00","User B","Business user","Element 1",Select,"No authorization",TRUE
4837,9922,1,"2016-11-17 05:02:00","User B","Business user","Element 1",Select,"No authorization",TRUE
4838,9922,9,"2016-11-17 05:02:00","User B","Business user","Element 1",Select,"No authorization",TRUE
4839,9922,11,"2016-11-17 05:02:00","User B","Business user","Element 1",Select,"No authorization",TRUE
4840,9922,15,"2016-11-17 05:02:00","User B","Business user","Element 1",Select,"No authorization",TRUE
4841,9933,1,"2016-11-17 07:40:00","User B","Business user","Element 1",Select,"No authorization",TRUE
4842,9933,9,"2016-11-17 07:40:00","User B","Business user","Element 1",Select,"No authorization",TRUE
4843,9933,11,"2016-11-17 07:40:00","User B","Business user","Element 1",Select,"No authorization",TRUE
4844,9933,15,"2016-11-17 07:40:00","User B","Business user","Element 1",Select,"No authorization",TRUE
4845,9935,1,"2016-11-17 08:09:00","User B","Business user","Element 1",Select,"No authorization",TRUE
4846,9935,9,"2016-11-17 08:09:00","User B","Business user","Element 1",Select,"No authorization",TRUE
4847,9935,11,"2016-11-17 08:09:00","User B","Business user","Element 1",Select,"No authorization",TRUE
4848,9935,15,"2016-11-17 08:09:00","User B","Business user","Element 1",Select,"No authorization",TRUE
4849,9948,1,"2016-11-17 11:16:00","User B","Business user","Element 1",Select,"No authorization",TRUE
4850,9948,9,"2016-11-17 11:16:00","User B","Business user","Element 1",Select,"No authorization",TRUE
4851,9948,11,"2016-11-17 11:16:00","User B","Business user","Element 1",Select,"No authorization",TRUE
4852,9948,15,"2016-11-17 11:16:00","User B","Business user","Element 1",Select,"No authorization",TRUE
4853,9987,1,"2016-11-18 08:38:00","User B","Business user","Element 1",Select,"No authorization",TRUE
4854,9987,9,"2016-11-18 08:38:00","User B","Business user","Element 1",Select,"No authorization",TRUE
4855,9987,11,"2016-11-18 08:38:00","User B","Business user","Element 1",Select,"No authorization",TRUE
4856,9987,15,"2016-11-18 08:38:00","User B","Business user","Element 1",Select,"No authorization",TRUE
4857,9997,3,"2016-11-18 11:02:00","User B","Business user","Table 1",Select,"No authorization",TRUE
4858,9997,11,"2016-11-18 11:02:00","User B","Business user","Table 1",Select,"No authorization",TRUE
4859,9997,13,"2016-11-18 11:02:00","User B","Business user","Table 1",Select,"No authorization",TRUE
4860,9997,15,"2016-11-18 11:02:00","User B","Business user","Table 1",Select,"No authorization",TRUE
4861,10012,3,"2016-11-18 02:38:00","User B","Business user","Table 1",Select,"No authorization",TRUE
4862,10012,11,"2016-11-18 02:38:00","User B","Business user","Table 1",Select,"No authorization",TRUE
4863,10012,13,"2016-11-18 02:38:00","User B","Business user","Table 1",Select,"No authorization",TRUE
4864,10012,15,"2016-11-18 02:38:00","User B","Business user","Table 1",Select,"No authorization",TRUE
4865,10013,3,"2016-11-18 02:52:00","User B","Business user","Table 1",Select,"No authorization",TRUE
4866,10013,11,"2016-11-18 02:52:00","User B","Business user","Table 1",Select,"No authorization",TRUE
4867,10013,13,"2016-11-18 02:52:00","User B","Business user","Table 1",Select,"No authorization",TRUE
4868,10013,15,"2016-11-18 02:52:00","User B","Business user","Table 1",Select,"No authorization",TRUE
4869,10014,3,"2016-11-18 03:07:00","User B","Business user","Table 1",Select,"No authorization",TRUE
4870,10014,11,"2016-11-18 03:07:00","User B","Business user","Table 1",Select,"No authorization",TRUE
4871,10014,13,"2016-11-18 03:07:00","User B","Business user","Table 1",Select,"No authorization",TRUE
4872,10014,15,"2016-11-18 03:07:00","User B","Business user","Table 1",Select,"No authorization",TRUE
4873,10018,5,"2016-11-18 04:04:00","User A",Analyst,"Element 2",Select,"No authorization",TRUE
4874,10018,9,"2016-11-18 04:04:00","User A",Analyst,"Element 2",Select,"No authorization",TRUE
4875,10018,11,"2016-11-18 04:04:00","User A",Analyst,"Element 2",Select,"No authorization",TRUE
4876,10018,13,"2016-11-18 04:04:00","User A",Analyst,"Element 2",Select,"No authorization",TRUE
4877,10019,5,"2016-11-18 04:19:00","User A",Analyst,"Element 2",Select,"No authorization",TRUE
4878,10019,9,"2016-11-18 04:19:00","User A",Analyst,"Element 2",Select,"No authorization",TRUE
4879,10019,11,"2016-11-18 04:19:00","User A",Analyst,"Element 2",Select,"No authorization",TRUE
4880,10019,13,"2016-11-18 04:19:00","User A",Analyst,"Element 2",Select,"No authorization",TRUE
4881,10020,5,"2016-11-18 04:33:00","User A",Analyst,"Element 2",Select,"No authorization",TRUE
4882,10020,9,"2016-11-18 04:33:00","User A",Analyst,"Element 2",Select,"No authorization",TRUE
4883,10020,11,"2016-11-18 04:33:00","User A",Analyst,"Element 2",Select,"No authorization",TRUE
4884,10020,13,"2016-11-18 04:33:00","User A",Analyst,"Element 2",Select,"No authorization",TRUE
4885,10021,6,"2016-11-18 04:47:00","User A",Analyst,"Element 3",Append,"No authorization",TRUE
4886,10021,8,"2016-11-18 04:47:00","User A",Analyst,"Element 3",Append,"No authorization",TRUE
4887,10021,10,"2016-11-18 04:47:00","User A",Analyst,"Element 3",Append,"No authorization",TRUE
4888,10021,12,"2016-11-18 04:47:00","User A",Analyst,"Element 3",Append,"No authorization",TRUE
4889,10021,14,"2016-11-18 04:47:00","User A",Analyst,"Element 3",Append,"No authorization",TRUE
4890,10021,16,"2016-11-18 04:47:00","User A",Analyst,"Element 3",Append,"No authorization",TRUE
4891,10039,1,"2016-11-18 09:07:00","User B","Business user","Element 1",Select,"No authorization",TRUE
4892,10039,9,"2016-11-18 09:07:00","User B","Business user","Element 1",Select,"No authorization",TRUE
4893,10039,11,"2016-11-18 09:07:00","User B","Business user","Element 1",Select,"No authorization",TRUE
4894,10039,15,"2016-11-18 09:07:00","User B","Business user","Element 1",Select,"No authorization",TRUE
4895,10041,1,"2016-11-18 09:35:00","User B","Business user","Element 1",Select,"No authorization",TRUE
4896,10041,9,"2016-11-18 09:35:00","User B","Business user","Element 1",Select,"No authorization",TRUE
4897,10041,11,"2016-11-18 09:35:00","User B","Business user","Element 1",Select,"No authorization",TRUE
4898,10041,15,"2016-11-18 09:35:00","User B","Business user","Element 1",Select,"No authorization",TRUE
4899,10052,1,"2016-11-19 12:14:00","User B","Business user","Element 1",Select,"No authorization",TRUE
4900,10052,9,"2016-11-19 12:14:00","User B","Business user","Element 1",Select,"No authorization",TRUE
4901,10052,11,"2016-11-19 12:14:00","User B","Business user","Element 1",Select,"No authorization",TRUE
4902,10052,15,"2016-11-19 12:14:00","User B","Business user","Element 1",Select,"No authorization",TRUE
4903,10054,1,"2016-11-19 12:43:00","User B","Business user","Element 1",Select,"No authorization",TRUE
4904,10054,9,"2016-11-19 12:43:00","User B","Business user","Element 1",Select,"No authorization",TRUE
4905,10054,11,"2016-11-19 12:43:00","User B","Business user","Element 1",Select,"No authorization",TRUE
4906,10054,15,"2016-11-19 12:43:00","User B","Business user","Element 1",Select,"No authorization",TRUE
4907,10067,1,"2016-11-19 03:50:00","User B","Business user","Element 1",Select,"No authorization",TRUE
4908,10067,9,"2016-11-19 03:50:00","User B","Business user","Element 1",Select,"No authorization",TRUE
4909,10067,11,"2016-11-19 03:50:00","User B","Business user","Element 1",Select,"No authorization",TRUE
4910,10067,15,"2016-11-19 03:50:00","User B","Business user","Element 1",Select,"No authorization",TRUE
4911,10106,1,"2016-11-19 01:11:00","User B","Business user","Element 1",Select,"No authorization",TRUE
4912,10106,9,"2016-11-19 01:11:00","User B","Business user","Element 1",Select,"No authorization",TRUE
4913,10106,11,"2016-11-19 01:11:00","User B","Business user","Element 1",Select,"No authorization",TRUE
4914,10106,15,"2016-11-19 01:11:00","User B","Business user","Element 1",Select,"No authorization",TRUE
4915,10116,3,"2016-11-19 03:35:00","User B","Business user","Table 1",Select,"No authorization",TRUE
4916,10116,11,"2016-11-19 03:35:00","User B","Business user","Table 1",Select,"No authorization",TRUE
4917,10116,13,"2016-11-19 03:35:00","User B","Business user","Table 1",Select,"No authorization",TRUE
4918,10116,15,"2016-11-19 03:35:00","User B","Business user","Table 1",Select,"No authorization",TRUE
4919,10131,3,"2016-11-19 07:11:00","User B","Business user","Table 1",Select,"No authorization",TRUE
4920,10131,11,"2016-11-19 07:11:00","User B","Business user","Table 1",Select,"No authorization",TRUE
4921,10131,13,"2016-11-19 07:11:00","User B","Business user","Table 1",Select,"No authorization",TRUE
4922,10131,15,"2016-11-19 07:11:00","User B","Business user","Table 1",Select,"No authorization",TRUE
4923,10132,3,"2016-11-19 07:26:00","User B","Business user","Table 1",Select,"No authorization",TRUE
4924,10132,11,"2016-11-19 07:26:00","User B","Business user","Table 1",Select,"No authorization",TRUE
4925,10132,13,"2016-11-19 07:26:00","User B","Business user","Table 1",Select,"No authorization",TRUE
4926,10132,15,"2016-11-19 07:26:00","User B","Business user","Table 1",Select,"No authorization",TRUE
4927,10133,3,"2016-11-19 07:40:00","User B","Business user","Table 1",Select,"No authorization",TRUE
4928,10133,11,"2016-11-19 07:40:00","User B","Business user","Table 1",Select,"No authorization",TRUE
4929,10133,13,"2016-11-19 07:40:00","User B","Business user","Table 1",Select,"No authorization",TRUE
4930,10133,15,"2016-11-19 07:40:00","User B","Business user","Table 1",Select,"No authorization",TRUE
4931,10137,5,"2016-11-19 08:38:00","User A",Analyst,"Element 2",Select,"No authorization",TRUE
4932,10137,9,"2016-11-19 08:38:00","User A",Analyst,"Element 2",Select,"No authorization",TRUE
4933,10137,11,"2016-11-19 08:38:00","User A",Analyst,"Element 2",Select,"No authorization",TRUE
4934,10137,13,"2016-11-19 08:38:00","User A",Analyst,"Element 2",Select,"No authorization",TRUE
4935,10138,5,"2016-11-19 08:52:00","User A",Analyst,"Element 2",Select,"No authorization",TRUE
4936,10138,9,"2016-11-19 08:52:00","User A",Analyst,"Element 2",Select,"No authorization",TRUE
4937,10138,11,"2016-11-19 08:52:00","User A",Analyst,"Element 2",Select,"No authorization",TRUE
4938,10138,13,"2016-11-19 08:52:00","User A",Analyst,"Element 2",Select,"No authorization",TRUE
4939,10139,5,"2016-11-19 09:07:00","User A",Analyst,"Element 2",Select,"No authorization",TRUE
4940,10139,9,"2016-11-19 09:07:00","User A",Analyst,"Element 2",Select,"No authorization",TRUE
4941,10139,11,"2016-11-19 09:07:00","User A",Analyst,"Element 2",Select,"No authorization",TRUE
4942,10139,13,"2016-11-19 09:07:00","User A",Analyst,"Element 2",Select,"No authorization",TRUE
4943,10140,6,"2016-11-19 09:21:00","User A",Analyst,"Element 3",Append,"No authorization",TRUE
4944,10140,8,"2016-11-19 09:21:00","User A",Analyst,"Element 3",Append,"No authorization",TRUE
4945,10140,10,"2016-11-19 09:21:00","User A",Analyst,"Element 3",Append,"No authorization",TRUE
4946,10140,12,"2016-11-19 09:21:00","User A",Analyst,"Element 3",Append,"No authorization",TRUE
4947,10140,14,"2016-11-19 09:21:00","User A",Analyst,"Element 3",Append,"No authorization",TRUE
4948,10140,16,"2016-11-19 09:21:00","User A",Analyst,"Element 3",Append,"No authorization",TRUE
4949,10158,1,"2016-11-20 01:40:00","User B","Business user","Element 1",Select,"No authorization",TRUE
4950,10158,9,"2016-11-20 01:40:00","User B","Business user","Element 1",Select,"No authorization",TRUE
4951,10158,11,"2016-11-20 01:40:00","User B","Business user","Element 1",Select,"No authorization",TRUE
4952,10158,15,"2016-11-20 01:40:00","User B","Business user","Element 1",Select,"No authorization",TRUE
4953,10160,1,"2016-11-20 02:09:00","User B","Business user","Element 1",Select,"No authorization",TRUE
4954,10160,9,"2016-11-20 02:09:00","User B","Business user","Element 1",Select,"No authorization",TRUE
4955,10160,11,"2016-11-20 02:09:00","User B","Business user","Element 1",Select,"No authorization",TRUE
4956,10160,15,"2016-11-20 02:09:00","User B","Business user","Element 1",Select,"No authorization",TRUE
4957,10171,1,"2016-11-20 04:47:00","User B","Business user","Element 1",Select,"No authorization",TRUE
4958,10171,9,"2016-11-20 04:47:00","User B","Business user","Element 1",Select,"No authorization",TRUE
4959,10171,11,"2016-11-20 04:47:00","User B","Business user","Element 1",Select,"No authorization",TRUE
4960,10171,15,"2016-11-20 04:47:00","User B","Business user","Element 1",Select,"No authorization",TRUE
4961,10173,1,"2016-11-20 05:16:00","User B","Business user","Element 1",Select,"No authorization",TRUE
4962,10173,9,"2016-11-20 05:16:00","User B","Business user","Element 1",Select,"No authorization",TRUE
4963,10173,11,"2016-11-20 05:16:00","User B","Business user","Element 1",Select,"No authorization",TRUE
4964,10173,15,"2016-11-20 05:16:00","User B","Business user","Element 1",Select,"No authorization",TRUE
4965,10186,1,"2016-11-20 08:23:00","User B","Business user","Element 1",Select,"No authorization",TRUE
4966,10186,9,"2016-11-20 08:23:00","User B","Business user","Element 1",Select,"No authorization",TRUE
4967,10186,11,"2016-11-20 08:23:00","User B","Business user","Element 1",Select,"No authorization",TRUE
4968,10186,15,"2016-11-20 08:23:00","User B","Business user","Element 1",Select,"No authorization",TRUE
4969,10225,1,"2016-11-20 05:45:00","User B","Business user","Element 1",Select,"No authorization",TRUE
4970,10225,9,"2016-11-20 05:45:00","User B","Business user","Element 1",Select,"No authorization",TRUE
4971,10225,11,"2016-11-20 05:45:00","User B","Business user","Element 1",Select,"No authorization",TRUE
4972,10225,15,"2016-11-20 05:45:00","User B","Business user","Element 1",Select,"No authorization",TRUE
4973,10235,3,"2016-11-20 08:09:00","User B","Business user","Table 1",Select,"No authorization",TRUE
4974,10235,11,"2016-11-20 08:09:00","User B","Business user","Table 1",Select,"No authorization",TRUE
4975,10235,13,"2016-11-20 08:09:00","User B","Business user","Table 1",Select,"No authorization",TRUE
4976,10235,15,"2016-11-20 08:09:00","User B","Business user","Table 1",Select,"No authorization",TRUE
4977,10250,3,"2016-11-20 11:45:00","User B","Business user","Table 1",Select,"No authorization",TRUE
4978,10250,11,"2016-11-20 11:45:00","User B","Business user","Table 1",Select,"No authorization",TRUE
4979,10250,13,"2016-11-20 11:45:00","User B","Business user","Table 1",Select,"No authorization",TRUE
4980,10250,15,"2016-11-20 11:45:00","User B","Business user","Table 1",Select,"No authorization",TRUE
4981,10251,3,"2016-11-20 11:59:00","User B","Business user","Table 1",Select,"No authorization",TRUE
4982,10251,11,"2016-11-20 11:59:00","User B","Business user","Table 1",Select,"No authorization",TRUE
4983,10251,13,"2016-11-20 11:59:00","User B","Business user","Table 1",Select,"No authorization",TRUE
4984,10251,15,"2016-11-20 11:59:00","User B","Business user","Table 1",Select,"No authorization",TRUE
4985,10252,3,"2016-11-21 12:14:00","User B","Business user","Table 1",Select,"No authorization",TRUE
4986,10252,11,"2016-11-21 12:14:00","User B","Business user","Table 1",Select,"No authorization",TRUE
4987,10252,13,"2016-11-21 12:14:00","User B","Business user","Table 1",Select,"No authorization",TRUE
4988,10252,15,"2016-11-21 12:14:00","User B","Business user","Table 1",Select,"No authorization",TRUE
4989,10256,5,"2016-11-21 01:11:00","User A",Analyst,"Element 2",Select,"No authorization",TRUE
4990,10256,9,"2016-11-21 01:11:00","User A",Analyst,"Element 2",Select,"No authorization",TRUE
4991,10256,11,"2016-11-21 01:11:00","User A",Analyst,"Element 2",Select,"No authorization",TRUE
4992,10256,13,"2016-11-21 01:11:00","User A",Analyst,"Element 2",Select,"No authorization",TRUE
4993,10257,5,"2016-11-21 01:26:00","User A",Analyst,"Element 2",Select,"No authorization",TRUE
4994,10257,9,"2016-11-21 01:26:00","User A",Analyst,"Element 2",Select,"No authorization",TRUE
4995,10257,11,"2016-11-21 01:26:00","User A",Analyst,"Element 2",Select,"No authorization",TRUE
4996,10257,13,"2016-11-21 01:26:00","User A",Analyst,"Element 2",Select,"No authorization",TRUE
4997,10258,5,"2016-11-21 01:40:00","User A",Analyst,"Element 2",Select,"No authorization",TRUE
4998,10258,9,"2016-11-21 01:40:00","User A",Analyst,"Element 2",Select,"No authorization",TRUE
4999,10258,11,"2016-11-21 01:40:00","User A",Analyst,"Element 2",Select,"No authorization",TRUE
5000,10258,13,"2016-11-21 01:40:00","User A",Analyst,"Element 2",Select,"No authorization",TRUE
