d_id,m_id,ar_id,time,requestor,role,component,request_type,violation_type,score
1001,2034,10,"2016-08-30 07:55:00","User A",Analyst,"Element 3",Append,"No authorization",TRUE
1002,2034,12,"2016-08-30 07:55:00","User A",Analyst,"Element 3",Append,"No authorization",TRUE
1003,2034,14,"2016-08-30 07:55:00","User A",Analyst,"Element 3",Append,"No authorization",TRUE
1004,2034,16,"2016-08-30 07:55:00","User A",Analyst,"Element 3",Append,"No authorization",TRUE
1005,2052,1,"2016-08-31 12:14:00","User B","Business user","Element 1",Select,"No authorization",TRUE
1006,2052,9,"2016-08-31 12:14:00","User B","Business user","Element 1",Select,"No authorization",TRUE
1007,2052,11,"2016-08-31 12:14:00","User B","Business user","Element 1",Select,"No authorization",TRUE
1008,2052,15,"2016-08-31 12:14:00","User B","Business user","Element 1",Select,"No authorization",TRUE
1009,2054,1,"2016-08-31 12:43:00","User B","Business user","Element 1",Select,"No authorization",TRUE
1010,2054,9,"2016-08-31 12:43:00","User B","Business user","Element 1",Select,"No authorization",TRUE
1011,2054,11,"2016-08-31 12:43:00","User B","Business user","Element 1",Select,"No authorization",TRUE
1012,2054,15,"2016-08-31 12:43:00","User B","Business user","Element 1",Select,"No authorization",TRUE
1013,2065,1,"2016-08-31 03:21:00","User B","Business user","Element 1",Select,"No authorization",TRUE
1014,2065,9,"2016-08-31 03:21:00","User B","Business user","Element 1",Select,"No authorization",TRUE
1015,2065,11,"2016-08-31 03:21:00","User B","Business user","Element 1",Select,"No authorization",TRUE
1016,2065,15,"2016-08-31 03:21:00","User B","Business user","Element 1",Select,"No authorization",TRUE
1017,2067,1,"2016-08-31 03:50:00","User B","Business user","Element 1",Select,"No authorization",TRUE
1018,2067,9,"2016-08-31 03:50:00","User B","Business user","Element 1",Select,"No authorization",TRUE
1019,2067,11,"2016-08-31 03:50:00","User B","Business user","Element 1",Select,"No authorization",TRUE
1020,2067,15,"2016-08-31 03:50:00","User B","Business user","Element 1",Select,"No authorization",TRUE
1021,2080,1,"2016-08-31 06:57:00","User B","Business user","Element 1",Select,"No authorization",TRUE
1022,2080,9,"2016-08-31 06:57:00","User B","Business user","Element 1",Select,"No authorization",TRUE
1023,2080,11,"2016-08-31 06:57:00","User B","Business user","Element 1",Select,"No authorization",TRUE
1024,2080,15,"2016-08-31 06:57:00","User B","Business user","Element 1",Select,"No authorization",TRUE
1025,2119,1,"2016-08-31 04:19:00","User B","Business user","Element 1",Select,"No authorization",TRUE
1026,2119,9,"2016-08-31 04:19:00","User B","Business user","Element 1",Select,"No authorization",TRUE
1027,2119,11,"2016-08-31 04:19:00","User B","Business user","Element 1",Select,"No authorization",TRUE
1028,2119,15,"2016-08-31 04:19:00","User B","Business user","Element 1",Select,"No authorization",TRUE
1029,2129,3,"2016-08-31 06:43:00","User B","Business user","Table 1",Select,"No authorization",TRUE
1030,2129,11,"2016-08-31 06:43:00","User B","Business user","Table 1",Select,"No authorization",TRUE
1031,2129,13,"2016-08-31 06:43:00","User B","Business user","Table 1",Select,"No authorization",TRUE
1032,2129,15,"2016-08-31 06:43:00","User B","Business user","Table 1",Select,"No authorization",TRUE
1033,2144,3,"2016-08-31 10:19:00","User B","Business user","Table 1",Select,"No authorization",TRUE
1034,2144,11,"2016-08-31 10:19:00","User B","Business user","Table 1",Select,"No authorization",TRUE
1035,2144,13,"2016-08-31 10:19:00","User B","Business user","Table 1",Select,"No authorization",TRUE
1036,2144,15,"2016-08-31 10:19:00","User B","Business user","Table 1",Select,"No authorization",TRUE
1037,2145,3,"2016-08-31 10:33:00","User B","Business user","Table 1",Select,"No authorization",TRUE
1038,2145,11,"2016-08-31 10:33:00","User B","Business user","Table 1",Select,"No authorization",TRUE
1039,2145,13,"2016-08-31 10:33:00","User B","Business user","Table 1",Select,"No authorization",TRUE
1040,2145,15,"2016-08-31 10:33:00","User B","Business user","Table 1",Select,"No authorization",TRUE
1041,2146,3,"2016-08-31 10:47:00","User B","Business user","Table 1",Select,"No authorization",TRUE
1042,2146,11,"2016-08-31 10:47:00","User B","Business user","Table 1",Select,"No authorization",TRUE
1043,2146,13,"2016-08-31 10:47:00","User B","Business user","Table 1",Select,"No authorization",TRUE
1044,2146,15,"2016-08-31 10:47:00","User B","Business user","Table 1",Select,"No authorization",TRUE
1045,2151,5,"2016-08-31 11:59:00","User A",Analyst,"Element 2",Select,"No authorization",TRUE
1046,2151,9,"2016-08-31 11:59:00","User A",Analyst,"Element 2",Select,"No authorization",TRUE
1047,2151,11,"2016-08-31 11:59:00","User A",Analyst,"Element 2",Select,"No authorization",TRUE
1048,2151,13,"2016-08-31 11:59:00","User A",Analyst,"Element 2",Select,"No authorization",TRUE
1049,2152,5,"2016-09-01 12:14:00","User A",Analyst,"Element 2",Select,"No authorization",TRUE
1050,2152,9,"2016-09-01 12:14:00","User A",Analyst,"Element 2",Select,"No authorization",TRUE
1051,2152,11,"2016-09-01 12:14:00","User A",Analyst,"Element 2",Select,"No authorization",TRUE
1052,2152,13,"2016-09-01 12:14:00","User A",Analyst,"Element 2",Select,"No authorization",TRUE
1053,2153,5,"2016-09-01 12:28:00","User A",Analyst,"Element 2",Select,"No authorization",TRUE
1054,2153,9,"2016-09-01 12:28:00","User A",Analyst,"Element 2",Select,"No authorization",TRUE
1055,2153,11,"2016-09-01 12:28:00","User A",Analyst,"Element 2",Select,"No authorization",TRUE
1056,2153,13,"2016-09-01 12:28:00","User A",Analyst,"Element 2",Select,"No authorization",TRUE
1057,2154,6,"2016-09-01 12:43:00","User A",Analyst,"Element 3",Append,"No authorization",TRUE
1058,2154,8,"2016-09-01 12:43:00","User A",Analyst,"Element 3",Append,"No authorization",TRUE
1059,2154,10,"2016-09-01 12:43:00","User A",Analyst,"Element 3",Append,"No authorization",TRUE
1060,2154,12,"2016-09-01 12:43:00","User A",Analyst,"Element 3",Append,"No authorization",TRUE
1061,2154,14,"2016-09-01 12:43:00","User A",Analyst,"Element 3",Append,"No authorization",TRUE
1062,2154,16,"2016-09-01 12:43:00","User A",Analyst,"Element 3",Append,"No authorization",TRUE
1063,2172,1,"2016-09-01 05:02:00","User B","Business user","Element 1",Select,"No authorization",TRUE
1064,2172,9,"2016-09-01 05:02:00","User B","Business user","Element 1",Select,"No authorization",TRUE
1065,2172,11,"2016-09-01 05:02:00","User B","Business user","Element 1",Select,"No authorization",TRUE
1066,2172,15,"2016-09-01 05:02:00","User B","Business user","Element 1",Select,"No authorization",TRUE
1067,2174,1,"2016-09-01 05:31:00","User B","Business user","Element 1",Select,"No authorization",TRUE
1068,2174,9,"2016-09-01 05:31:00","User B","Business user","Element 1",Select,"No authorization",TRUE
1069,2174,11,"2016-09-01 05:31:00","User B","Business user","Element 1",Select,"No authorization",TRUE
1070,2174,15,"2016-09-01 05:31:00","User B","Business user","Element 1",Select,"No authorization",TRUE
1071,2185,1,"2016-09-01 08:09:00","User B","Business user","Element 1",Select,"No authorization",TRUE
1072,2185,9,"2016-09-01 08:09:00","User B","Business user","Element 1",Select,"No authorization",TRUE
1073,2185,11,"2016-09-01 08:09:00","User B","Business user","Element 1",Select,"No authorization",TRUE
1074,2185,15,"2016-09-01 08:09:00","User B","Business user","Element 1",Select,"No authorization",TRUE
1075,2187,1,"2016-09-01 08:38:00","User B","Business user","Element 1",Select,"No authorization",TRUE
1076,2187,9,"2016-09-01 08:38:00","User B","Business user","Element 1",Select,"No authorization",TRUE
1077,2187,11,"2016-09-01 08:38:00","User B","Business user","Element 1",Select,"No authorization",TRUE
1078,2187,15,"2016-09-01 08:38:00","User B","Business user","Element 1",Select,"No authorization",TRUE
1079,2200,1,"2016-09-01 11:45:00","User B","Business user","Element 1",Select,"No authorization",TRUE
1080,2200,9,"2016-09-01 11:45:00","User B","Business user","Element 1",Select,"No authorization",TRUE
1081,2200,11,"2016-09-01 11:45:00","User B","Business user","Element 1",Select,"No authorization",TRUE
1082,2200,15,"2016-09-01 11:45:00","User B","Business user","Element 1",Select,"No authorization",TRUE
1083,2239,1,"2016-09-01 09:07:00","User B","Business user","Element 1",Select,"No authorization",TRUE
1084,2239,9,"2016-09-01 09:07:00","User B","Business user","Element 1",Select,"No authorization",TRUE
1085,2239,11,"2016-09-01 09:07:00","User B","Business user","Element 1",Select,"No authorization",TRUE
1086,2239,15,"2016-09-01 09:07:00","User B","Business user","Element 1",Select,"No authorization",TRUE
1087,2249,3,"2016-09-01 11:31:00","User B","Business user","Table 1",Select,"No authorization",TRUE
1088,2249,11,"2016-09-01 11:31:00","User B","Business user","Table 1",Select,"No authorization",TRUE
1089,2249,13,"2016-09-01 11:31:00","User B","Business user","Table 1",Select,"No authorization",TRUE
1090,2249,15,"2016-09-01 11:31:00","User B","Business user","Table 1",Select,"No authorization",TRUE
1091,2264,3,"2016-09-02 03:07:00","User B","Business user","Table 1",Select,"No authorization",TRUE
1092,2264,11,"2016-09-02 03:07:00","User B","Business user","Table 1",Select,"No authorization",TRUE
1093,2264,13,"2016-09-02 03:07:00","User B","Business user","Table 1",Select,"No authorization",TRUE
1094,2264,15,"2016-09-02 03:07:00","User B","Business user","Table 1",Select,"No authorization",TRUE
1095,2265,3,"2016-09-02 03:21:00","User B","Business user","Table 1",Select,"No authorization",TRUE
1096,2265,11,"2016-09-02 03:21:00","User B","Business user","Table 1",Select,"No authorization",TRUE
1097,2265,13,"2016-09-02 03:21:00","User B","Business user","Table 1",Select,"No authorization",TRUE
1098,2265,15,"2016-09-02 03:21:00","User B","Business user","Table 1",Select,"No authorization",TRUE
1099,2266,3,"2016-09-02 03:35:00","User B","Business user","Table 1",Select,"No authorization",TRUE
1100,2266,11,"2016-09-02 03:35:00","User B","Business user","Table 1",Select,"No authorization",TRUE
1101,2266,13,"2016-09-02 03:35:00","User B","Business user","Table 1",Select,"No authorization",TRUE
1102,2266,15,"2016-09-02 03:35:00","User B","Business user","Table 1",Select,"No authorization",TRUE
1103,2271,5,"2016-09-02 04:47:00","User A",Analyst,"Element 2",Select,"No authorization",TRUE
1104,2271,9,"2016-09-02 04:47:00","User A",Analyst,"Element 2",Select,"No authorization",TRUE
1105,2271,11,"2016-09-02 04:47:00","User A",Analyst,"Element 2",Select,"No authorization",TRUE
1106,2271,13,"2016-09-02 04:47:00","User A",Analyst,"Element 2",Select,"No authorization",TRUE
1107,2272,5,"2016-09-02 05:02:00","User A",Analyst,"Element 2",Select,"No authorization",TRUE
1108,2272,9,"2016-09-02 05:02:00","User A",Analyst,"Element 2",Select,"No authorization",TRUE
1109,2272,11,"2016-09-02 05:02:00","User A",Analyst,"Element 2",Select,"No authorization",TRUE
1110,2272,13,"2016-09-02 05:02:00","User A",Analyst,"Element 2",Select,"No authorization",TRUE
1111,2273,5,"2016-09-02 05:16:00","User A",Analyst,"Element 2",Select,"No authorization",TRUE
1112,2273,9,"2016-09-02 05:16:00","User A",Analyst,"Element 2",Select,"No authorization",TRUE
1113,2273,11,"2016-09-02 05:16:00","User A",Analyst,"Element 2",Select,"No authorization",TRUE
1114,2273,13,"2016-09-02 05:16:00","User A",Analyst,"Element 2",Select,"No authorization",TRUE
1115,2274,6,"2016-09-02 05:31:00","User A",Analyst,"Element 3",Append,"No authorization",TRUE
1116,2274,8,"2016-09-02 05:31:00","User A",Analyst,"Element 3",Append,"No authorization",TRUE
1117,2274,10,"2016-09-02 05:31:00","User A",Analyst,"Element 3",Append,"No authorization",TRUE
1118,2274,12,"2016-09-02 05:31:00","User A",Analyst,"Element 3",Append,"No authorization",TRUE
1119,2274,14,"2016-09-02 05:31:00","User A",Analyst,"Element 3",Append,"No authorization",TRUE
1120,2274,16,"2016-09-02 05:31:00","User A",Analyst,"Element 3",Append,"No authorization",TRUE
1121,2292,1,"2016-09-02 09:50:00","User B","Business user","Element 1",Select,"No authorization",TRUE
1122,2292,9,"2016-09-02 09:50:00","User B","Business user","Element 1",Select,"No authorization",TRUE
1123,2292,11,"2016-09-02 09:50:00","User B","Business user","Element 1",Select,"No authorization",TRUE
1124,2292,15,"2016-09-02 09:50:00","User B","Business user","Element 1",Select,"No authorization",TRUE
1125,2294,1,"2016-09-02 10:19:00","User B","Business user","Element 1",Select,"No authorization",TRUE
1126,2294,9,"2016-09-02 10:19:00","User B","Business user","Element 1",Select,"No authorization",TRUE
1127,2294,11,"2016-09-02 10:19:00","User B","Business user","Element 1",Select,"No authorization",TRUE
1128,2294,15,"2016-09-02 10:19:00","User B","Business user","Element 1",Select,"No authorization",TRUE
1129,2305,1,"2016-09-02 12:57:00","User B","Business user","Element 1",Select,"No authorization",TRUE
1130,2305,9,"2016-09-02 12:57:00","User B","Business user","Element 1",Select,"No authorization",TRUE
1131,2305,11,"2016-09-02 12:57:00","User B","Business user","Element 1",Select,"No authorization",TRUE
1132,2305,15,"2016-09-02 12:57:00","User B","Business user","Element 1",Select,"No authorization",TRUE
1133,2307,1,"2016-09-02 01:26:00","User B","Business user","Element 1",Select,"No authorization",TRUE
1134,2307,9,"2016-09-02 01:26:00","User B","Business user","Element 1",Select,"No authorization",TRUE
1135,2307,11,"2016-09-02 01:26:00","User B","Business user","Element 1",Select,"No authorization",TRUE
1136,2307,15,"2016-09-02 01:26:00","User B","Business user","Element 1",Select,"No authorization",TRUE
1137,2320,1,"2016-09-02 04:33:00","User B","Business user","Element 1",Select,"No authorization",TRUE
1138,2320,9,"2016-09-02 04:33:00","User B","Business user","Element 1",Select,"No authorization",TRUE
1139,2320,11,"2016-09-02 04:33:00","User B","Business user","Element 1",Select,"No authorization",TRUE
1140,2320,15,"2016-09-02 04:33:00","User B","Business user","Element 1",Select,"No authorization",TRUE
1141,2359,1,"2016-09-03 01:55:00","User B","Business user","Element 1",Select,"No authorization",TRUE
1142,2359,9,"2016-09-03 01:55:00","User B","Business user","Element 1",Select,"No authorization",TRUE
1143,2359,11,"2016-09-03 01:55:00","User B","Business user","Element 1",Select,"No authorization",TRUE
1144,2359,15,"2016-09-03 01:55:00","User B","Business user","Element 1",Select,"No authorization",TRUE
1145,2369,3,"2016-09-03 04:19:00","User B","Business user","Table 1",Select,"No authorization",TRUE
1146,2369,11,"2016-09-03 04:19:00","User B","Business user","Table 1",Select,"No authorization",TRUE
1147,2369,13,"2016-09-03 04:19:00","User B","Business user","Table 1",Select,"No authorization",TRUE
1148,2369,15,"2016-09-03 04:19:00","User B","Business user","Table 1",Select,"No authorization",TRUE
1149,2384,3,"2016-09-03 07:55:00","User B","Business user","Table 1",Select,"No authorization",TRUE
1150,2384,11,"2016-09-03 07:55:00","User B","Business user","Table 1",Select,"No authorization",TRUE
1151,2384,13,"2016-09-03 07:55:00","User B","Business user","Table 1",Select,"No authorization",TRUE
1152,2384,15,"2016-09-03 07:55:00","User B","Business user","Table 1",Select,"No authorization",TRUE
1153,2385,3,"2016-09-03 08:09:00","User B","Business user","Table 1",Select,"No authorization",TRUE
1154,2385,11,"2016-09-03 08:09:00","User B","Business user","Table 1",Select,"No authorization",TRUE
1155,2385,13,"2016-09-03 08:09:00","User B","Business user","Table 1",Select,"No authorization",TRUE
1156,2385,15,"2016-09-03 08:09:00","User B","Business user","Table 1",Select,"No authorization",TRUE
1157,2386,3,"2016-09-03 08:23:00","User B","Business user","Table 1",Select,"No authorization",TRUE
1158,2386,11,"2016-09-03 08:23:00","User B","Business user","Table 1",Select,"No authorization",TRUE
1159,2386,13,"2016-09-03 08:23:00","User B","Business user","Table 1",Select,"No authorization",TRUE
1160,2386,15,"2016-09-03 08:23:00","User B","Business user","Table 1",Select,"No authorization",TRUE
1161,2390,5,"2016-09-03 09:21:00","User A",Analyst,"Element 2",Select,"No authorization",TRUE
1162,2390,9,"2016-09-03 09:21:00","User A",Analyst,"Element 2",Select,"No authorization",TRUE
1163,2390,11,"2016-09-03 09:21:00","User A",Analyst,"Element 2",Select,"No authorization",TRUE
1164,2390,13,"2016-09-03 09:21:00","User A",Analyst,"Element 2",Select,"No authorization",TRUE
1165,2391,5,"2016-09-03 09:35:00","User A",Analyst,"Element 2",Select,"No authorization",TRUE
1166,2391,9,"2016-09-03 09:35:00","User A",Analyst,"Element 2",Select,"No authorization",TRUE
1167,2391,11,"2016-09-03 09:35:00","User A",Analyst,"Element 2",Select,"No authorization",TRUE
1168,2391,13,"2016-09-03 09:35:00","User A",Analyst,"Element 2",Select,"No authorization",TRUE
1169,2392,5,"2016-09-03 09:50:00","User A",Analyst,"Element 2",Select,"No authorization",TRUE
1170,2392,9,"2016-09-03 09:50:00","User A",Analyst,"Element 2",Select,"No authorization",TRUE
1171,2392,11,"2016-09-03 09:50:00","User A",Analyst,"Element 2",Select,"No authorization",TRUE
1172,2392,13,"2016-09-03 09:50:00","User A",Analyst,"Element 2",Select,"No authorization",TRUE
1173,2393,6,"2016-09-03 10:04:00","User A",Analyst,"Element 3",Append,"No authorization",TRUE
1174,2393,8,"2016-09-03 10:04:00","User A",Analyst,"Element 3",Append,"No authorization",TRUE
1175,2393,10,"2016-09-03 10:04:00","User A",Analyst,"Element 3",Append,"No authorization",TRUE
1176,2393,12,"2016-09-03 10:04:00","User A",Analyst,"Element 3",Append,"No authorization",TRUE
1177,2393,14,"2016-09-03 10:04:00","User A",Analyst,"Element 3",Append,"No authorization",TRUE
1178,2393,16,"2016-09-03 10:04:00","User A",Analyst,"Element 3",Append,"No authorization",TRUE
1179,2411,1,"2016-09-03 02:23:00","User B","Business user","Element 1",Select,"No authorization",TRUE
1180,2411,9,"2016-09-03 02:23:00","User B","Business user","Element 1",Select,"No authorization",TRUE
1181,2411,11,"2016-09-03 02:23:00","User B","Business user","Element 1",Select,"No authorization",TRUE
1182,2411,15,"2016-09-03 02:23:00","User B","Business user","Element 1",Select,"No authorization",TRUE
1183,2413,1,"2016-09-03 02:52:00","User B","Business user","Element 1",Select,"No authorization",TRUE
1184,2413,9,"2016-09-03 02:52:00","User B","Business user","Element 1",Select,"No authorization",TRUE
1185,2413,11,"2016-09-03 02:52:00","User B","Business user","Element 1",Select,"No authorization",TRUE
1186,2413,15,"2016-09-03 02:52:00","User B","Business user","Element 1",Select,"No authorization",TRUE
1187,2424,1,"2016-09-03 05:31:00","User B","Business user","Element 1",Select,"No authorization",TRUE
1188,2424,9,"2016-09-03 05:31:00","User B","Business user","Element 1",Select,"No authorization",TRUE
1189,2424,11,"2016-09-03 05:31:00","User B","Business user","Element 1",Select,"No authorization",TRUE
1190,2424,15,"2016-09-03 05:31:00","User B","Business user","Element 1",Select,"No authorization",TRUE
1191,2426,1,"2016-09-03 05:59:00","User B","Business user","Element 1",Select,"No authorization",TRUE
1192,2426,9,"2016-09-03 05:59:00","User B","Business user","Element 1",Select,"No authorization",TRUE
1193,2426,11,"2016-09-03 05:59:00","User B","Business user","Element 1",Select,"No authorization",TRUE
1194,2426,15,"2016-09-03 05:59:00","User B","Business user","Element 1",Select,"No authorization",TRUE
1195,2439,1,"2016-09-03 09:07:00","User B","Business user","Element 1",Select,"No authorization",TRUE
1196,2439,9,"2016-09-03 09:07:00","User B","Business user","Element 1",Select,"No authorization",TRUE
1197,2439,11,"2016-09-03 09:07:00","User B","Business user","Element 1",Select,"No authorization",TRUE
1198,2439,15,"2016-09-03 09:07:00","User B","Business user","Element 1",Select,"No authorization",TRUE
1199,2478,1,"2016-09-04 06:28:00","User B","Business user","Element 1",Select,"No authorization",TRUE
1200,2478,9,"2016-09-04 06:28:00","User B","Business user","Element 1",Select,"No authorization",TRUE
1201,2478,11,"2016-09-04 06:28:00","User B","Business user","Element 1",Select,"No authorization",TRUE
1202,2478,15,"2016-09-04 06:28:00","User B","Business user","Element 1",Select,"No authorization",TRUE
1203,2488,3,"2016-09-04 08:52:00","User B","Business user","Table 1",Select,"No authorization",TRUE
1204,2488,11,"2016-09-04 08:52:00","User B","Business user","Table 1",Select,"No authorization",TRUE
1205,2488,13,"2016-09-04 08:52:00","User B","Business user","Table 1",Select,"No authorization",TRUE
1206,2488,15,"2016-09-04 08:52:00","User B","Business user","Table 1",Select,"No authorization",TRUE
1207,2503,3,"2016-09-04 12:28:00","User B","Business user","Table 1",Select,"No authorization",TRUE
1208,2503,11,"2016-09-04 12:28:00","User B","Business user","Table 1",Select,"No authorization",TRUE
1209,2503,13,"2016-09-04 12:28:00","User B","Business user","Table 1",Select,"No authorization",TRUE
1210,2503,15,"2016-09-04 12:28:00","User B","Business user","Table 1",Select,"No authorization",TRUE
1211,2504,3,"2016-09-04 12:43:00","User B","Business user","Table 1",Select,"No authorization",TRUE
1212,2504,11,"2016-09-04 12:43:00","User B","Business user","Table 1",Select,"No authorization",TRUE
1213,2504,13,"2016-09-04 12:43:00","User B","Business user","Table 1",Select,"No authorization",TRUE
1214,2504,15,"2016-09-04 12:43:00","User B","Business user","Table 1",Select,"No authorization",TRUE
1215,2505,3,"2016-09-04 12:57:00","User B","Business user","Table 1",Select,"No authorization",TRUE
1216,2505,11,"2016-09-04 12:57:00","User B","Business user","Table 1",Select,"No authorization",TRUE
1217,2505,13,"2016-09-04 12:57:00","User B","Business user","Table 1",Select,"No authorization",TRUE
1218,2505,15,"2016-09-04 12:57:00","User B","Business user","Table 1",Select,"No authorization",TRUE
1219,2509,5,"2016-09-04 01:55:00","User A",Analyst,"Element 2",Select,"No authorization",TRUE
1220,2509,9,"2016-09-04 01:55:00","User A",Analyst,"Element 2",Select,"No authorization",TRUE
1221,2509,11,"2016-09-04 01:55:00","User A",Analyst,"Element 2",Select,"No authorization",TRUE
1222,2509,13,"2016-09-04 01:55:00","User A",Analyst,"Element 2",Select,"No authorization",TRUE
1223,2510,5,"2016-09-04 02:09:00","User A",Analyst,"Element 2",Select,"No authorization",TRUE
1224,2510,9,"2016-09-04 02:09:00","User A",Analyst,"Element 2",Select,"No authorization",TRUE
1225,2510,11,"2016-09-04 02:09:00","User A",Analyst,"Element 2",Select,"No authorization",TRUE
1226,2510,13,"2016-09-04 02:09:00","User A",Analyst,"Element 2",Select,"No authorization",TRUE
1227,2511,5,"2016-09-04 02:23:00","User A",Analyst,"Element 2",Select,"No authorization",TRUE
1228,2511,9,"2016-09-04 02:23:00","User A",Analyst,"Element 2",Select,"No authorization",TRUE
1229,2511,11,"2016-09-04 02:23:00","User A",Analyst,"Element 2",Select,"No authorization",TRUE
1230,2511,13,"2016-09-04 02:23:00","User A",Analyst,"Element 2",Select,"No authorization",TRUE
1231,2512,6,"2016-09-04 02:38:00","User A",Analyst,"Element 3",Append,"No authorization",TRUE
1232,2512,8,"2016-09-04 02:38:00","User A",Analyst,"Element 3",Append,"No authorization",TRUE
1233,2512,10,"2016-09-04 02:38:00","User A",Analyst,"Element 3",Append,"No authorization",TRUE
1234,2512,12,"2016-09-04 02:38:00","User A",Analyst,"Element 3",Append,"No authorization",TRUE
1235,2512,14,"2016-09-04 02:38:00","User A",Analyst,"Element 3",Append,"No authorization",TRUE
1236,2512,16,"2016-09-04 02:38:00","User A",Analyst,"Element 3",Append,"No authorization",TRUE
1237,2530,1,"2016-09-04 06:57:00","User B","Business user","Element 1",Select,"No authorization",TRUE
1238,2530,9,"2016-09-04 06:57:00","User B","Business user","Element 1",Select,"No authorization",TRUE
1239,2530,11,"2016-09-04 06:57:00","User B","Business user","Element 1",Select,"No authorization",TRUE
1240,2530,15,"2016-09-04 06:57:00","User B","Business user","Element 1",Select,"No authorization",TRUE
1241,2532,1,"2016-09-04 07:26:00","User B","Business user","Element 1",Select,"No authorization",TRUE
1242,2532,9,"2016-09-04 07:26:00","User B","Business user","Element 1",Select,"No authorization",TRUE
1243,2532,11,"2016-09-04 07:26:00","User B","Business user","Element 1",Select,"No authorization",TRUE
1244,2532,15,"2016-09-04 07:26:00","User B","Business user","Element 1",Select,"No authorization",TRUE
1245,2543,1,"2016-09-04 10:04:00","User B","Business user","Element 1",Select,"No authorization",TRUE
1246,2543,9,"2016-09-04 10:04:00","User B","Business user","Element 1",Select,"No authorization",TRUE
1247,2543,11,"2016-09-04 10:04:00","User B","Business user","Element 1",Select,"No authorization",TRUE
1248,2543,15,"2016-09-04 10:04:00","User B","Business user","Element 1",Select,"No authorization",TRUE
1249,2545,1,"2016-09-04 10:33:00","User B","Business user","Element 1",Select,"No authorization",TRUE
1250,2545,9,"2016-09-04 10:33:00","User B","Business user","Element 1",Select,"No authorization",TRUE
1251,2545,11,"2016-09-04 10:33:00","User B","Business user","Element 1",Select,"No authorization",TRUE
1252,2545,15,"2016-09-04 10:33:00","User B","Business user","Element 1",Select,"No authorization",TRUE
1253,2558,1,"2016-09-05 01:40:00","User B","Business user","Element 1",Select,"No authorization",TRUE
1254,2558,9,"2016-09-05 01:40:00","User B","Business user","Element 1",Select,"No authorization",TRUE
1255,2558,11,"2016-09-05 01:40:00","User B","Business user","Element 1",Select,"No authorization",TRUE
1256,2558,15,"2016-09-05 01:40:00","User B","Business user","Element 1",Select,"No authorization",TRUE
1257,2597,1,"2016-09-05 11:02:00","User B","Business user","Element 1",Select,"No authorization",TRUE
1258,2597,9,"2016-09-05 11:02:00","User B","Business user","Element 1",Select,"No authorization",TRUE
1259,2597,11,"2016-09-05 11:02:00","User B","Business user","Element 1",Select,"No authorization",TRUE
1260,2597,15,"2016-09-05 11:02:00","User B","Business user","Element 1",Select,"No authorization",TRUE
1261,2607,3,"2016-09-05 01:26:00","User B","Business user","Table 1",Select,"No authorization",TRUE
1262,2607,11,"2016-09-05 01:26:00","User B","Business user","Table 1",Select,"No authorization",TRUE
1263,2607,13,"2016-09-05 01:26:00","User B","Business user","Table 1",Select,"No authorization",TRUE
1264,2607,15,"2016-09-05 01:26:00","User B","Business user","Table 1",Select,"No authorization",TRUE
1265,2622,3,"2016-09-05 05:02:00","User B","Business user","Table 1",Select,"No authorization",TRUE
1266,2622,11,"2016-09-05 05:02:00","User B","Business user","Table 1",Select,"No authorization",TRUE
1267,2622,13,"2016-09-05 05:02:00","User B","Business user","Table 1",Select,"No authorization",TRUE
1268,2622,15,"2016-09-05 05:02:00","User B","Business user","Table 1",Select,"No authorization",TRUE
1269,2623,3,"2016-09-05 05:16:00","User B","Business user","Table 1",Select,"No authorization",TRUE
1270,2623,11,"2016-09-05 05:16:00","User B","Business user","Table 1",Select,"No authorization",TRUE
1271,2623,13,"2016-09-05 05:16:00","User B","Business user","Table 1",Select,"No authorization",TRUE
1272,2623,15,"2016-09-05 05:16:00","User B","Business user","Table 1",Select,"No authorization",TRUE
1273,2624,3,"2016-09-05 05:31:00","User B","Business user","Table 1",Select,"No authorization",TRUE
1274,2624,11,"2016-09-05 05:31:00","User B","Business user","Table 1",Select,"No authorization",TRUE
1275,2624,13,"2016-09-05 05:31:00","User B","Business user","Table 1",Select,"No authorization",TRUE
1276,2624,15,"2016-09-05 05:31:00","User B","Business user","Table 1",Select,"No authorization",TRUE
1277,2628,5,"2016-09-05 06:28:00","User A",Analyst,"Element 2",Select,"No authorization",TRUE
1278,2628,9,"2016-09-05 06:28:00","User A",Analyst,"Element 2",Select,"No authorization",TRUE
1279,2628,11,"2016-09-05 06:28:00","User A",Analyst,"Element 2",Select,"No authorization",TRUE
1280,2628,13,"2016-09-05 06:28:00","User A",Analyst,"Element 2",Select,"No authorization",TRUE
1281,2629,5,"2016-09-05 06:43:00","User A",Analyst,"Element 2",Select,"No authorization",TRUE
1282,2629,9,"2016-09-05 06:43:00","User A",Analyst,"Element 2",Select,"No authorization",TRUE
1283,2629,11,"2016-09-05 06:43:00","User A",Analyst,"Element 2",Select,"No authorization",TRUE
1284,2629,13,"2016-09-05 06:43:00","User A",Analyst,"Element 2",Select,"No authorization",TRUE
1285,2630,5,"2016-09-05 06:57:00","User A",Analyst,"Element 2",Select,"No authorization",TRUE
1286,2630,9,"2016-09-05 06:57:00","User A",Analyst,"Element 2",Select,"No authorization",TRUE
1287,2630,11,"2016-09-05 06:57:00","User A",Analyst,"Element 2",Select,"No authorization",TRUE
1288,2630,13,"2016-09-05 06:57:00","User A",Analyst,"Element 2",Select,"No authorization",TRUE
1289,2631,6,"2016-09-05 07:11:00","User A",Analyst,"Element 3",Append,"No authorization",TRUE
1290,2631,8,"2016-09-05 07:11:00","User A",Analyst,"Element 3",Append,"No authorization",TRUE
1291,2631,10,"2016-09-05 07:11:00","User A",Analyst,"Element 3",Append,"No authorization",TRUE
1292,2631,12,"2016-09-05 07:11:00","User A",Analyst,"Element 3",Append,"No authorization",TRUE
1293,2631,14,"2016-09-05 07:11:00","User A",Analyst,"Element 3",Append,"No authorization",TRUE
1294,2631,16,"2016-09-05 07:11:00","User A",Analyst,"Element 3",Append,"No authorization",TRUE
1295,2649,1,"2016-09-05 11:31:00","User B","Business user","Element 1",Select,"No authorization",TRUE
1296,2649,9,"2016-09-05 11:31:00","User B","Business user","Element 1",Select,"No authorization",TRUE
1297,2649,11,"2016-09-05 11:31:00","User B","Business user","Element 1",Select,"No authorization",TRUE
1298,2649,15,"2016-09-05 11:31:00","User B","Business user","Element 1",Select,"No authorization",TRUE
1299,2651,1,"2016-09-05 11:59:00","User B","Business user","Element 1",Select,"No authorization",TRUE
1300,2651,9,"2016-09-05 11:59:00","User B","Business user","Element 1",Select,"No authorization",TRUE
1301,2651,11,"2016-09-05 11:59:00","User B","Business user","Element 1",Select,"No authorization",TRUE
1302,2651,15,"2016-09-05 11:59:00","User B","Business user","Element 1",Select,"No authorization",TRUE
1303,2662,1,"2016-09-06 02:38:00","User B","Business user","Element 1",Select,"No authorization",TRUE
1304,2662,9,"2016-09-06 02:38:00","User B","Business user","Element 1",Select,"No authorization",TRUE
1305,2662,11,"2016-09-06 02:38:00","User B","Business user","Element 1",Select,"No authorization",TRUE
1306,2662,15,"2016-09-06 02:38:00","User B","Business user","Element 1",Select,"No authorization",TRUE
1307,2664,1,"2016-09-06 03:07:00","User B","Business user","Element 1",Select,"No authorization",TRUE
1308,2664,9,"2016-09-06 03:07:00","User B","Business user","Element 1",Select,"No authorization",TRUE
1309,2664,11,"2016-09-06 03:07:00","User B","Business user","Element 1",Select,"No authorization",TRUE
1310,2664,15,"2016-09-06 03:07:00","User B","Business user","Element 1",Select,"No authorization",TRUE
1311,2677,1,"2016-09-06 06:14:00","User B","Business user","Element 1",Select,"No authorization",TRUE
1312,2677,9,"2016-09-06 06:14:00","User B","Business user","Element 1",Select,"No authorization",TRUE
1313,2677,11,"2016-09-06 06:14:00","User B","Business user","Element 1",Select,"No authorization",TRUE
1314,2677,15,"2016-09-06 06:14:00","User B","Business user","Element 1",Select,"No authorization",TRUE
1315,2716,1,"2016-09-06 03:35:00","User B","Business user","Element 1",Select,"No authorization",TRUE
1316,2716,9,"2016-09-06 03:35:00","User B","Business user","Element 1",Select,"No authorization",TRUE
1317,2716,11,"2016-09-06 03:35:00","User B","Business user","Element 1",Select,"No authorization",TRUE
1318,2716,15,"2016-09-06 03:35:00","User B","Business user","Element 1",Select,"No authorization",TRUE
1319,2726,3,"2016-09-06 05:59:00","User B","Business user","Table 1",Select,"No authorization",TRUE
1320,2726,11,"2016-09-06 05:59:00","User B","Business user","Table 1",Select,"No authorization",TRUE
1321,2726,13,"2016-09-06 05:59:00","User B","Business user","Table 1",Select,"No authorization",TRUE
1322,2726,15,"2016-09-06 05:59:00","User B","Business user","Table 1",Select,"No authorization",TRUE
1323,2741,3,"2016-09-06 09:35:00","User B","Business user","Table 1",Select,"No authorization",TRUE
1324,2741,11,"2016-09-06 09:35:00","User B","Business user","Table 1",Select,"No authorization",TRUE
1325,2741,13,"2016-09-06 09:35:00","User B","Business user","Table 1",Select,"No authorization",TRUE
1326,2741,15,"2016-09-06 09:35:00","User B","Business user","Table 1",Select,"No authorization",TRUE
1327,2742,3,"2016-09-06 09:50:00","User B","Business user","Table 1",Select,"No authorization",TRUE
1328,2742,11,"2016-09-06 09:50:00","User B","Business user","Table 1",Select,"No authorization",TRUE
1329,2742,13,"2016-09-06 09:50:00","User B","Business user","Table 1",Select,"No authorization",TRUE
1330,2742,15,"2016-09-06 09:50:00","User B","Business user","Table 1",Select,"No authorization",TRUE
1331,2743,3,"2016-09-06 10:04:00","User B","Business user","Table 1",Select,"No authorization",TRUE
1332,2743,11,"2016-09-06 10:04:00","User B","Business user","Table 1",Select,"No authorization",TRUE
1333,2743,13,"2016-09-06 10:04:00","User B","Business user","Table 1",Select,"No authorization",TRUE
1334,2743,15,"2016-09-06 10:04:00","User B","Business user","Table 1",Select,"No authorization",TRUE
1335,2747,5,"2016-09-06 11:02:00","User A",Analyst,"Element 2",Select,"No authorization",TRUE
1336,2747,9,"2016-09-06 11:02:00","User A",Analyst,"Element 2",Select,"No authorization",TRUE
1337,2747,11,"2016-09-06 11:02:00","User A",Analyst,"Element 2",Select,"No authorization",TRUE
1338,2747,13,"2016-09-06 11:02:00","User A",Analyst,"Element 2",Select,"No authorization",TRUE
1339,2748,5,"2016-09-06 11:16:00","User A",Analyst,"Element 2",Select,"No authorization",TRUE
1340,2748,9,"2016-09-06 11:16:00","User A",Analyst,"Element 2",Select,"No authorization",TRUE
1341,2748,11,"2016-09-06 11:16:00","User A",Analyst,"Element 2",Select,"No authorization",TRUE
1342,2748,13,"2016-09-06 11:16:00","User A",Analyst,"Element 2",Select,"No authorization",TRUE
1343,2749,5,"2016-09-06 11:31:00","User A",Analyst,"Element 2",Select,"No authorization",TRUE
1344,2749,9,"2016-09-06 11:31:00","User A",Analyst,"Element 2",Select,"No authorization",TRUE
1345,2749,11,"2016-09-06 11:31:00","User A",Analyst,"Element 2",Select,"No authorization",TRUE
1346,2749,13,"2016-09-06 11:31:00","User A",Analyst,"Element 2",Select,"No authorization",TRUE
1347,2750,6,"2016-09-06 11:45:00","User A",Analyst,"Element 3",Append,"No authorization",TRUE
1348,2750,8,"2016-09-06 11:45:00","User A",Analyst,"Element 3",Append,"No authorization",TRUE
1349,2750,10,"2016-09-06 11:45:00","User A",Analyst,"Element 3",Append,"No authorization",TRUE
1350,2750,12,"2016-09-06 11:45:00","User A",Analyst,"Element 3",Append,"No authorization",TRUE
1351,2750,14,"2016-09-06 11:45:00","User A",Analyst,"Element 3",Append,"No authorization",TRUE
1352,2750,16,"2016-09-06 11:45:00","User A",Analyst,"Element 3",Append,"No authorization",TRUE
1353,2768,1,"2016-09-07 04:04:00","User B","Business user","Element 1",Select,"No authorization",TRUE
1354,2768,9,"2016-09-07 04:04:00","User B","Business user","Element 1",Select,"No authorization",TRUE
1355,2768,11,"2016-09-07 04:04:00","User B","Business user","Element 1",Select,"No authorization",TRUE
1356,2768,15,"2016-09-07 04:04:00","User B","Business user","Element 1",Select,"No authorization",TRUE
1357,2770,1,"2016-09-07 04:33:00","User B","Business user","Element 1",Select,"No authorization",TRUE
1358,2770,9,"2016-09-07 04:33:00","User B","Business user","Element 1",Select,"No authorization",TRUE
1359,2770,11,"2016-09-07 04:33:00","User B","Business user","Element 1",Select,"No authorization",TRUE
1360,2770,15,"2016-09-07 04:33:00","User B","Business user","Element 1",Select,"No authorization",TRUE
1361,2781,1,"2016-09-07 07:11:00","User B","Business user","Element 1",Select,"No authorization",TRUE
1362,2781,9,"2016-09-07 07:11:00","User B","Business user","Element 1",Select,"No authorization",TRUE
1363,2781,11,"2016-09-07 07:11:00","User B","Business user","Element 1",Select,"No authorization",TRUE
1364,2781,15,"2016-09-07 07:11:00","User B","Business user","Element 1",Select,"No authorization",TRUE
1365,2783,1,"2016-09-07 07:40:00","User B","Business user","Element 1",Select,"No authorization",TRUE
1366,2783,9,"2016-09-07 07:40:00","User B","Business user","Element 1",Select,"No authorization",TRUE
1367,2783,11,"2016-09-07 07:40:00","User B","Business user","Element 1",Select,"No authorization",TRUE
1368,2783,15,"2016-09-07 07:40:00","User B","Business user","Element 1",Select,"No authorization",TRUE
1369,2796,1,"2016-09-07 10:47:00","User B","Business user","Element 1",Select,"No authorization",TRUE
1370,2796,9,"2016-09-07 10:47:00","User B","Business user","Element 1",Select,"No authorization",TRUE
1371,2796,11,"2016-09-07 10:47:00","User B","Business user","Element 1",Select,"No authorization",TRUE
1372,2796,15,"2016-09-07 10:47:00","User B","Business user","Element 1",Select,"No authorization",TRUE
1373,2835,1,"2016-09-07 08:09:00","User B","Business user","Element 1",Select,"No authorization",TRUE
1374,2835,9,"2016-09-07 08:09:00","User B","Business user","Element 1",Select,"No authorization",TRUE
1375,2835,11,"2016-09-07 08:09:00","User B","Business user","Element 1",Select,"No authorization",TRUE
1376,2835,15,"2016-09-07 08:09:00","User B","Business user","Element 1",Select,"No authorization",TRUE
1377,2845,3,"2016-09-07 10:33:00","User B","Business user","Table 1",Select,"No authorization",TRUE
1378,2845,11,"2016-09-07 10:33:00","User B","Business user","Table 1",Select,"No authorization",TRUE
1379,2845,13,"2016-09-07 10:33:00","User B","Business user","Table 1",Select,"No authorization",TRUE
1380,2845,15,"2016-09-07 10:33:00","User B","Business user","Table 1",Select,"No authorization",TRUE
1381,2860,3,"2016-09-08 02:09:00","User B","Business user","Table 1",Select,"No authorization",TRUE
1382,2860,11,"2016-09-08 02:09:00","User B","Business user","Table 1",Select,"No authorization",TRUE
1383,2860,13,"2016-09-08 02:09:00","User B","Business user","Table 1",Select,"No authorization",TRUE
1384,2860,15,"2016-09-08 02:09:00","User B","Business user","Table 1",Select,"No authorization",TRUE
1385,2861,3,"2016-09-08 02:23:00","User B","Business user","Table 1",Select,"No authorization",TRUE
1386,2861,11,"2016-09-08 02:23:00","User B","Business user","Table 1",Select,"No authorization",TRUE
1387,2861,13,"2016-09-08 02:23:00","User B","Business user","Table 1",Select,"No authorization",TRUE
1388,2861,15,"2016-09-08 02:23:00","User B","Business user","Table 1",Select,"No authorization",TRUE
1389,2862,3,"2016-09-08 02:38:00","User B","Business user","Table 1",Select,"No authorization",TRUE
1390,2862,11,"2016-09-08 02:38:00","User B","Business user","Table 1",Select,"No authorization",TRUE
1391,2862,13,"2016-09-08 02:38:00","User B","Business user","Table 1",Select,"No authorization",TRUE
1392,2862,15,"2016-09-08 02:38:00","User B","Business user","Table 1",Select,"No authorization",TRUE
1393,2866,5,"2016-09-08 03:35:00","User A",Analyst,"Element 2",Select,"No authorization",TRUE
1394,2866,9,"2016-09-08 03:35:00","User A",Analyst,"Element 2",Select,"No authorization",TRUE
1395,2866,11,"2016-09-08 03:35:00","User A",Analyst,"Element 2",Select,"No authorization",TRUE
1396,2866,13,"2016-09-08 03:35:00","User A",Analyst,"Element 2",Select,"No authorization",TRUE
1397,2867,5,"2016-09-08 03:50:00","User A",Analyst,"Element 2",Select,"No authorization",TRUE
1398,2867,9,"2016-09-08 03:50:00","User A",Analyst,"Element 2",Select,"No authorization",TRUE
1399,2867,11,"2016-09-08 03:50:00","User A",Analyst,"Element 2",Select,"No authorization",TRUE
1400,2867,13,"2016-09-08 03:50:00","User A",Analyst,"Element 2",Select,"No authorization",TRUE
1401,2868,5,"2016-09-08 04:04:00","User A",Analyst,"Element 2",Select,"No authorization",TRUE
1402,2868,9,"2016-09-08 04:04:00","User A",Analyst,"Element 2",Select,"No authorization",TRUE
1403,2868,11,"2016-09-08 04:04:00","User A",Analyst,"Element 2",Select,"No authorization",TRUE
1404,2868,13,"2016-09-08 04:04:00","User A",Analyst,"Element 2",Select,"No authorization",TRUE
1405,2869,6,"2016-09-08 04:19:00","User A",Analyst,"Element 3",Append,"No authorization",TRUE
1406,2869,8,"2016-09-08 04:19:00","User A",Analyst,"Element 3",Append,"No authorization",TRUE
1407,2869,10,"2016-09-08 04:19:00","User A",Analyst,"Element 3",Append,"No authorization",TRUE
1408,2869,12,"2016-09-08 04:19:00","User A",Analyst,"Element 3",Append,"No authorization",TRUE
1409,2869,14,"2016-09-08 04:19:00","User A",Analyst,"Element 3",Append,"No authorization",TRUE
1410,2869,16,"2016-09-08 04:19:00","User A",Analyst,"Element 3",Append,"No authorization",TRUE
1411,2887,1,"2016-09-08 08:38:00","User B","Business user","Element 1",Select,"No authorization",TRUE
1412,2887,9,"2016-09-08 08:38:00","User B","Business user","Element 1",Select,"No authorization",TRUE
1413,2887,11,"2016-09-08 08:38:00","User B","Business user","Element 1",Select,"No authorization",TRUE
1414,2887,15,"2016-09-08 08:38:00","User B","Business user","Element 1",Select,"No authorization",TRUE
1415,2889,1,"2016-09-08 09:07:00","User B","Business user","Element 1",Select,"No authorization",TRUE
1416,2889,9,"2016-09-08 09:07:00","User B","Business user","Element 1",Select,"No authorization",TRUE
1417,2889,11,"2016-09-08 09:07:00","User B","Business user","Element 1",Select,"No authorization",TRUE
1418,2889,15,"2016-09-08 09:07:00","User B","Business user","Element 1",Select,"No authorization",TRUE
1419,2900,1,"2016-09-08 11:45:00","User B","Business user","Element 1",Select,"No authorization",TRUE
1420,2900,9,"2016-09-08 11:45:00","User B","Business user","Element 1",Select,"No authorization",TRUE
1421,2900,11,"2016-09-08 11:45:00","User B","Business user","Element 1",Select,"No authorization",TRUE
1422,2900,15,"2016-09-08 11:45:00","User B","Business user","Element 1",Select,"No authorization",TRUE
1423,2902,1,"2016-09-08 12:14:00","User B","Business user","Element 1",Select,"No authorization",TRUE
1424,2902,9,"2016-09-08 12:14:00","User B","Business user","Element 1",Select,"No authorization",TRUE
1425,2902,11,"2016-09-08 12:14:00","User B","Business user","Element 1",Select,"No authorization",TRUE
1426,2902,15,"2016-09-08 12:14:00","User B","Business user","Element 1",Select,"No authorization",TRUE
1427,2915,1,"2016-09-08 03:21:00","User B","Business user","Element 1",Select,"No authorization",TRUE
1428,2915,9,"2016-09-08 03:21:00","User B","Business user","Element 1",Select,"No authorization",TRUE
1429,2915,11,"2016-09-08 03:21:00","User B","Business user","Element 1",Select,"No authorization",TRUE
1430,2915,15,"2016-09-08 03:21:00","User B","Business user","Element 1",Select,"No authorization",TRUE
1431,2954,1,"2016-09-09 12:43:00","User B","Business user","Element 1",Select,"No authorization",TRUE
1432,2954,9,"2016-09-09 12:43:00","User B","Business user","Element 1",Select,"No authorization",TRUE
1433,2954,11,"2016-09-09 12:43:00","User B","Business user","Element 1",Select,"No authorization",TRUE
1434,2954,15,"2016-09-09 12:43:00","User B","Business user","Element 1",Select,"No authorization",TRUE
1435,2964,3,"2016-09-09 03:07:00","User B","Business user","Table 1",Select,"No authorization",TRUE
1436,2964,11,"2016-09-09 03:07:00","User B","Business user","Table 1",Select,"No authorization",TRUE
1437,2964,13,"2016-09-09 03:07:00","User B","Business user","Table 1",Select,"No authorization",TRUE
1438,2964,15,"2016-09-09 03:07:00","User B","Business user","Table 1",Select,"No authorization",TRUE
1439,2979,3,"2016-09-09 06:43:00","User B","Business user","Table 1",Select,"No authorization",TRUE
1440,2979,11,"2016-09-09 06:43:00","User B","Business user","Table 1",Select,"No authorization",TRUE
1441,2979,13,"2016-09-09 06:43:00","User B","Business user","Table 1",Select,"No authorization",TRUE
1442,2979,15,"2016-09-09 06:43:00","User B","Business user","Table 1",Select,"No authorization",TRUE
1443,2980,3,"2016-09-09 06:57:00","User B","Business user","Table 1",Select,"No authorization",TRUE
1444,2980,11,"2016-09-09 06:57:00","User B","Business user","Table 1",Select,"No authorization",TRUE
1445,2980,13,"2016-09-09 06:57:00","User B","Business user","Table 1",Select,"No authorization",TRUE
1446,2980,15,"2016-09-09 06:57:00","User B","Business user","Table 1",Select,"No authorization",TRUE
1447,2981,3,"2016-09-09 07:11:00","User B","Business user","Table 1",Select,"No authorization",TRUE
1448,2981,11,"2016-09-09 07:11:00","User B","Business user","Table 1",Select,"No authorization",TRUE
1449,2981,13,"2016-09-09 07:11:00","User B","Business user","Table 1",Select,"No authorization",TRUE
1450,2981,15,"2016-09-09 07:11:00","User B","Business user","Table 1",Select,"No authorization",TRUE
1451,2985,5,"2016-09-09 08:09:00","User A",Analyst,"Element 2",Select,"No authorization",TRUE
1452,2985,9,"2016-09-09 08:09:00","User A",Analyst,"Element 2",Select,"No authorization",TRUE
1453,2985,11,"2016-09-09 08:09:00","User A",Analyst,"Element 2",Select,"No authorization",TRUE
1454,2985,13,"2016-09-09 08:09:00","User A",Analyst,"Element 2",Select,"No authorization",TRUE
1455,2986,5,"2016-09-09 08:23:00","User A",Analyst,"Element 2",Select,"No authorization",TRUE
1456,2986,9,"2016-09-09 08:23:00","User A",Analyst,"Element 2",Select,"No authorization",TRUE
1457,2986,11,"2016-09-09 08:23:00","User A",Analyst,"Element 2",Select,"No authorization",TRUE
1458,2986,13,"2016-09-09 08:23:00","User A",Analyst,"Element 2",Select,"No authorization",TRUE
1459,2987,5,"2016-09-09 08:38:00","User A",Analyst,"Element 2",Select,"No authorization",TRUE
1460,2987,9,"2016-09-09 08:38:00","User A",Analyst,"Element 2",Select,"No authorization",TRUE
1461,2987,11,"2016-09-09 08:38:00","User A",Analyst,"Element 2",Select,"No authorization",TRUE
1462,2987,13,"2016-09-09 08:38:00","User A",Analyst,"Element 2",Select,"No authorization",TRUE
1463,2988,6,"2016-09-09 08:52:00","User A",Analyst,"Element 3",Append,"No authorization",TRUE
1464,2988,8,"2016-09-09 08:52:00","User A",Analyst,"Element 3",Append,"No authorization",TRUE
1465,2988,10,"2016-09-09 08:52:00","User A",Analyst,"Element 3",Append,"No authorization",TRUE
1466,2988,12,"2016-09-09 08:52:00","User A",Analyst,"Element 3",Append,"No authorization",TRUE
1467,2988,14,"2016-09-09 08:52:00","User A",Analyst,"Element 3",Append,"No authorization",TRUE
1468,2988,16,"2016-09-09 08:52:00","User A",Analyst,"Element 3",Append,"No authorization",TRUE
1469,3006,1,"2016-09-09 01:11:00","User B","Business user","Element 1",Select,"No authorization",TRUE
1470,3006,9,"2016-09-09 01:11:00","User B","Business user","Element 1",Select,"No authorization",TRUE
1471,3006,11,"2016-09-09 01:11:00","User B","Business user","Element 1",Select,"No authorization",TRUE
1472,3006,15,"2016-09-09 01:11:00","User B","Business user","Element 1",Select,"No authorization",TRUE
1473,3008,1,"2016-09-09 01:40:00","User B","Business user","Element 1",Select,"No authorization",TRUE
1474,3008,9,"2016-09-09 01:40:00","User B","Business user","Element 1",Select,"No authorization",TRUE
1475,3008,11,"2016-09-09 01:40:00","User B","Business user","Element 1",Select,"No authorization",TRUE
1476,3008,15,"2016-09-09 01:40:00","User B","Business user","Element 1",Select,"No authorization",TRUE
1477,3019,1,"2016-09-09 04:19:00","User B","Business user","Element 1",Select,"No authorization",TRUE
1478,3019,9,"2016-09-09 04:19:00","User B","Business user","Element 1",Select,"No authorization",TRUE
1479,3019,11,"2016-09-09 04:19:00","User B","Business user","Element 1",Select,"No authorization",TRUE
1480,3019,15,"2016-09-09 04:19:00","User B","Business user","Element 1",Select,"No authorization",TRUE
1481,3021,1,"2016-09-09 04:47:00","User B","Business user","Element 1",Select,"No authorization",TRUE
1482,3021,9,"2016-09-09 04:47:00","User B","Business user","Element 1",Select,"No authorization",TRUE
1483,3021,11,"2016-09-09 04:47:00","User B","Business user","Element 1",Select,"No authorization",TRUE
1484,3021,15,"2016-09-09 04:47:00","User B","Business user","Element 1",Select,"No authorization",TRUE
1485,3034,1,"2016-09-09 07:55:00","User B","Business user","Element 1",Select,"No authorization",TRUE
1486,3034,9,"2016-09-09 07:55:00","User B","Business user","Element 1",Select,"No authorization",TRUE
1487,3034,11,"2016-09-09 07:55:00","User B","Business user","Element 1",Select,"No authorization",TRUE
1488,3034,15,"2016-09-09 07:55:00","User B","Business user","Element 1",Select,"No authorization",TRUE
1489,3073,1,"2016-09-10 05:16:00","User B","Business user","Element 1",Select,"No authorization",TRUE
1490,3073,9,"2016-09-10 05:16:00","User B","Business user","Element 1",Select,"No authorization",TRUE
1491,3073,11,"2016-09-10 05:16:00","User B","Business user","Element 1",Select,"No authorization",TRUE
1492,3073,15,"2016-09-10 05:16:00","User B","Business user","Element 1",Select,"No authorization",TRUE
1493,3083,3,"2016-09-10 07:40:00","User B","Business user","Table 1",Select,"No authorization",TRUE
1494,3083,11,"2016-09-10 07:40:00","User B","Business user","Table 1",Select,"No authorization",TRUE
1495,3083,13,"2016-09-10 07:40:00","User B","Business user","Table 1",Select,"No authorization",TRUE
1496,3083,15,"2016-09-10 07:40:00","User B","Business user","Table 1",Select,"No authorization",TRUE
1497,3098,3,"2016-09-10 11:16:00","User B","Business user","Table 1",Select,"No authorization",TRUE
1498,3098,11,"2016-09-10 11:16:00","User B","Business user","Table 1",Select,"No authorization",TRUE
1499,3098,13,"2016-09-10 11:16:00","User B","Business user","Table 1",Select,"No authorization",TRUE
1500,3098,15,"2016-09-10 11:16:00","User B","Business user","Table 1",Select,"No authorization",TRUE
1501,3099,3,"2016-09-10 11:31:00","User B","Business user","Table 1",Select,"No authorization",TRUE
1502,3099,11,"2016-09-10 11:31:00","User B","Business user","Table 1",Select,"No authorization",TRUE
1503,3099,13,"2016-09-10 11:31:00","User B","Business user","Table 1",Select,"No authorization",TRUE
1504,3099,15,"2016-09-10 11:31:00","User B","Business user","Table 1",Select,"No authorization",TRUE
1505,3100,3,"2016-09-10 11:45:00","User B","Business user","Table 1",Select,"No authorization",TRUE
1506,3100,11,"2016-09-10 11:45:00","User B","Business user","Table 1",Select,"No authorization",TRUE
1507,3100,13,"2016-09-10 11:45:00","User B","Business user","Table 1",Select,"No authorization",TRUE
1508,3100,15,"2016-09-10 11:45:00","User B","Business user","Table 1",Select,"No authorization",TRUE
1509,3104,5,"2016-09-10 12:43:00","User A",Analyst,"Element 2",Select,"No authorization",TRUE
1510,3104,9,"2016-09-10 12:43:00","User A",Analyst,"Element 2",Select,"No authorization",TRUE
1511,3104,11,"2016-09-10 12:43:00","User A",Analyst,"Element 2",Select,"No authorization",TRUE
1512,3104,13,"2016-09-10 12:43:00","User A",Analyst,"Element 2",Select,"No authorization",TRUE
1513,3105,5,"2016-09-10 12:57:00","User A",Analyst,"Element 2",Select,"No authorization",TRUE
1514,3105,9,"2016-09-10 12:57:00","User A",Analyst,"Element 2",Select,"No authorization",TRUE
1515,3105,11,"2016-09-10 12:57:00","User A",Analyst,"Element 2",Select,"No authorization",TRUE
1516,3105,13,"2016-09-10 12:57:00","User A",Analyst,"Element 2",Select,"No authorization",TRUE
1517,3106,5,"2016-09-10 01:11:00","User A",Analyst,"Element 2",Select,"No authorization",TRUE
1518,3106,9,"2016-09-10 01:11:00","User A",Analyst,"Element 2",Select,"No authorization",TRUE
1519,3106,11,"2016-09-10 01:11:00","User A",Analyst,"Element 2",Select,"No authorization",TRUE
1520,3106,13,"2016-09-10 01:11:00","User A",Analyst,"Element 2",Select,"No authorization",TRUE
1521,3107,6,"2016-09-10 01:26:00","User A",Analyst,"Element 3",Append,"No authorization",TRUE
1522,3107,8,"2016-09-10 01:26:00","User A",Analyst,"Element 3",Append,"No authorization",TRUE
1523,3107,10,"2016-09-10 01:26:00","User A",Analyst,"Element 3",Append,"No authorization",TRUE
1524,3107,12,"2016-09-10 01:26:00","User A",Analyst,"Element 3",Append,"No authorization",TRUE
1525,3107,14,"2016-09-10 01:26:00","User A",Analyst,"Element 3",Append,"No authorization",TRUE
1526,3107,16,"2016-09-10 01:26:00","User A",Analyst,"Element 3",Append,"No authorization",TRUE
1527,3125,1,"2016-09-10 05:45:00","User B","Business user","Element 1",Select,"No authorization",TRUE
1528,3125,9,"2016-09-10 05:45:00","User B","Business user","Element 1",Select,"No authorization",TRUE
1529,3125,11,"2016-09-10 05:45:00","User B","Business user","Element 1",Select,"No authorization",TRUE
1530,3125,15,"2016-09-10 05:45:00","User B","Business user","Element 1",Select,"No authorization",TRUE
1531,3127,1,"2016-09-10 06:14:00","User B","Business user","Element 1",Select,"No authorization",TRUE
1532,3127,9,"2016-09-10 06:14:00","User B","Business user","Element 1",Select,"No authorization",TRUE
1533,3127,11,"2016-09-10 06:14:00","User B","Business user","Element 1",Select,"No authorization",TRUE
1534,3127,15,"2016-09-10 06:14:00","User B","Business user","Element 1",Select,"No authorization",TRUE
1535,3138,1,"2016-09-10 08:52:00","User B","Business user","Element 1",Select,"No authorization",TRUE
1536,3138,9,"2016-09-10 08:52:00","User B","Business user","Element 1",Select,"No authorization",TRUE
1537,3138,11,"2016-09-10 08:52:00","User B","Business user","Element 1",Select,"No authorization",TRUE
1538,3138,15,"2016-09-10 08:52:00","User B","Business user","Element 1",Select,"No authorization",TRUE
1539,3140,1,"2016-09-10 09:21:00","User B","Business user","Element 1",Select,"No authorization",TRUE
1540,3140,9,"2016-09-10 09:21:00","User B","Business user","Element 1",Select,"No authorization",TRUE
1541,3140,11,"2016-09-10 09:21:00","User B","Business user","Element 1",Select,"No authorization",TRUE
1542,3140,15,"2016-09-10 09:21:00","User B","Business user","Element 1",Select,"No authorization",TRUE
1543,3153,1,"2016-09-11 12:28:00","User B","Business user","Element 1",Select,"No authorization",TRUE
1544,3153,9,"2016-09-11 12:28:00","User B","Business user","Element 1",Select,"No authorization",TRUE
1545,3153,11,"2016-09-11 12:28:00","User B","Business user","Element 1",Select,"No authorization",TRUE
1546,3153,15,"2016-09-11 12:28:00","User B","Business user","Element 1",Select,"No authorization",TRUE
1547,3192,1,"2016-09-11 09:50:00","User B","Business user","Element 1",Select,"No authorization",TRUE
1548,3192,9,"2016-09-11 09:50:00","User B","Business user","Element 1",Select,"No authorization",TRUE
1549,3192,11,"2016-09-11 09:50:00","User B","Business user","Element 1",Select,"No authorization",TRUE
1550,3192,15,"2016-09-11 09:50:00","User B","Business user","Element 1",Select,"No authorization",TRUE
1551,3202,3,"2016-09-11 12:14:00","User B","Business user","Table 1",Select,"No authorization",TRUE
1552,3202,11,"2016-09-11 12:14:00","User B","Business user","Table 1",Select,"No authorization",TRUE
1553,3202,13,"2016-09-11 12:14:00","User B","Business user","Table 1",Select,"No authorization",TRUE
1554,3202,15,"2016-09-11 12:14:00","User B","Business user","Table 1",Select,"No authorization",TRUE
1555,3217,3,"2016-09-11 03:50:00","User B","Business user","Table 1",Select,"No authorization",TRUE
1556,3217,11,"2016-09-11 03:50:00","User B","Business user","Table 1",Select,"No authorization",TRUE
1557,3217,13,"2016-09-11 03:50:00","User B","Business user","Table 1",Select,"No authorization",TRUE
1558,3217,15,"2016-09-11 03:50:00","User B","Business user","Table 1",Select,"No authorization",TRUE
1559,3218,3,"2016-09-11 04:04:00","User B","Business user","Table 1",Select,"No authorization",TRUE
1560,3218,11,"2016-09-11 04:04:00","User B","Business user","Table 1",Select,"No authorization",TRUE
1561,3218,13,"2016-09-11 04:04:00","User B","Business user","Table 1",Select,"No authorization",TRUE
1562,3218,15,"2016-09-11 04:04:00","User B","Business user","Table 1",Select,"No authorization",TRUE
1563,3219,3,"2016-09-11 04:19:00","User B","Business user","Table 1",Select,"No authorization",TRUE
1564,3219,11,"2016-09-11 04:19:00","User B","Business user","Table 1",Select,"No authorization",TRUE
1565,3219,13,"2016-09-11 04:19:00","User B","Business user","Table 1",Select,"No authorization",TRUE
1566,3219,15,"2016-09-11 04:19:00","User B","Business user","Table 1",Select,"No authorization",TRUE
1567,3223,5,"2016-09-11 05:16:00","User A",Analyst,"Element 2",Select,"No authorization",TRUE
1568,3223,9,"2016-09-11 05:16:00","User A",Analyst,"Element 2",Select,"No authorization",TRUE
1569,3223,11,"2016-09-11 05:16:00","User A",Analyst,"Element 2",Select,"No authorization",TRUE
1570,3223,13,"2016-09-11 05:16:00","User A",Analyst,"Element 2",Select,"No authorization",TRUE
1571,3224,5,"2016-09-11 05:31:00","User A",Analyst,"Element 2",Select,"No authorization",TRUE
1572,3224,9,"2016-09-11 05:31:00","User A",Analyst,"Element 2",Select,"No authorization",TRUE
1573,3224,11,"2016-09-11 05:31:00","User A",Analyst,"Element 2",Select,"No authorization",TRUE
1574,3224,13,"2016-09-11 05:31:00","User A",Analyst,"Element 2",Select,"No authorization",TRUE
1575,3225,5,"2016-09-11 05:45:00","User A",Analyst,"Element 2",Select,"No authorization",TRUE
1576,3225,9,"2016-09-11 05:45:00","User A",Analyst,"Element 2",Select,"No authorization",TRUE
1577,3225,11,"2016-09-11 05:45:00","User A",Analyst,"Element 2",Select,"No authorization",TRUE
1578,3225,13,"2016-09-11 05:45:00","User A",Analyst,"Element 2",Select,"No authorization",TRUE
1579,3226,6,"2016-09-11 05:59:00","User A",Analyst,"Element 3",Append,"No authorization",TRUE
1580,3226,8,"2016-09-11 05:59:00","User A",Analyst,"Element 3",Append,"No authorization",TRUE
1581,3226,10,"2016-09-11 05:59:00","User A",Analyst,"Element 3",Append,"No authorization",TRUE
1582,3226,12,"2016-09-11 05:59:00","User A",Analyst,"Element 3",Append,"No authorization",TRUE
1583,3226,14,"2016-09-11 05:59:00","User A",Analyst,"Element 3",Append,"No authorization",TRUE
1584,3226,16,"2016-09-11 05:59:00","User A",Analyst,"Element 3",Append,"No authorization",TRUE
1585,3244,1,"2016-09-11 10:19:00","User B","Business user","Element 1",Select,"No authorization",TRUE
1586,3244,9,"2016-09-11 10:19:00","User B","Business user","Element 1",Select,"No authorization",TRUE
1587,3244,11,"2016-09-11 10:19:00","User B","Business user","Element 1",Select,"No authorization",TRUE
1588,3244,15,"2016-09-11 10:19:00","User B","Business user","Element 1",Select,"No authorization",TRUE
1589,3246,1,"2016-09-11 10:47:00","User B","Business user","Element 1",Select,"No authorization",TRUE
1590,3246,9,"2016-09-11 10:47:00","User B","Business user","Element 1",Select,"No authorization",TRUE
1591,3246,11,"2016-09-11 10:47:00","User B","Business user","Element 1",Select,"No authorization",TRUE
1592,3246,15,"2016-09-11 10:47:00","User B","Business user","Element 1",Select,"No authorization",TRUE
1593,3257,1,"2016-09-12 01:26:00","User B","Business user","Element 1",Select,"No authorization",TRUE
1594,3257,9,"2016-09-12 01:26:00","User B","Business user","Element 1",Select,"No authorization",TRUE
1595,3257,11,"2016-09-12 01:26:00","User B","Business user","Element 1",Select,"No authorization",TRUE
1596,3257,15,"2016-09-12 01:26:00","User B","Business user","Element 1",Select,"No authorization",TRUE
1597,3259,1,"2016-09-12 01:55:00","User B","Business user","Element 1",Select,"No authorization",TRUE
1598,3259,9,"2016-09-12 01:55:00","User B","Business user","Element 1",Select,"No authorization",TRUE
1599,3259,11,"2016-09-12 01:55:00","User B","Business user","Element 1",Select,"No authorization",TRUE
1600,3259,15,"2016-09-12 01:55:00","User B","Business user","Element 1",Select,"No authorization",TRUE
1601,3272,1,"2016-09-12 05:02:00","User B","Business user","Element 1",Select,"No authorization",TRUE
1602,3272,9,"2016-09-12 05:02:00","User B","Business user","Element 1",Select,"No authorization",TRUE
1603,3272,11,"2016-09-12 05:02:00","User B","Business user","Element 1",Select,"No authorization",TRUE
1604,3272,15,"2016-09-12 05:02:00","User B","Business user","Element 1",Select,"No authorization",TRUE
1605,3311,1,"2016-09-12 02:23:00","User B","Business user","Element 1",Select,"No authorization",TRUE
1606,3311,9,"2016-09-12 02:23:00","User B","Business user","Element 1",Select,"No authorization",TRUE
1607,3311,11,"2016-09-12 02:23:00","User B","Business user","Element 1",Select,"No authorization",TRUE
1608,3311,15,"2016-09-12 02:23:00","User B","Business user","Element 1",Select,"No authorization",TRUE
1609,3321,3,"2016-09-12 04:47:00","User B","Business user","Table 1",Select,"No authorization",TRUE
1610,3321,11,"2016-09-12 04:47:00","User B","Business user","Table 1",Select,"No authorization",TRUE
1611,3321,13,"2016-09-12 04:47:00","User B","Business user","Table 1",Select,"No authorization",TRUE
1612,3321,15,"2016-09-12 04:47:00","User B","Business user","Table 1",Select,"No authorization",TRUE
1613,3336,3,"2016-09-12 08:23:00","User B","Business user","Table 1",Select,"No authorization",TRUE
1614,3336,11,"2016-09-12 08:23:00","User B","Business user","Table 1",Select,"No authorization",TRUE
1615,3336,13,"2016-09-12 08:23:00","User B","Business user","Table 1",Select,"No authorization",TRUE
1616,3336,15,"2016-09-12 08:23:00","User B","Business user","Table 1",Select,"No authorization",TRUE
1617,3337,3,"2016-09-12 08:38:00","User B","Business user","Table 1",Select,"No authorization",TRUE
1618,3337,11,"2016-09-12 08:38:00","User B","Business user","Table 1",Select,"No authorization",TRUE
1619,3337,13,"2016-09-12 08:38:00","User B","Business user","Table 1",Select,"No authorization",TRUE
1620,3337,15,"2016-09-12 08:38:00","User B","Business user","Table 1",Select,"No authorization",TRUE
1621,3338,3,"2016-09-12 08:52:00","User B","Business user","Table 1",Select,"No authorization",TRUE
1622,3338,11,"2016-09-12 08:52:00","User B","Business user","Table 1",Select,"No authorization",TRUE
1623,3338,13,"2016-09-12 08:52:00","User B","Business user","Table 1",Select,"No authorization",TRUE
1624,3338,15,"2016-09-12 08:52:00","User B","Business user","Table 1",Select,"No authorization",TRUE
1625,3343,5,"2016-09-12 10:04:00","User A",Analyst,"Element 2",Select,"No authorization",TRUE
1626,3343,9,"2016-09-12 10:04:00","User A",Analyst,"Element 2",Select,"No authorization",TRUE
1627,3343,11,"2016-09-12 10:04:00","User A",Analyst,"Element 2",Select,"No authorization",TRUE
1628,3343,13,"2016-09-12 10:04:00","User A",Analyst,"Element 2",Select,"No authorization",TRUE
1629,3344,5,"2016-09-12 10:19:00","User A",Analyst,"Element 2",Select,"No authorization",TRUE
1630,3344,9,"2016-09-12 10:19:00","User A",Analyst,"Element 2",Select,"No authorization",TRUE
1631,3344,11,"2016-09-12 10:19:00","User A",Analyst,"Element 2",Select,"No authorization",TRUE
1632,3344,13,"2016-09-12 10:19:00","User A",Analyst,"Element 2",Select,"No authorization",TRUE
1633,3345,5,"2016-09-12 10:33:00","User A",Analyst,"Element 2",Select,"No authorization",TRUE
1634,3345,9,"2016-09-12 10:33:00","User A",Analyst,"Element 2",Select,"No authorization",TRUE
1635,3345,11,"2016-09-12 10:33:00","User A",Analyst,"Element 2",Select,"No authorization",TRUE
1636,3345,13,"2016-09-12 10:33:00","User A",Analyst,"Element 2",Select,"No authorization",TRUE
1637,3346,6,"2016-09-12 10:47:00","User A",Analyst,"Element 3",Append,"No authorization",TRUE
1638,3346,8,"2016-09-12 10:47:00","User A",Analyst,"Element 3",Append,"No authorization",TRUE
1639,3346,10,"2016-09-12 10:47:00","User A",Analyst,"Element 3",Append,"No authorization",TRUE
1640,3346,12,"2016-09-12 10:47:00","User A",Analyst,"Element 3",Append,"No authorization",TRUE
1641,3346,14,"2016-09-12 10:47:00","User A",Analyst,"Element 3",Append,"No authorization",TRUE
1642,3346,16,"2016-09-12 10:47:00","User A",Analyst,"Element 3",Append,"No authorization",TRUE
1643,3364,1,"2016-09-13 03:07:00","User B","Business user","Element 1",Select,"No authorization",TRUE
1644,3364,9,"2016-09-13 03:07:00","User B","Business user","Element 1",Select,"No authorization",TRUE
1645,3364,11,"2016-09-13 03:07:00","User B","Business user","Element 1",Select,"No authorization",TRUE
1646,3364,15,"2016-09-13 03:07:00","User B","Business user","Element 1",Select,"No authorization",TRUE
1647,3366,1,"2016-09-13 03:35:00","User B","Business user","Element 1",Select,"No authorization",TRUE
1648,3366,9,"2016-09-13 03:35:00","User B","Business user","Element 1",Select,"No authorization",TRUE
1649,3366,11,"2016-09-13 03:35:00","User B","Business user","Element 1",Select,"No authorization",TRUE
1650,3366,15,"2016-09-13 03:35:00","User B","Business user","Element 1",Select,"No authorization",TRUE
1651,3377,1,"2016-09-13 06:14:00","User B","Business user","Element 1",Select,"No authorization",TRUE
1652,3377,9,"2016-09-13 06:14:00","User B","Business user","Element 1",Select,"No authorization",TRUE
1653,3377,11,"2016-09-13 06:14:00","User B","Business user","Element 1",Select,"No authorization",TRUE
1654,3377,15,"2016-09-13 06:14:00","User B","Business user","Element 1",Select,"No authorization",TRUE
1655,3379,1,"2016-09-13 06:43:00","User B","Business user","Element 1",Select,"No authorization",TRUE
1656,3379,9,"2016-09-13 06:43:00","User B","Business user","Element 1",Select,"No authorization",TRUE
1657,3379,11,"2016-09-13 06:43:00","User B","Business user","Element 1",Select,"No authorization",TRUE
1658,3379,15,"2016-09-13 06:43:00","User B","Business user","Element 1",Select,"No authorization",TRUE
1659,3392,1,"2016-09-13 09:50:00","User B","Business user","Element 1",Select,"No authorization",TRUE
1660,3392,9,"2016-09-13 09:50:00","User B","Business user","Element 1",Select,"No authorization",TRUE
1661,3392,11,"2016-09-13 09:50:00","User B","Business user","Element 1",Select,"No authorization",TRUE
1662,3392,15,"2016-09-13 09:50:00","User B","Business user","Element 1",Select,"No authorization",TRUE
1663,3431,1,"2016-09-13 07:11:00","User B","Business user","Element 1",Select,"No authorization",TRUE
1664,3431,9,"2016-09-13 07:11:00","User B","Business user","Element 1",Select,"No authorization",TRUE
1665,3431,11,"2016-09-13 07:11:00","User B","Business user","Element 1",Select,"No authorization",TRUE
1666,3431,15,"2016-09-13 07:11:00","User B","Business user","Element 1",Select,"No authorization",TRUE
1667,3441,3,"2016-09-13 09:35:00","User B","Business user","Table 1",Select,"No authorization",TRUE
1668,3441,11,"2016-09-13 09:35:00","User B","Business user","Table 1",Select,"No authorization",TRUE
1669,3441,13,"2016-09-13 09:35:00","User B","Business user","Table 1",Select,"No authorization",TRUE
1670,3441,15,"2016-09-13 09:35:00","User B","Business user","Table 1",Select,"No authorization",TRUE
1671,3456,3,"2016-09-14 01:11:00","User B","Business user","Table 1",Select,"No authorization",TRUE
1672,3456,11,"2016-09-14 01:11:00","User B","Business user","Table 1",Select,"No authorization",TRUE
1673,3456,13,"2016-09-14 01:11:00","User B","Business user","Table 1",Select,"No authorization",TRUE
1674,3456,15,"2016-09-14 01:11:00","User B","Business user","Table 1",Select,"No authorization",TRUE
1675,3457,3,"2016-09-14 01:26:00","User B","Business user","Table 1",Select,"No authorization",TRUE
1676,3457,11,"2016-09-14 01:26:00","User B","Business user","Table 1",Select,"No authorization",TRUE
1677,3457,13,"2016-09-14 01:26:00","User B","Business user","Table 1",Select,"No authorization",TRUE
1678,3457,15,"2016-09-14 01:26:00","User B","Business user","Table 1",Select,"No authorization",TRUE
1679,3458,3,"2016-09-14 01:40:00","User B","Business user","Table 1",Select,"No authorization",TRUE
1680,3458,11,"2016-09-14 01:40:00","User B","Business user","Table 1",Select,"No authorization",TRUE
1681,3458,13,"2016-09-14 01:40:00","User B","Business user","Table 1",Select,"No authorization",TRUE
1682,3458,15,"2016-09-14 01:40:00","User B","Business user","Table 1",Select,"No authorization",TRUE
1683,3463,5,"2016-09-14 02:52:00","User A",Analyst,"Element 2",Select,"No authorization",TRUE
1684,3463,9,"2016-09-14 02:52:00","User A",Analyst,"Element 2",Select,"No authorization",TRUE
1685,3463,11,"2016-09-14 02:52:00","User A",Analyst,"Element 2",Select,"No authorization",TRUE
1686,3463,13,"2016-09-14 02:52:00","User A",Analyst,"Element 2",Select,"No authorization",TRUE
1687,3464,5,"2016-09-14 03:07:00","User A",Analyst,"Element 2",Select,"No authorization",TRUE
1688,3464,9,"2016-09-14 03:07:00","User A",Analyst,"Element 2",Select,"No authorization",TRUE
1689,3464,11,"2016-09-14 03:07:00","User A",Analyst,"Element 2",Select,"No authorization",TRUE
1690,3464,13,"2016-09-14 03:07:00","User A",Analyst,"Element 2",Select,"No authorization",TRUE
1691,3465,5,"2016-09-14 03:21:00","User A",Analyst,"Element 2",Select,"No authorization",TRUE
1692,3465,9,"2016-09-14 03:21:00","User A",Analyst,"Element 2",Select,"No authorization",TRUE
1693,3465,11,"2016-09-14 03:21:00","User A",Analyst,"Element 2",Select,"No authorization",TRUE
1694,3465,13,"2016-09-14 03:21:00","User A",Analyst,"Element 2",Select,"No authorization",TRUE
1695,3466,6,"2016-09-14 03:35:00","User A",Analyst,"Element 3",Append,"No authorization",TRUE
1696,3466,8,"2016-09-14 03:35:00","User A",Analyst,"Element 3",Append,"No authorization",TRUE
1697,3466,10,"2016-09-14 03:35:00","User A",Analyst,"Element 3",Append,"No authorization",TRUE
1698,3466,12,"2016-09-14 03:35:00","User A",Analyst,"Element 3",Append,"No authorization",TRUE
1699,3466,14,"2016-09-14 03:35:00","User A",Analyst,"Element 3",Append,"No authorization",TRUE
1700,3466,16,"2016-09-14 03:35:00","User A",Analyst,"Element 3",Append,"No authorization",TRUE
1701,3484,1,"2016-09-14 07:55:00","User B","Business user","Element 1",Select,"No authorization",TRUE
1702,3484,9,"2016-09-14 07:55:00","User B","Business user","Element 1",Select,"No authorization",TRUE
1703,3484,11,"2016-09-14 07:55:00","User B","Business user","Element 1",Select,"No authorization",TRUE
1704,3484,15,"2016-09-14 07:55:00","User B","Business user","Element 1",Select,"No authorization",TRUE
1705,3486,1,"2016-09-14 08:23:00","User B","Business user","Element 1",Select,"No authorization",TRUE
1706,3486,9,"2016-09-14 08:23:00","User B","Business user","Element 1",Select,"No authorization",TRUE
1707,3486,11,"2016-09-14 08:23:00","User B","Business user","Element 1",Select,"No authorization",TRUE
1708,3486,15,"2016-09-14 08:23:00","User B","Business user","Element 1",Select,"No authorization",TRUE
1709,3497,1,"2016-09-14 11:02:00","User B","Business user","Element 1",Select,"No authorization",TRUE
1710,3497,9,"2016-09-14 11:02:00","User B","Business user","Element 1",Select,"No authorization",TRUE
1711,3497,11,"2016-09-14 11:02:00","User B","Business user","Element 1",Select,"No authorization",TRUE
1712,3497,15,"2016-09-14 11:02:00","User B","Business user","Element 1",Select,"No authorization",TRUE
1713,3499,1,"2016-09-14 11:31:00","User B","Business user","Element 1",Select,"No authorization",TRUE
1714,3499,9,"2016-09-14 11:31:00","User B","Business user","Element 1",Select,"No authorization",TRUE
1715,3499,11,"2016-09-14 11:31:00","User B","Business user","Element 1",Select,"No authorization",TRUE
1716,3499,15,"2016-09-14 11:31:00","User B","Business user","Element 1",Select,"No authorization",TRUE
1717,3512,1,"2016-09-14 02:38:00","User B","Business user","Element 1",Select,"No authorization",TRUE
1718,3512,9,"2016-09-14 02:38:00","User B","Business user","Element 1",Select,"No authorization",TRUE
1719,3512,11,"2016-09-14 02:38:00","User B","Business user","Element 1",Select,"No authorization",TRUE
1720,3512,15,"2016-09-14 02:38:00","User B","Business user","Element 1",Select,"No authorization",TRUE
1721,3551,1,"2016-09-14 11:59:00","User B","Business user","Element 1",Select,"No authorization",TRUE
1722,3551,9,"2016-09-14 11:59:00","User B","Business user","Element 1",Select,"No authorization",TRUE
1723,3551,11,"2016-09-14 11:59:00","User B","Business user","Element 1",Select,"No authorization",TRUE
1724,3551,15,"2016-09-14 11:59:00","User B","Business user","Element 1",Select,"No authorization",TRUE
1725,3561,3,"2016-09-15 02:23:00","User B","Business user","Table 1",Select,"No authorization",TRUE
1726,3561,11,"2016-09-15 02:23:00","User B","Business user","Table 1",Select,"No authorization",TRUE
1727,3561,13,"2016-09-15 02:23:00","User B","Business user","Table 1",Select,"No authorization",TRUE
1728,3561,15,"2016-09-15 02:23:00","User B","Business user","Table 1",Select,"No authorization",TRUE
1729,3576,3,"2016-09-15 05:59:00","User B","Business user","Table 1",Select,"No authorization",TRUE
1730,3576,11,"2016-09-15 05:59:00","User B","Business user","Table 1",Select,"No authorization",TRUE
1731,3576,13,"2016-09-15 05:59:00","User B","Business user","Table 1",Select,"No authorization",TRUE
1732,3576,15,"2016-09-15 05:59:00","User B","Business user","Table 1",Select,"No authorization",TRUE
1733,3577,3,"2016-09-15 06:14:00","User B","Business user","Table 1",Select,"No authorization",TRUE
1734,3577,11,"2016-09-15 06:14:00","User B","Business user","Table 1",Select,"No authorization",TRUE
1735,3577,13,"2016-09-15 06:14:00","User B","Business user","Table 1",Select,"No authorization",TRUE
1736,3577,15,"2016-09-15 06:14:00","User B","Business user","Table 1",Select,"No authorization",TRUE
1737,3578,3,"2016-09-15 06:28:00","User B","Business user","Table 1",Select,"No authorization",TRUE
1738,3578,11,"2016-09-15 06:28:00","User B","Business user","Table 1",Select,"No authorization",TRUE
1739,3578,13,"2016-09-15 06:28:00","User B","Business user","Table 1",Select,"No authorization",TRUE
1740,3578,15,"2016-09-15 06:28:00","User B","Business user","Table 1",Select,"No authorization",TRUE
1741,3582,5,"2016-09-15 07:26:00","User A",Analyst,"Element 2",Select,"No authorization",TRUE
1742,3582,9,"2016-09-15 07:26:00","User A",Analyst,"Element 2",Select,"No authorization",TRUE
1743,3582,11,"2016-09-15 07:26:00","User A",Analyst,"Element 2",Select,"No authorization",TRUE
1744,3582,13,"2016-09-15 07:26:00","User A",Analyst,"Element 2",Select,"No authorization",TRUE
1745,3583,5,"2016-09-15 07:40:00","User A",Analyst,"Element 2",Select,"No authorization",TRUE
1746,3583,9,"2016-09-15 07:40:00","User A",Analyst,"Element 2",Select,"No authorization",TRUE
1747,3583,11,"2016-09-15 07:40:00","User A",Analyst,"Element 2",Select,"No authorization",TRUE
1748,3583,13,"2016-09-15 07:40:00","User A",Analyst,"Element 2",Select,"No authorization",TRUE
1749,3584,5,"2016-09-15 07:55:00","User A",Analyst,"Element 2",Select,"No authorization",TRUE
1750,3584,9,"2016-09-15 07:55:00","User A",Analyst,"Element 2",Select,"No authorization",TRUE
1751,3584,11,"2016-09-15 07:55:00","User A",Analyst,"Element 2",Select,"No authorization",TRUE
1752,3584,13,"2016-09-15 07:55:00","User A",Analyst,"Element 2",Select,"No authorization",TRUE
1753,3585,6,"2016-09-15 08:09:00","User A",Analyst,"Element 3",Append,"No authorization",TRUE
1754,3585,8,"2016-09-15 08:09:00","User A",Analyst,"Element 3",Append,"No authorization",TRUE
1755,3585,10,"2016-09-15 08:09:00","User A",Analyst,"Element 3",Append,"No authorization",TRUE
1756,3585,12,"2016-09-15 08:09:00","User A",Analyst,"Element 3",Append,"No authorization",TRUE
1757,3585,14,"2016-09-15 08:09:00","User A",Analyst,"Element 3",Append,"No authorization",TRUE
1758,3585,16,"2016-09-15 08:09:00","User A",Analyst,"Element 3",Append,"No authorization",TRUE
1759,3603,1,"2016-09-15 12:28:00","User B","Business user","Element 1",Select,"No authorization",TRUE
1760,3603,9,"2016-09-15 12:28:00","User B","Business user","Element 1",Select,"No authorization",TRUE
1761,3603,11,"2016-09-15 12:28:00","User B","Business user","Element 1",Select,"No authorization",TRUE
1762,3603,15,"2016-09-15 12:28:00","User B","Business user","Element 1",Select,"No authorization",TRUE
1763,3605,1,"2016-09-15 12:57:00","User B","Business user","Element 1",Select,"No authorization",TRUE
1764,3605,9,"2016-09-15 12:57:00","User B","Business user","Element 1",Select,"No authorization",TRUE
1765,3605,11,"2016-09-15 12:57:00","User B","Business user","Element 1",Select,"No authorization",TRUE
1766,3605,15,"2016-09-15 12:57:00","User B","Business user","Element 1",Select,"No authorization",TRUE
1767,3616,1,"2016-09-15 03:35:00","User B","Business user","Element 1",Select,"No authorization",TRUE
1768,3616,9,"2016-09-15 03:35:00","User B","Business user","Element 1",Select,"No authorization",TRUE
1769,3616,11,"2016-09-15 03:35:00","User B","Business user","Element 1",Select,"No authorization",TRUE
1770,3616,15,"2016-09-15 03:35:00","User B","Business user","Element 1",Select,"No authorization",TRUE
1771,3618,1,"2016-09-15 04:04:00","User B","Business user","Element 1",Select,"No authorization",TRUE
1772,3618,9,"2016-09-15 04:04:00","User B","Business user","Element 1",Select,"No authorization",TRUE
1773,3618,11,"2016-09-15 04:04:00","User B","Business user","Element 1",Select,"No authorization",TRUE
1774,3618,15,"2016-09-15 04:04:00","User B","Business user","Element 1",Select,"No authorization",TRUE
1775,3631,1,"2016-09-15 07:11:00","User B","Business user","Element 1",Select,"No authorization",TRUE
1776,3631,9,"2016-09-15 07:11:00","User B","Business user","Element 1",Select,"No authorization",TRUE
1777,3631,11,"2016-09-15 07:11:00","User B","Business user","Element 1",Select,"No authorization",TRUE
1778,3631,15,"2016-09-15 07:11:00","User B","Business user","Element 1",Select,"No authorization",TRUE
1779,3670,1,"2016-09-16 04:33:00","User B","Business user","Element 1",Select,"No authorization",TRUE
1780,3670,9,"2016-09-16 04:33:00","User B","Business user","Element 1",Select,"No authorization",TRUE
1781,3670,11,"2016-09-16 04:33:00","User B","Business user","Element 1",Select,"No authorization",TRUE
1782,3670,15,"2016-09-16 04:33:00","User B","Business user","Element 1",Select,"No authorization",TRUE
1783,3680,3,"2016-09-16 06:57:00","User B","Business user","Table 1",Select,"No authorization",TRUE
1784,3680,11,"2016-09-16 06:57:00","User B","Business user","Table 1",Select,"No authorization",TRUE
1785,3680,13,"2016-09-16 06:57:00","User B","Business user","Table 1",Select,"No authorization",TRUE
1786,3680,15,"2016-09-16 06:57:00","User B","Business user","Table 1",Select,"No authorization",TRUE
1787,3695,3,"2016-09-16 10:33:00","User B","Business user","Table 1",Select,"No authorization",TRUE
1788,3695,11,"2016-09-16 10:33:00","User B","Business user","Table 1",Select,"No authorization",TRUE
1789,3695,13,"2016-09-16 10:33:00","User B","Business user","Table 1",Select,"No authorization",TRUE
1790,3695,15,"2016-09-16 10:33:00","User B","Business user","Table 1",Select,"No authorization",TRUE
1791,3696,3,"2016-09-16 10:47:00","User B","Business user","Table 1",Select,"No authorization",TRUE
1792,3696,11,"2016-09-16 10:47:00","User B","Business user","Table 1",Select,"No authorization",TRUE
1793,3696,13,"2016-09-16 10:47:00","User B","Business user","Table 1",Select,"No authorization",TRUE
1794,3696,15,"2016-09-16 10:47:00","User B","Business user","Table 1",Select,"No authorization",TRUE
1795,3697,3,"2016-09-16 11:02:00","User B","Business user","Table 1",Select,"No authorization",TRUE
1796,3697,11,"2016-09-16 11:02:00","User B","Business user","Table 1",Select,"No authorization",TRUE
1797,3697,13,"2016-09-16 11:02:00","User B","Business user","Table 1",Select,"No authorization",TRUE
1798,3697,15,"2016-09-16 11:02:00","User B","Business user","Table 1",Select,"No authorization",TRUE
1799,3701,5,"2016-09-16 11:59:00","User A",Analyst,"Element 2",Select,"No authorization",TRUE
1800,3701,9,"2016-09-16 11:59:00","User A",Analyst,"Element 2",Select,"No authorization",TRUE
1801,3701,11,"2016-09-16 11:59:00","User A",Analyst,"Element 2",Select,"No authorization",TRUE
1802,3701,13,"2016-09-16 11:59:00","User A",Analyst,"Element 2",Select,"No authorization",TRUE
1803,3702,5,"2016-09-16 12:14:00","User A",Analyst,"Element 2",Select,"No authorization",TRUE
1804,3702,9,"2016-09-16 12:14:00","User A",Analyst,"Element 2",Select,"No authorization",TRUE
1805,3702,11,"2016-09-16 12:14:00","User A",Analyst,"Element 2",Select,"No authorization",TRUE
1806,3702,13,"2016-09-16 12:14:00","User A",Analyst,"Element 2",Select,"No authorization",TRUE
1807,3703,5,"2016-09-16 12:28:00","User A",Analyst,"Element 2",Select,"No authorization",TRUE
1808,3703,9,"2016-09-16 12:28:00","User A",Analyst,"Element 2",Select,"No authorization",TRUE
1809,3703,11,"2016-09-16 12:28:00","User A",Analyst,"Element 2",Select,"No authorization",TRUE
1810,3703,13,"2016-09-16 12:28:00","User A",Analyst,"Element 2",Select,"No authorization",TRUE
1811,3704,6,"2016-09-16 12:43:00","User A",Analyst,"Element 3",Append,"No authorization",TRUE
1812,3704,8,"2016-09-16 12:43:00","User A",Analyst,"Element 3",Append,"No authorization",TRUE
1813,3704,10,"2016-09-16 12:43:00","User A",Analyst,"Element 3",Append,"No authorization",TRUE
1814,3704,12,"2016-09-16 12:43:00","User A",Analyst,"Element 3",Append,"No authorization",TRUE
1815,3704,14,"2016-09-16 12:43:00","User A",Analyst,"Element 3",Append,"No authorization",TRUE
1816,3704,16,"2016-09-16 12:43:00","User A",Analyst,"Element 3",Append,"No authorization",TRUE
1817,3722,1,"2016-09-16 05:02:00","User B","Business user","Element 1",Select,"No authorization",TRUE
1818,3722,9,"2016-09-16 05:02:00","User B","Business user","Element 1",Select,"No authorization",TRUE
1819,3722,11,"2016-09-16 05:02:00","User B","Business user","Element 1",Select,"No authorization",TRUE
1820,3722,15,"2016-09-16 05:02:00","User B","Business user","Element 1",Select,"No authorization",TRUE
1821,3724,1,"2016-09-16 05:31:00","User B","Business user","Element 1",Select,"No authorization",TRUE
1822,3724,9,"2016-09-16 05:31:00","User B","Business user","Element 1",Select,"No authorization",TRUE
1823,3724,11,"2016-09-16 05:31:00","User B","Business user","Element 1",Select,"No authorization",TRUE
1824,3724,15,"2016-09-16 05:31:00","User B","Business user","Element 1",Select,"No authorization",TRUE
1825,3735,1,"2016-09-16 08:09:00","User B","Business user","Element 1",Select,"No authorization",TRUE
1826,3735,9,"2016-09-16 08:09:00","User B","Business user","Element 1",Select,"No authorization",TRUE
1827,3735,11,"2016-09-16 08:09:00","User B","Business user","Element 1",Select,"No authorization",TRUE
1828,3735,15,"2016-09-16 08:09:00","User B","Business user","Element 1",Select,"No authorization",TRUE
1829,3737,1,"2016-09-16 08:38:00","User B","Business user","Element 1",Select,"No authorization",TRUE
1830,3737,9,"2016-09-16 08:38:00","User B","Business user","Element 1",Select,"No authorization",TRUE
1831,3737,11,"2016-09-16 08:38:00","User B","Business user","Element 1",Select,"No authorization",TRUE
1832,3737,15,"2016-09-16 08:38:00","User B","Business user","Element 1",Select,"No authorization",TRUE
1833,3750,1,"2016-09-16 11:45:00","User B","Business user","Element 1",Select,"No authorization",TRUE
1834,3750,9,"2016-09-16 11:45:00","User B","Business user","Element 1",Select,"No authorization",TRUE
1835,3750,11,"2016-09-16 11:45:00","User B","Business user","Element 1",Select,"No authorization",TRUE
1836,3750,15,"2016-09-16 11:45:00","User B","Business user","Element 1",Select,"No authorization",TRUE
1837,3789,1,"2016-09-17 09:07:00","User B","Business user","Element 1",Select,"No authorization",TRUE
1838,3789,9,"2016-09-17 09:07:00","User B","Business user","Element 1",Select,"No authorization",TRUE
1839,3789,11,"2016-09-17 09:07:00","User B","Business user","Element 1",Select,"No authorization",TRUE
1840,3789,15,"2016-09-17 09:07:00","User B","Business user","Element 1",Select,"No authorization",TRUE
1841,3799,3,"2016-09-17 11:31:00","User B","Business user","Table 1",Select,"No authorization",TRUE
1842,3799,11,"2016-09-17 11:31:00","User B","Business user","Table 1",Select,"No authorization",TRUE
1843,3799,13,"2016-09-17 11:31:00","User B","Business user","Table 1",Select,"No authorization",TRUE
1844,3799,15,"2016-09-17 11:31:00","User B","Business user","Table 1",Select,"No authorization",TRUE
1845,3814,3,"2016-09-17 03:07:00","User B","Business user","Table 1",Select,"No authorization",TRUE
1846,3814,11,"2016-09-17 03:07:00","User B","Business user","Table 1",Select,"No authorization",TRUE
1847,3814,13,"2016-09-17 03:07:00","User B","Business user","Table 1",Select,"No authorization",TRUE
1848,3814,15,"2016-09-17 03:07:00","User B","Business user","Table 1",Select,"No authorization",TRUE
1849,3815,3,"2016-09-17 03:21:00","User B","Business user","Table 1",Select,"No authorization",TRUE
1850,3815,11,"2016-09-17 03:21:00","User B","Business user","Table 1",Select,"No authorization",TRUE
1851,3815,13,"2016-09-17 03:21:00","User B","Business user","Table 1",Select,"No authorization",TRUE
1852,3815,15,"2016-09-17 03:21:00","User B","Business user","Table 1",Select,"No authorization",TRUE
1853,3816,3,"2016-09-17 03:35:00","User B","Business user","Table 1",Select,"No authorization",TRUE
1854,3816,11,"2016-09-17 03:35:00","User B","Business user","Table 1",Select,"No authorization",TRUE
1855,3816,13,"2016-09-17 03:35:00","User B","Business user","Table 1",Select,"No authorization",TRUE
1856,3816,15,"2016-09-17 03:35:00","User B","Business user","Table 1",Select,"No authorization",TRUE
1857,3820,5,"2016-09-17 04:33:00","User A",Analyst,"Element 2",Select,"No authorization",TRUE
1858,3820,9,"2016-09-17 04:33:00","User A",Analyst,"Element 2",Select,"No authorization",TRUE
1859,3820,11,"2016-09-17 04:33:00","User A",Analyst,"Element 2",Select,"No authorization",TRUE
1860,3820,13,"2016-09-17 04:33:00","User A",Analyst,"Element 2",Select,"No authorization",TRUE
1861,3821,5,"2016-09-17 04:47:00","User A",Analyst,"Element 2",Select,"No authorization",TRUE
1862,3821,9,"2016-09-17 04:47:00","User A",Analyst,"Element 2",Select,"No authorization",TRUE
1863,3821,11,"2016-09-17 04:47:00","User A",Analyst,"Element 2",Select,"No authorization",TRUE
1864,3821,13,"2016-09-17 04:47:00","User A",Analyst,"Element 2",Select,"No authorization",TRUE
1865,3822,5,"2016-09-17 05:02:00","User A",Analyst,"Element 2",Select,"No authorization",TRUE
1866,3822,9,"2016-09-17 05:02:00","User A",Analyst,"Element 2",Select,"No authorization",TRUE
1867,3822,11,"2016-09-17 05:02:00","User A",Analyst,"Element 2",Select,"No authorization",TRUE
1868,3822,13,"2016-09-17 05:02:00","User A",Analyst,"Element 2",Select,"No authorization",TRUE
1869,3823,6,"2016-09-17 05:16:00","User A",Analyst,"Element 3",Append,"No authorization",TRUE
1870,3823,8,"2016-09-17 05:16:00","User A",Analyst,"Element 3",Append,"No authorization",TRUE
1871,3823,10,"2016-09-17 05:16:00","User A",Analyst,"Element 3",Append,"No authorization",TRUE
1872,3823,12,"2016-09-17 05:16:00","User A",Analyst,"Element 3",Append,"No authorization",TRUE
1873,3823,14,"2016-09-17 05:16:00","User A",Analyst,"Element 3",Append,"No authorization",TRUE
1874,3823,16,"2016-09-17 05:16:00","User A",Analyst,"Element 3",Append,"No authorization",TRUE
1875,3841,1,"2016-09-17 09:35:00","User B","Business user","Element 1",Select,"No authorization",TRUE
1876,3841,9,"2016-09-17 09:35:00","User B","Business user","Element 1",Select,"No authorization",TRUE
1877,3841,11,"2016-09-17 09:35:00","User B","Business user","Element 1",Select,"No authorization",TRUE
1878,3841,15,"2016-09-17 09:35:00","User B","Business user","Element 1",Select,"No authorization",TRUE
1879,3843,1,"2016-09-17 10:04:00","User B","Business user","Element 1",Select,"No authorization",TRUE
1880,3843,9,"2016-09-17 10:04:00","User B","Business user","Element 1",Select,"No authorization",TRUE
1881,3843,11,"2016-09-17 10:04:00","User B","Business user","Element 1",Select,"No authorization",TRUE
1882,3843,15,"2016-09-17 10:04:00","User B","Business user","Element 1",Select,"No authorization",TRUE
1883,3854,1,"2016-09-18 12:43:00","User B","Business user","Element 1",Select,"No authorization",TRUE
1884,3854,9,"2016-09-18 12:43:00","User B","Business user","Element 1",Select,"No authorization",TRUE
1885,3854,11,"2016-09-18 12:43:00","User B","Business user","Element 1",Select,"No authorization",TRUE
1886,3854,15,"2016-09-18 12:43:00","User B","Business user","Element 1",Select,"No authorization",TRUE
1887,3856,1,"2016-09-18 01:11:00","User B","Business user","Element 1",Select,"No authorization",TRUE
1888,3856,9,"2016-09-18 01:11:00","User B","Business user","Element 1",Select,"No authorization",TRUE
1889,3856,11,"2016-09-18 01:11:00","User B","Business user","Element 1",Select,"No authorization",TRUE
1890,3856,15,"2016-09-18 01:11:00","User B","Business user","Element 1",Select,"No authorization",TRUE
1891,3869,1,"2016-09-18 04:19:00","User B","Business user","Element 1",Select,"No authorization",TRUE
1892,3869,9,"2016-09-18 04:19:00","User B","Business user","Element 1",Select,"No authorization",TRUE
1893,3869,11,"2016-09-18 04:19:00","User B","Business user","Element 1",Select,"No authorization",TRUE
1894,3869,15,"2016-09-18 04:19:00","User B","Business user","Element 1",Select,"No authorization",TRUE
1895,3908,1,"2016-09-18 01:40:00","User B","Business user","Element 1",Select,"No authorization",TRUE
1896,3908,9,"2016-09-18 01:40:00","User B","Business user","Element 1",Select,"No authorization",TRUE
1897,3908,11,"2016-09-18 01:40:00","User B","Business user","Element 1",Select,"No authorization",TRUE
1898,3908,15,"2016-09-18 01:40:00","User B","Business user","Element 1",Select,"No authorization",TRUE
1899,3918,3,"2016-09-18 04:04:00","User B","Business user","Table 1",Select,"No authorization",TRUE
1900,3918,11,"2016-09-18 04:04:00","User B","Business user","Table 1",Select,"No authorization",TRUE
1901,3918,13,"2016-09-18 04:04:00","User B","Business user","Table 1",Select,"No authorization",TRUE
1902,3918,15,"2016-09-18 04:04:00","User B","Business user","Table 1",Select,"No authorization",TRUE
1903,3933,3,"2016-09-18 07:40:00","User B","Business user","Table 1",Select,"No authorization",TRUE
1904,3933,11,"2016-09-18 07:40:00","User B","Business user","Table 1",Select,"No authorization",TRUE
1905,3933,13,"2016-09-18 07:40:00","User B","Business user","Table 1",Select,"No authorization",TRUE
1906,3933,15,"2016-09-18 07:40:00","User B","Business user","Table 1",Select,"No authorization",TRUE
1907,3934,3,"2016-09-18 07:55:00","User B","Business user","Table 1",Select,"No authorization",TRUE
1908,3934,11,"2016-09-18 07:55:00","User B","Business user","Table 1",Select,"No authorization",TRUE
1909,3934,13,"2016-09-18 07:55:00","User B","Business user","Table 1",Select,"No authorization",TRUE
1910,3934,15,"2016-09-18 07:55:00","User B","Business user","Table 1",Select,"No authorization",TRUE
1911,3935,3,"2016-09-18 08:09:00","User B","Business user","Table 1",Select,"No authorization",TRUE
1912,3935,11,"2016-09-18 08:09:00","User B","Business user","Table 1",Select,"No authorization",TRUE
1913,3935,13,"2016-09-18 08:09:00","User B","Business user","Table 1",Select,"No authorization",TRUE
1914,3935,15,"2016-09-18 08:09:00","User B","Business user","Table 1",Select,"No authorization",TRUE
1915,3939,5,"2016-09-18 09:07:00","User A",Analyst,"Element 2",Select,"No authorization",TRUE
1916,3939,9,"2016-09-18 09:07:00","User A",Analyst,"Element 2",Select,"No authorization",TRUE
1917,3939,11,"2016-09-18 09:07:00","User A",Analyst,"Element 2",Select,"No authorization",TRUE
1918,3939,13,"2016-09-18 09:07:00","User A",Analyst,"Element 2",Select,"No authorization",TRUE
1919,3940,5,"2016-09-18 09:21:00","User A",Analyst,"Element 2",Select,"No authorization",TRUE
1920,3940,9,"2016-09-18 09:21:00","User A",Analyst,"Element 2",Select,"No authorization",TRUE
1921,3940,11,"2016-09-18 09:21:00","User A",Analyst,"Element 2",Select,"No authorization",TRUE
1922,3940,13,"2016-09-18 09:21:00","User A",Analyst,"Element 2",Select,"No authorization",TRUE
1923,3941,5,"2016-09-18 09:35:00","User A",Analyst,"Element 2",Select,"No authorization",TRUE
1924,3941,9,"2016-09-18 09:35:00","User A",Analyst,"Element 2",Select,"No authorization",TRUE
1925,3941,11,"2016-09-18 09:35:00","User A",Analyst,"Element 2",Select,"No authorization",TRUE
1926,3941,13,"2016-09-18 09:35:00","User A",Analyst,"Element 2",Select,"No authorization",TRUE
1927,3942,6,"2016-09-18 09:50:00","User A",Analyst,"Element 3",Append,"No authorization",TRUE
1928,3942,8,"2016-09-18 09:50:00","User A",Analyst,"Element 3",Append,"No authorization",TRUE
1929,3942,10,"2016-09-18 09:50:00","User A",Analyst,"Element 3",Append,"No authorization",TRUE
1930,3942,12,"2016-09-18 09:50:00","User A",Analyst,"Element 3",Append,"No authorization",TRUE
1931,3942,14,"2016-09-18 09:50:00","User A",Analyst,"Element 3",Append,"No authorization",TRUE
1932,3942,16,"2016-09-18 09:50:00","User A",Analyst,"Element 3",Append,"No authorization",TRUE
1933,3960,1,"2016-09-19 02:09:00","User B","Business user","Element 1",Select,"No authorization",TRUE
1934,3960,9,"2016-09-19 02:09:00","User B","Business user","Element 1",Select,"No authorization",TRUE
1935,3960,11,"2016-09-19 02:09:00","User B","Business user","Element 1",Select,"No authorization",TRUE
1936,3960,15,"2016-09-19 02:09:00","User B","Business user","Element 1",Select,"No authorization",TRUE
1937,3962,1,"2016-09-19 02:38:00","User B","Business user","Element 1",Select,"No authorization",TRUE
1938,3962,9,"2016-09-19 02:38:00","User B","Business user","Element 1",Select,"No authorization",TRUE
1939,3962,11,"2016-09-19 02:38:00","User B","Business user","Element 1",Select,"No authorization",TRUE
1940,3962,15,"2016-09-19 02:38:00","User B","Business user","Element 1",Select,"No authorization",TRUE
1941,3973,1,"2016-09-19 05:16:00","User B","Business user","Element 1",Select,"No authorization",TRUE
1942,3973,9,"2016-09-19 05:16:00","User B","Business user","Element 1",Select,"No authorization",TRUE
1943,3973,11,"2016-09-19 05:16:00","User B","Business user","Element 1",Select,"No authorization",TRUE
1944,3973,15,"2016-09-19 05:16:00","User B","Business user","Element 1",Select,"No authorization",TRUE
1945,3975,1,"2016-09-19 05:45:00","User B","Business user","Element 1",Select,"No authorization",TRUE
1946,3975,9,"2016-09-19 05:45:00","User B","Business user","Element 1",Select,"No authorization",TRUE
1947,3975,11,"2016-09-19 05:45:00","User B","Business user","Element 1",Select,"No authorization",TRUE
1948,3975,15,"2016-09-19 05:45:00","User B","Business user","Element 1",Select,"No authorization",TRUE
1949,3988,1,"2016-09-19 08:52:00","User B","Business user","Element 1",Select,"No authorization",TRUE
1950,3988,9,"2016-09-19 08:52:00","User B","Business user","Element 1",Select,"No authorization",TRUE
1951,3988,11,"2016-09-19 08:52:00","User B","Business user","Element 1",Select,"No authorization",TRUE
1952,3988,15,"2016-09-19 08:52:00","User B","Business user","Element 1",Select,"No authorization",TRUE
1953,4027,1,"2016-09-19 06:14:00","User B","Business user","Element 1",Select,"No authorization",TRUE
1954,4027,9,"2016-09-19 06:14:00","User B","Business user","Element 1",Select,"No authorization",TRUE
1955,4027,11,"2016-09-19 06:14:00","User B","Business user","Element 1",Select,"No authorization",TRUE
1956,4027,15,"2016-09-19 06:14:00","User B","Business user","Element 1",Select,"No authorization",TRUE
1957,4037,3,"2016-09-19 08:38:00","User B","Business user","Table 1",Select,"No authorization",TRUE
1958,4037,11,"2016-09-19 08:38:00","User B","Business user","Table 1",Select,"No authorization",TRUE
1959,4037,13,"2016-09-19 08:38:00","User B","Business user","Table 1",Select,"No authorization",TRUE
1960,4037,15,"2016-09-19 08:38:00","User B","Business user","Table 1",Select,"No authorization",TRUE
1961,4052,3,"2016-09-20 12:14:00","User B","Business user","Table 1",Select,"No authorization",TRUE
1962,4052,11,"2016-09-20 12:14:00","User B","Business user","Table 1",Select,"No authorization",TRUE
1963,4052,13,"2016-09-20 12:14:00","User B","Business user","Table 1",Select,"No authorization",TRUE
1964,4052,15,"2016-09-20 12:14:00","User B","Business user","Table 1",Select,"No authorization",TRUE
1965,4053,3,"2016-09-20 12:28:00","User B","Business user","Table 1",Select,"No authorization",TRUE
1966,4053,11,"2016-09-20 12:28:00","User B","Business user","Table 1",Select,"No authorization",TRUE
1967,4053,13,"2016-09-20 12:28:00","User B","Business user","Table 1",Select,"No authorization",TRUE
1968,4053,15,"2016-09-20 12:28:00","User B","Business user","Table 1",Select,"No authorization",TRUE
1969,4054,3,"2016-09-20 12:43:00","User B","Business user","Table 1",Select,"No authorization",TRUE
1970,4054,11,"2016-09-20 12:43:00","User B","Business user","Table 1",Select,"No authorization",TRUE
1971,4054,13,"2016-09-20 12:43:00","User B","Business user","Table 1",Select,"No authorization",TRUE
1972,4054,15,"2016-09-20 12:43:00","User B","Business user","Table 1",Select,"No authorization",TRUE
1973,4058,5,"2016-09-20 01:40:00","User A",Analyst,"Element 2",Select,"No authorization",TRUE
1974,4058,9,"2016-09-20 01:40:00","User A",Analyst,"Element 2",Select,"No authorization",TRUE
1975,4058,11,"2016-09-20 01:40:00","User A",Analyst,"Element 2",Select,"No authorization",TRUE
1976,4058,13,"2016-09-20 01:40:00","User A",Analyst,"Element 2",Select,"No authorization",TRUE
1977,4059,5,"2016-09-20 01:55:00","User A",Analyst,"Element 2",Select,"No authorization",TRUE
1978,4059,9,"2016-09-20 01:55:00","User A",Analyst,"Element 2",Select,"No authorization",TRUE
1979,4059,11,"2016-09-20 01:55:00","User A",Analyst,"Element 2",Select,"No authorization",TRUE
1980,4059,13,"2016-09-20 01:55:00","User A",Analyst,"Element 2",Select,"No authorization",TRUE
1981,4060,5,"2016-09-20 02:09:00","User A",Analyst,"Element 2",Select,"No authorization",TRUE
1982,4060,9,"2016-09-20 02:09:00","User A",Analyst,"Element 2",Select,"No authorization",TRUE
1983,4060,11,"2016-09-20 02:09:00","User A",Analyst,"Element 2",Select,"No authorization",TRUE
1984,4060,13,"2016-09-20 02:09:00","User A",Analyst,"Element 2",Select,"No authorization",TRUE
1985,4061,6,"2016-09-20 02:23:00","User A",Analyst,"Element 3",Append,"No authorization",TRUE
1986,4061,8,"2016-09-20 02:23:00","User A",Analyst,"Element 3",Append,"No authorization",TRUE
1987,4061,10,"2016-09-20 02:23:00","User A",Analyst,"Element 3",Append,"No authorization",TRUE
1988,4061,12,"2016-09-20 02:23:00","User A",Analyst,"Element 3",Append,"No authorization",TRUE
1989,4061,14,"2016-09-20 02:23:00","User A",Analyst,"Element 3",Append,"No authorization",TRUE
1990,4061,16,"2016-09-20 02:23:00","User A",Analyst,"Element 3",Append,"No authorization",TRUE
1991,4079,1,"2016-09-20 06:43:00","User B","Business user","Element 1",Select,"No authorization",TRUE
1992,4079,9,"2016-09-20 06:43:00","User B","Business user","Element 1",Select,"No authorization",TRUE
1993,4079,11,"2016-09-20 06:43:00","User B","Business user","Element 1",Select,"No authorization",TRUE
1994,4079,15,"2016-09-20 06:43:00","User B","Business user","Element 1",Select,"No authorization",TRUE
1995,4081,1,"2016-09-20 07:11:00","User B","Business user","Element 1",Select,"No authorization",TRUE
1996,4081,9,"2016-09-20 07:11:00","User B","Business user","Element 1",Select,"No authorization",TRUE
1997,4081,11,"2016-09-20 07:11:00","User B","Business user","Element 1",Select,"No authorization",TRUE
1998,4081,15,"2016-09-20 07:11:00","User B","Business user","Element 1",Select,"No authorization",TRUE
1999,4092,1,"2016-09-20 09:50:00","User B","Business user","Element 1",Select,"No authorization",TRUE
2000,4092,9,"2016-09-20 09:50:00","User B","Business user","Element 1",Select,"No authorization",TRUE
