d_id,m_id,ar_id,time,requestor,role,component,request_type,violation_type,score
9001,18483,11,"2017-02-11 07:40:00","User A",Analyst,"Element 2",Select,"No authorization",TRUE
9002,18483,13,"2017-02-11 07:40:00","User A",Analyst,"Element 2",Select,"No authorization",TRUE
9003,18484,6,"2017-02-11 07:55:00","User A",Analyst,"Element 3",Append,"No authorization",TRUE
9004,18484,8,"2017-02-11 07:55:00","User A",Analyst,"Element 3",Append,"No authorization",TRUE
9005,18484,10,"2017-02-11 07:55:00","User A",Analyst,"Element 3",Append,"No authorization",TRUE
9006,18484,12,"2017-02-11 07:55:00","User A",Analyst,"Element 3",Append,"No authorization",TRUE
9007,18484,14,"2017-02-11 07:55:00","User A",Analyst,"Element 3",Append,"No authorization",TRUE
9008,18484,16,"2017-02-11 07:55:00","User A",Analyst,"Element 3",Append,"No authorization",TRUE
9009,18502,1,"2017-02-11 12:14:00","User B","Business user","Element 1",Select,"No authorization",TRUE
9010,18502,9,"2017-02-11 12:14:00","User B","Business user","Element 1",Select,"No authorization",TRUE
9011,18502,11,"2017-02-11 12:14:00","User B","Business user","Element 1",Select,"No authorization",TRUE
9012,18502,15,"2017-02-11 12:14:00","User B","Business user","Element 1",Select,"No authorization",TRUE
9013,18504,1,"2017-02-11 12:43:00","User B","Business user","Element 1",Select,"No authorization",TRUE
9014,18504,9,"2017-02-11 12:43:00","User B","Business user","Element 1",Select,"No authorization",TRUE
9015,18504,11,"2017-02-11 12:43:00","User B","Business user","Element 1",Select,"No authorization",TRUE
9016,18504,15,"2017-02-11 12:43:00","User B","Business user","Element 1",Select,"No authorization",TRUE
9017,18515,1,"2017-02-11 03:21:00","User B","Business user","Element 1",Select,"No authorization",TRUE
9018,18515,9,"2017-02-11 03:21:00","User B","Business user","Element 1",Select,"No authorization",TRUE
9019,18515,11,"2017-02-11 03:21:00","User B","Business user","Element 1",Select,"No authorization",TRUE
9020,18515,15,"2017-02-11 03:21:00","User B","Business user","Element 1",Select,"No authorization",TRUE
9021,18517,1,"2017-02-11 03:50:00","User B","Business user","Element 1",Select,"No authorization",TRUE
9022,18517,9,"2017-02-11 03:50:00","User B","Business user","Element 1",Select,"No authorization",TRUE
9023,18517,11,"2017-02-11 03:50:00","User B","Business user","Element 1",Select,"No authorization",TRUE
9024,18517,15,"2017-02-11 03:50:00","User B","Business user","Element 1",Select,"No authorization",TRUE
9025,18530,1,"2017-02-11 06:57:00","User B","Business user","Element 1",Select,"No authorization",TRUE
9026,18530,9,"2017-02-11 06:57:00","User B","Business user","Element 1",Select,"No authorization",TRUE
9027,18530,11,"2017-02-11 06:57:00","User B","Business user","Element 1",Select,"No authorization",TRUE
9028,18530,15,"2017-02-11 06:57:00","User B","Business user","Element 1",Select,"No authorization",TRUE
9029,18569,1,"2017-02-12 04:19:00","User B","Business user","Element 1",Select,"No authorization",TRUE
9030,18569,9,"2017-02-12 04:19:00","User B","Business user","Element 1",Select,"No authorization",TRUE
9031,18569,11,"2017-02-12 04:19:00","User B","Business user","Element 1",Select,"No authorization",TRUE
9032,18569,15,"2017-02-12 04:19:00","User B","Business user","Element 1",Select,"No authorization",TRUE
9033,18579,3,"2017-02-12 06:43:00","User B","Business user","Table 1",Select,"No authorization",TRUE
9034,18579,11,"2017-02-12 06:43:00","User B","Business user","Table 1",Select,"No authorization",TRUE
9035,18579,13,"2017-02-12 06:43:00","User B","Business user","Table 1",Select,"No authorization",TRUE
9036,18579,15,"2017-02-12 06:43:00","User B","Business user","Table 1",Select,"No authorization",TRUE
9037,18594,3,"2017-02-12 10:19:00","User B","Business user","Table 1",Select,"No authorization",TRUE
9038,18594,11,"2017-02-12 10:19:00","User B","Business user","Table 1",Select,"No authorization",TRUE
9039,18594,13,"2017-02-12 10:19:00","User B","Business user","Table 1",Select,"No authorization",TRUE
9040,18594,15,"2017-02-12 10:19:00","User B","Business user","Table 1",Select,"No authorization",TRUE
9041,18595,3,"2017-02-12 10:33:00","User B","Business user","Table 1",Select,"No authorization",TRUE
9042,18595,11,"2017-02-12 10:33:00","User B","Business user","Table 1",Select,"No authorization",TRUE
9043,18595,13,"2017-02-12 10:33:00","User B","Business user","Table 1",Select,"No authorization",TRUE
9044,18595,15,"2017-02-12 10:33:00","User B","Business user","Table 1",Select,"No authorization",TRUE
9045,18596,3,"2017-02-12 10:47:00","User B","Business user","Table 1",Select,"No authorization",TRUE
9046,18596,11,"2017-02-12 10:47:00","User B","Business user","Table 1",Select,"No authorization",TRUE
9047,18596,13,"2017-02-12 10:47:00","User B","Business user","Table 1",Select,"No authorization",TRUE
9048,18596,15,"2017-02-12 10:47:00","User B","Business user","Table 1",Select,"No authorization",TRUE
9049,18600,5,"2017-02-12 11:45:00","User A",Analyst,"Element 2",Select,"No authorization",TRUE
9050,18600,9,"2017-02-12 11:45:00","User A",Analyst,"Element 2",Select,"No authorization",TRUE
9051,18600,11,"2017-02-12 11:45:00","User A",Analyst,"Element 2",Select,"No authorization",TRUE
9052,18600,13,"2017-02-12 11:45:00","User A",Analyst,"Element 2",Select,"No authorization",TRUE
9053,18601,5,"2017-02-12 11:59:00","User A",Analyst,"Element 2",Select,"No authorization",TRUE
9054,18601,9,"2017-02-12 11:59:00","User A",Analyst,"Element 2",Select,"No authorization",TRUE
9055,18601,11,"2017-02-12 11:59:00","User A",Analyst,"Element 2",Select,"No authorization",TRUE
9056,18601,13,"2017-02-12 11:59:00","User A",Analyst,"Element 2",Select,"No authorization",TRUE
9057,18602,5,"2017-02-12 12:14:00","User A",Analyst,"Element 2",Select,"No authorization",TRUE
9058,18602,9,"2017-02-12 12:14:00","User A",Analyst,"Element 2",Select,"No authorization",TRUE
9059,18602,11,"2017-02-12 12:14:00","User A",Analyst,"Element 2",Select,"No authorization",TRUE
9060,18602,13,"2017-02-12 12:14:00","User A",Analyst,"Element 2",Select,"No authorization",TRUE
9061,18603,6,"2017-02-12 12:28:00","User A",Analyst,"Element 3",Append,"No authorization",TRUE
9062,18603,8,"2017-02-12 12:28:00","User A",Analyst,"Element 3",Append,"No authorization",TRUE
9063,18603,10,"2017-02-12 12:28:00","User A",Analyst,"Element 3",Append,"No authorization",TRUE
9064,18603,12,"2017-02-12 12:28:00","User A",Analyst,"Element 3",Append,"No authorization",TRUE
9065,18603,14,"2017-02-12 12:28:00","User A",Analyst,"Element 3",Append,"No authorization",TRUE
9066,18603,16,"2017-02-12 12:28:00","User A",Analyst,"Element 3",Append,"No authorization",TRUE
9067,18621,1,"2017-02-12 04:47:00","User B","Business user","Element 1",Select,"No authorization",TRUE
9068,18621,9,"2017-02-12 04:47:00","User B","Business user","Element 1",Select,"No authorization",TRUE
9069,18621,11,"2017-02-12 04:47:00","User B","Business user","Element 1",Select,"No authorization",TRUE
9070,18621,15,"2017-02-12 04:47:00","User B","Business user","Element 1",Select,"No authorization",TRUE
9071,18623,1,"2017-02-12 05:16:00","User B","Business user","Element 1",Select,"No authorization",TRUE
9072,18623,9,"2017-02-12 05:16:00","User B","Business user","Element 1",Select,"No authorization",TRUE
9073,18623,11,"2017-02-12 05:16:00","User B","Business user","Element 1",Select,"No authorization",TRUE
9074,18623,15,"2017-02-12 05:16:00","User B","Business user","Element 1",Select,"No authorization",TRUE
9075,18634,1,"2017-02-12 07:55:00","User B","Business user","Element 1",Select,"No authorization",TRUE
9076,18634,9,"2017-02-12 07:55:00","User B","Business user","Element 1",Select,"No authorization",TRUE
9077,18634,11,"2017-02-12 07:55:00","User B","Business user","Element 1",Select,"No authorization",TRUE
9078,18634,15,"2017-02-12 07:55:00","User B","Business user","Element 1",Select,"No authorization",TRUE
9079,18636,1,"2017-02-12 08:23:00","User B","Business user","Element 1",Select,"No authorization",TRUE
9080,18636,9,"2017-02-12 08:23:00","User B","Business user","Element 1",Select,"No authorization",TRUE
9081,18636,11,"2017-02-12 08:23:00","User B","Business user","Element 1",Select,"No authorization",TRUE
9082,18636,15,"2017-02-12 08:23:00","User B","Business user","Element 1",Select,"No authorization",TRUE
9083,18649,1,"2017-02-12 11:31:00","User B","Business user","Element 1",Select,"No authorization",TRUE
9084,18649,9,"2017-02-12 11:31:00","User B","Business user","Element 1",Select,"No authorization",TRUE
9085,18649,11,"2017-02-12 11:31:00","User B","Business user","Element 1",Select,"No authorization",TRUE
9086,18649,15,"2017-02-12 11:31:00","User B","Business user","Element 1",Select,"No authorization",TRUE
9087,18688,1,"2017-02-13 08:52:00","User B","Business user","Element 1",Select,"No authorization",TRUE
9088,18688,9,"2017-02-13 08:52:00","User B","Business user","Element 1",Select,"No authorization",TRUE
9089,18688,11,"2017-02-13 08:52:00","User B","Business user","Element 1",Select,"No authorization",TRUE
9090,18688,15,"2017-02-13 08:52:00","User B","Business user","Element 1",Select,"No authorization",TRUE
9091,18698,3,"2017-02-13 11:16:00","User B","Business user","Table 1",Select,"No authorization",TRUE
9092,18698,11,"2017-02-13 11:16:00","User B","Business user","Table 1",Select,"No authorization",TRUE
9093,18698,13,"2017-02-13 11:16:00","User B","Business user","Table 1",Select,"No authorization",TRUE
9094,18698,15,"2017-02-13 11:16:00","User B","Business user","Table 1",Select,"No authorization",TRUE
9095,18713,3,"2017-02-13 02:52:00","User B","Business user","Table 1",Select,"No authorization",TRUE
9096,18713,11,"2017-02-13 02:52:00","User B","Business user","Table 1",Select,"No authorization",TRUE
9097,18713,13,"2017-02-13 02:52:00","User B","Business user","Table 1",Select,"No authorization",TRUE
9098,18713,15,"2017-02-13 02:52:00","User B","Business user","Table 1",Select,"No authorization",TRUE
9099,18714,3,"2017-02-13 03:07:00","User B","Business user","Table 1",Select,"No authorization",TRUE
9100,18714,11,"2017-02-13 03:07:00","User B","Business user","Table 1",Select,"No authorization",TRUE
9101,18714,13,"2017-02-13 03:07:00","User B","Business user","Table 1",Select,"No authorization",TRUE
9102,18714,15,"2017-02-13 03:07:00","User B","Business user","Table 1",Select,"No authorization",TRUE
9103,18715,3,"2017-02-13 03:21:00","User B","Business user","Table 1",Select,"No authorization",TRUE
9104,18715,11,"2017-02-13 03:21:00","User B","Business user","Table 1",Select,"No authorization",TRUE
9105,18715,13,"2017-02-13 03:21:00","User B","Business user","Table 1",Select,"No authorization",TRUE
9106,18715,15,"2017-02-13 03:21:00","User B","Business user","Table 1",Select,"No authorization",TRUE
9107,18719,5,"2017-02-13 04:19:00","User A",Analyst,"Element 2",Select,"No authorization",TRUE
9108,18719,9,"2017-02-13 04:19:00","User A",Analyst,"Element 2",Select,"No authorization",TRUE
9109,18719,11,"2017-02-13 04:19:00","User A",Analyst,"Element 2",Select,"No authorization",TRUE
9110,18719,13,"2017-02-13 04:19:00","User A",Analyst,"Element 2",Select,"No authorization",TRUE
9111,18720,5,"2017-02-13 04:33:00","User A",Analyst,"Element 2",Select,"No authorization",TRUE
9112,18720,9,"2017-02-13 04:33:00","User A",Analyst,"Element 2",Select,"No authorization",TRUE
9113,18720,11,"2017-02-13 04:33:00","User A",Analyst,"Element 2",Select,"No authorization",TRUE
9114,18720,13,"2017-02-13 04:33:00","User A",Analyst,"Element 2",Select,"No authorization",TRUE
9115,18721,5,"2017-02-13 04:47:00","User A",Analyst,"Element 2",Select,"No authorization",TRUE
9116,18721,9,"2017-02-13 04:47:00","User A",Analyst,"Element 2",Select,"No authorization",TRUE
9117,18721,11,"2017-02-13 04:47:00","User A",Analyst,"Element 2",Select,"No authorization",TRUE
9118,18721,13,"2017-02-13 04:47:00","User A",Analyst,"Element 2",Select,"No authorization",TRUE
9119,18722,6,"2017-02-13 05:02:00","User A",Analyst,"Element 3",Append,"No authorization",TRUE
9120,18722,8,"2017-02-13 05:02:00","User A",Analyst,"Element 3",Append,"No authorization",TRUE
9121,18722,10,"2017-02-13 05:02:00","User A",Analyst,"Element 3",Append,"No authorization",TRUE
9122,18722,12,"2017-02-13 05:02:00","User A",Analyst,"Element 3",Append,"No authorization",TRUE
9123,18722,14,"2017-02-13 05:02:00","User A",Analyst,"Element 3",Append,"No authorization",TRUE
9124,18722,16,"2017-02-13 05:02:00","User A",Analyst,"Element 3",Append,"No authorization",TRUE
9125,18740,1,"2017-02-13 09:21:00","User B","Business user","Element 1",Select,"No authorization",TRUE
9126,18740,9,"2017-02-13 09:21:00","User B","Business user","Element 1",Select,"No authorization",TRUE
9127,18740,11,"2017-02-13 09:21:00","User B","Business user","Element 1",Select,"No authorization",TRUE
9128,18740,15,"2017-02-13 09:21:00","User B","Business user","Element 1",Select,"No authorization",TRUE
9129,18742,1,"2017-02-13 09:50:00","User B","Business user","Element 1",Select,"No authorization",TRUE
9130,18742,9,"2017-02-13 09:50:00","User B","Business user","Element 1",Select,"No authorization",TRUE
9131,18742,11,"2017-02-13 09:50:00","User B","Business user","Element 1",Select,"No authorization",TRUE
9132,18742,15,"2017-02-13 09:50:00","User B","Business user","Element 1",Select,"No authorization",TRUE
9133,18753,1,"2017-02-14 12:28:00","User B","Business user","Element 1",Select,"No authorization",TRUE
9134,18753,9,"2017-02-14 12:28:00","User B","Business user","Element 1",Select,"No authorization",TRUE
9135,18753,11,"2017-02-14 12:28:00","User B","Business user","Element 1",Select,"No authorization",TRUE
9136,18753,15,"2017-02-14 12:28:00","User B","Business user","Element 1",Select,"No authorization",TRUE
9137,18755,1,"2017-02-14 12:57:00","User B","Business user","Element 1",Select,"No authorization",TRUE
9138,18755,9,"2017-02-14 12:57:00","User B","Business user","Element 1",Select,"No authorization",TRUE
9139,18755,11,"2017-02-14 12:57:00","User B","Business user","Element 1",Select,"No authorization",TRUE
9140,18755,15,"2017-02-14 12:57:00","User B","Business user","Element 1",Select,"No authorization",TRUE
9141,18768,1,"2017-02-14 04:04:00","User B","Business user","Element 1",Select,"No authorization",TRUE
9142,18768,9,"2017-02-14 04:04:00","User B","Business user","Element 1",Select,"No authorization",TRUE
9143,18768,11,"2017-02-14 04:04:00","User B","Business user","Element 1",Select,"No authorization",TRUE
9144,18768,15,"2017-02-14 04:04:00","User B","Business user","Element 1",Select,"No authorization",TRUE
9145,18807,1,"2017-02-14 01:26:00","User B","Business user","Element 1",Select,"No authorization",TRUE
9146,18807,9,"2017-02-14 01:26:00","User B","Business user","Element 1",Select,"No authorization",TRUE
9147,18807,11,"2017-02-14 01:26:00","User B","Business user","Element 1",Select,"No authorization",TRUE
9148,18807,15,"2017-02-14 01:26:00","User B","Business user","Element 1",Select,"No authorization",TRUE
9149,18817,3,"2017-02-14 03:50:00","User B","Business user","Table 1",Select,"No authorization",TRUE
9150,18817,11,"2017-02-14 03:50:00","User B","Business user","Table 1",Select,"No authorization",TRUE
9151,18817,13,"2017-02-14 03:50:00","User B","Business user","Table 1",Select,"No authorization",TRUE
9152,18817,15,"2017-02-14 03:50:00","User B","Business user","Table 1",Select,"No authorization",TRUE
9153,18832,3,"2017-02-14 07:26:00","User B","Business user","Table 1",Select,"No authorization",TRUE
9154,18832,11,"2017-02-14 07:26:00","User B","Business user","Table 1",Select,"No authorization",TRUE
9155,18832,13,"2017-02-14 07:26:00","User B","Business user","Table 1",Select,"No authorization",TRUE
9156,18832,15,"2017-02-14 07:26:00","User B","Business user","Table 1",Select,"No authorization",TRUE
9157,18833,3,"2017-02-14 07:40:00","User B","Business user","Table 1",Select,"No authorization",TRUE
9158,18833,11,"2017-02-14 07:40:00","User B","Business user","Table 1",Select,"No authorization",TRUE
9159,18833,13,"2017-02-14 07:40:00","User B","Business user","Table 1",Select,"No authorization",TRUE
9160,18833,15,"2017-02-14 07:40:00","User B","Business user","Table 1",Select,"No authorization",TRUE
9161,18834,3,"2017-02-14 07:55:00","User B","Business user","Table 1",Select,"No authorization",TRUE
9162,18834,11,"2017-02-14 07:55:00","User B","Business user","Table 1",Select,"No authorization",TRUE
9163,18834,13,"2017-02-14 07:55:00","User B","Business user","Table 1",Select,"No authorization",TRUE
9164,18834,15,"2017-02-14 07:55:00","User B","Business user","Table 1",Select,"No authorization",TRUE
9165,18839,5,"2017-02-14 09:07:00","User A",Analyst,"Element 2",Select,"No authorization",TRUE
9166,18839,9,"2017-02-14 09:07:00","User A",Analyst,"Element 2",Select,"No authorization",TRUE
9167,18839,11,"2017-02-14 09:07:00","User A",Analyst,"Element 2",Select,"No authorization",TRUE
9168,18839,13,"2017-02-14 09:07:00","User A",Analyst,"Element 2",Select,"No authorization",TRUE
9169,18840,5,"2017-02-14 09:21:00","User A",Analyst,"Element 2",Select,"No authorization",TRUE
9170,18840,9,"2017-02-14 09:21:00","User A",Analyst,"Element 2",Select,"No authorization",TRUE
9171,18840,11,"2017-02-14 09:21:00","User A",Analyst,"Element 2",Select,"No authorization",TRUE
9172,18840,13,"2017-02-14 09:21:00","User A",Analyst,"Element 2",Select,"No authorization",TRUE
9173,18841,5,"2017-02-14 09:35:00","User A",Analyst,"Element 2",Select,"No authorization",TRUE
9174,18841,9,"2017-02-14 09:35:00","User A",Analyst,"Element 2",Select,"No authorization",TRUE
9175,18841,11,"2017-02-14 09:35:00","User A",Analyst,"Element 2",Select,"No authorization",TRUE
9176,18841,13,"2017-02-14 09:35:00","User A",Analyst,"Element 2",Select,"No authorization",TRUE
9177,18842,6,"2017-02-14 09:50:00","User A",Analyst,"Element 3",Append,"No authorization",TRUE
9178,18842,8,"2017-02-14 09:50:00","User A",Analyst,"Element 3",Append,"No authorization",TRUE
9179,18842,10,"2017-02-14 09:50:00","User A",Analyst,"Element 3",Append,"No authorization",TRUE
9180,18842,12,"2017-02-14 09:50:00","User A",Analyst,"Element 3",Append,"No authorization",TRUE
9181,18842,14,"2017-02-14 09:50:00","User A",Analyst,"Element 3",Append,"No authorization",TRUE
9182,18842,16,"2017-02-14 09:50:00","User A",Analyst,"Element 3",Append,"No authorization",TRUE
9183,18860,1,"2017-02-15 02:09:00","User B","Business user","Element 1",Select,"No authorization",TRUE
9184,18860,9,"2017-02-15 02:09:00","User B","Business user","Element 1",Select,"No authorization",TRUE
9185,18860,11,"2017-02-15 02:09:00","User B","Business user","Element 1",Select,"No authorization",TRUE
9186,18860,15,"2017-02-15 02:09:00","User B","Business user","Element 1",Select,"No authorization",TRUE
9187,18862,1,"2017-02-15 02:38:00","User B","Business user","Element 1",Select,"No authorization",TRUE
9188,18862,9,"2017-02-15 02:38:00","User B","Business user","Element 1",Select,"No authorization",TRUE
9189,18862,11,"2017-02-15 02:38:00","User B","Business user","Element 1",Select,"No authorization",TRUE
9190,18862,15,"2017-02-15 02:38:00","User B","Business user","Element 1",Select,"No authorization",TRUE
9191,18873,1,"2017-02-15 05:16:00","User B","Business user","Element 1",Select,"No authorization",TRUE
9192,18873,9,"2017-02-15 05:16:00","User B","Business user","Element 1",Select,"No authorization",TRUE
9193,18873,11,"2017-02-15 05:16:00","User B","Business user","Element 1",Select,"No authorization",TRUE
9194,18873,15,"2017-02-15 05:16:00","User B","Business user","Element 1",Select,"No authorization",TRUE
9195,18875,1,"2017-02-15 05:45:00","User B","Business user","Element 1",Select,"No authorization",TRUE
9196,18875,9,"2017-02-15 05:45:00","User B","Business user","Element 1",Select,"No authorization",TRUE
9197,18875,11,"2017-02-15 05:45:00","User B","Business user","Element 1",Select,"No authorization",TRUE
9198,18875,15,"2017-02-15 05:45:00","User B","Business user","Element 1",Select,"No authorization",TRUE
9199,18888,1,"2017-02-15 08:52:00","User B","Business user","Element 1",Select,"No authorization",TRUE
9200,18888,9,"2017-02-15 08:52:00","User B","Business user","Element 1",Select,"No authorization",TRUE
9201,18888,11,"2017-02-15 08:52:00","User B","Business user","Element 1",Select,"No authorization",TRUE
9202,18888,15,"2017-02-15 08:52:00","User B","Business user","Element 1",Select,"No authorization",TRUE
9203,18927,1,"2017-02-15 06:14:00","User B","Business user","Element 1",Select,"No authorization",TRUE
9204,18927,9,"2017-02-15 06:14:00","User B","Business user","Element 1",Select,"No authorization",TRUE
9205,18927,11,"2017-02-15 06:14:00","User B","Business user","Element 1",Select,"No authorization",TRUE
9206,18927,15,"2017-02-15 06:14:00","User B","Business user","Element 1",Select,"No authorization",TRUE
9207,18937,3,"2017-02-15 08:38:00","User B","Business user","Table 1",Select,"No authorization",TRUE
9208,18937,11,"2017-02-15 08:38:00","User B","Business user","Table 1",Select,"No authorization",TRUE
9209,18937,13,"2017-02-15 08:38:00","User B","Business user","Table 1",Select,"No authorization",TRUE
9210,18937,15,"2017-02-15 08:38:00","User B","Business user","Table 1",Select,"No authorization",TRUE
9211,18952,3,"2017-02-16 12:14:00","User B","Business user","Table 1",Select,"No authorization",TRUE
9212,18952,11,"2017-02-16 12:14:00","User B","Business user","Table 1",Select,"No authorization",TRUE
9213,18952,13,"2017-02-16 12:14:00","User B","Business user","Table 1",Select,"No authorization",TRUE
9214,18952,15,"2017-02-16 12:14:00","User B","Business user","Table 1",Select,"No authorization",TRUE
9215,18953,3,"2017-02-16 12:28:00","User B","Business user","Table 1",Select,"No authorization",TRUE
9216,18953,11,"2017-02-16 12:28:00","User B","Business user","Table 1",Select,"No authorization",TRUE
9217,18953,13,"2017-02-16 12:28:00","User B","Business user","Table 1",Select,"No authorization",TRUE
9218,18953,15,"2017-02-16 12:28:00","User B","Business user","Table 1",Select,"No authorization",TRUE
9219,18954,3,"2017-02-16 12:43:00","User B","Business user","Table 1",Select,"No authorization",TRUE
9220,18954,11,"2017-02-16 12:43:00","User B","Business user","Table 1",Select,"No authorization",TRUE
9221,18954,13,"2017-02-16 12:43:00","User B","Business user","Table 1",Select,"No authorization",TRUE
9222,18954,15,"2017-02-16 12:43:00","User B","Business user","Table 1",Select,"No authorization",TRUE
9223,18959,5,"2017-02-16 01:55:00","User A",Analyst,"Element 2",Select,"No authorization",TRUE
9224,18959,9,"2017-02-16 01:55:00","User A",Analyst,"Element 2",Select,"No authorization",TRUE
9225,18959,11,"2017-02-16 01:55:00","User A",Analyst,"Element 2",Select,"No authorization",TRUE
9226,18959,13,"2017-02-16 01:55:00","User A",Analyst,"Element 2",Select,"No authorization",TRUE
9227,18960,5,"2017-02-16 02:09:00","User A",Analyst,"Element 2",Select,"No authorization",TRUE
9228,18960,9,"2017-02-16 02:09:00","User A",Analyst,"Element 2",Select,"No authorization",TRUE
9229,18960,11,"2017-02-16 02:09:00","User A",Analyst,"Element 2",Select,"No authorization",TRUE
9230,18960,13,"2017-02-16 02:09:00","User A",Analyst,"Element 2",Select,"No authorization",TRUE
9231,18961,5,"2017-02-16 02:23:00","User A",Analyst,"Element 2",Select,"No authorization",TRUE
9232,18961,9,"2017-02-16 02:23:00","User A",Analyst,"Element 2",Select,"No authorization",TRUE
9233,18961,11,"2017-02-16 02:23:00","User A",Analyst,"Element 2",Select,"No authorization",TRUE
9234,18961,13,"2017-02-16 02:23:00","User A",Analyst,"Element 2",Select,"No authorization",TRUE
9235,18962,6,"2017-02-16 02:38:00","User A",Analyst,"Element 3",Append,"No authorization",TRUE
9236,18962,8,"2017-02-16 02:38:00","User A",Analyst,"Element 3",Append,"No authorization",TRUE
9237,18962,10,"2017-02-16 02:38:00","User A",Analyst,"Element 3",Append,"No authorization",TRUE
9238,18962,12,"2017-02-16 02:38:00","User A",Analyst,"Element 3",Append,"No authorization",TRUE
9239,18962,14,"2017-02-16 02:38:00","User A",Analyst,"Element 3",Append,"No authorization",TRUE
9240,18962,16,"2017-02-16 02:38:00","User A",Analyst,"Element 3",Append,"No authorization",TRUE
9241,18980,1,"2017-02-16 06:57:00","User B","Business user","Element 1",Select,"No authorization",TRUE
9242,18980,9,"2017-02-16 06:57:00","User B","Business user","Element 1",Select,"No authorization",TRUE
9243,18980,11,"2017-02-16 06:57:00","User B","Business user","Element 1",Select,"No authorization",TRUE
9244,18980,15,"2017-02-16 06:57:00","User B","Business user","Element 1",Select,"No authorization",TRUE
9245,18982,1,"2017-02-16 07:26:00","User B","Business user","Element 1",Select,"No authorization",TRUE
9246,18982,9,"2017-02-16 07:26:00","User B","Business user","Element 1",Select,"No authorization",TRUE
9247,18982,11,"2017-02-16 07:26:00","User B","Business user","Element 1",Select,"No authorization",TRUE
9248,18982,15,"2017-02-16 07:26:00","User B","Business user","Element 1",Select,"No authorization",TRUE
9249,18993,1,"2017-02-16 10:04:00","User B","Business user","Element 1",Select,"No authorization",TRUE
9250,18993,9,"2017-02-16 10:04:00","User B","Business user","Element 1",Select,"No authorization",TRUE
9251,18993,11,"2017-02-16 10:04:00","User B","Business user","Element 1",Select,"No authorization",TRUE
9252,18993,15,"2017-02-16 10:04:00","User B","Business user","Element 1",Select,"No authorization",TRUE
9253,18995,1,"2017-02-16 10:33:00","User B","Business user","Element 1",Select,"No authorization",TRUE
9254,18995,9,"2017-02-16 10:33:00","User B","Business user","Element 1",Select,"No authorization",TRUE
9255,18995,11,"2017-02-16 10:33:00","User B","Business user","Element 1",Select,"No authorization",TRUE
9256,18995,15,"2017-02-16 10:33:00","User B","Business user","Element 1",Select,"No authorization",TRUE
9257,19008,1,"2017-02-16 01:40:00","User B","Business user","Element 1",Select,"No authorization",TRUE
9258,19008,9,"2017-02-16 01:40:00","User B","Business user","Element 1",Select,"No authorization",TRUE
9259,19008,11,"2017-02-16 01:40:00","User B","Business user","Element 1",Select,"No authorization",TRUE
9260,19008,15,"2017-02-16 01:40:00","User B","Business user","Element 1",Select,"No authorization",TRUE
9261,19047,1,"2017-02-16 11:02:00","User B","Business user","Element 1",Select,"No authorization",TRUE
9262,19047,9,"2017-02-16 11:02:00","User B","Business user","Element 1",Select,"No authorization",TRUE
9263,19047,11,"2017-02-16 11:02:00","User B","Business user","Element 1",Select,"No authorization",TRUE
9264,19047,15,"2017-02-16 11:02:00","User B","Business user","Element 1",Select,"No authorization",TRUE
9265,19057,3,"2017-02-17 01:26:00","User B","Business user","Table 1",Select,"No authorization",TRUE
9266,19057,11,"2017-02-17 01:26:00","User B","Business user","Table 1",Select,"No authorization",TRUE
9267,19057,13,"2017-02-17 01:26:00","User B","Business user","Table 1",Select,"No authorization",TRUE
9268,19057,15,"2017-02-17 01:26:00","User B","Business user","Table 1",Select,"No authorization",TRUE
9269,19072,3,"2017-02-17 05:02:00","User B","Business user","Table 1",Select,"No authorization",TRUE
9270,19072,11,"2017-02-17 05:02:00","User B","Business user","Table 1",Select,"No authorization",TRUE
9271,19072,13,"2017-02-17 05:02:00","User B","Business user","Table 1",Select,"No authorization",TRUE
9272,19072,15,"2017-02-17 05:02:00","User B","Business user","Table 1",Select,"No authorization",TRUE
9273,19073,3,"2017-02-17 05:16:00","User B","Business user","Table 1",Select,"No authorization",TRUE
9274,19073,11,"2017-02-17 05:16:00","User B","Business user","Table 1",Select,"No authorization",TRUE
9275,19073,13,"2017-02-17 05:16:00","User B","Business user","Table 1",Select,"No authorization",TRUE
9276,19073,15,"2017-02-17 05:16:00","User B","Business user","Table 1",Select,"No authorization",TRUE
9277,19074,3,"2017-02-17 05:31:00","User B","Business user","Table 1",Select,"No authorization",TRUE
9278,19074,11,"2017-02-17 05:31:00","User B","Business user","Table 1",Select,"No authorization",TRUE
9279,19074,13,"2017-02-17 05:31:00","User B","Business user","Table 1",Select,"No authorization",TRUE
9280,19074,15,"2017-02-17 05:31:00","User B","Business user","Table 1",Select,"No authorization",TRUE
9281,19078,5,"2017-02-17 06:28:00","User A",Analyst,"Element 2",Select,"No authorization",TRUE
9282,19078,9,"2017-02-17 06:28:00","User A",Analyst,"Element 2",Select,"No authorization",TRUE
9283,19078,11,"2017-02-17 06:28:00","User A",Analyst,"Element 2",Select,"No authorization",TRUE
9284,19078,13,"2017-02-17 06:28:00","User A",Analyst,"Element 2",Select,"No authorization",TRUE
9285,19079,5,"2017-02-17 06:43:00","User A",Analyst,"Element 2",Select,"No authorization",TRUE
9286,19079,9,"2017-02-17 06:43:00","User A",Analyst,"Element 2",Select,"No authorization",TRUE
9287,19079,11,"2017-02-17 06:43:00","User A",Analyst,"Element 2",Select,"No authorization",TRUE
9288,19079,13,"2017-02-17 06:43:00","User A",Analyst,"Element 2",Select,"No authorization",TRUE
9289,19080,5,"2017-02-17 06:57:00","User A",Analyst,"Element 2",Select,"No authorization",TRUE
9290,19080,9,"2017-02-17 06:57:00","User A",Analyst,"Element 2",Select,"No authorization",TRUE
9291,19080,11,"2017-02-17 06:57:00","User A",Analyst,"Element 2",Select,"No authorization",TRUE
9292,19080,13,"2017-02-17 06:57:00","User A",Analyst,"Element 2",Select,"No authorization",TRUE
9293,19081,6,"2017-02-17 07:11:00","User A",Analyst,"Element 3",Append,"No authorization",TRUE
9294,19081,8,"2017-02-17 07:11:00","User A",Analyst,"Element 3",Append,"No authorization",TRUE
9295,19081,10,"2017-02-17 07:11:00","User A",Analyst,"Element 3",Append,"No authorization",TRUE
9296,19081,12,"2017-02-17 07:11:00","User A",Analyst,"Element 3",Append,"No authorization",TRUE
9297,19081,14,"2017-02-17 07:11:00","User A",Analyst,"Element 3",Append,"No authorization",TRUE
9298,19081,16,"2017-02-17 07:11:00","User A",Analyst,"Element 3",Append,"No authorization",TRUE
9299,19099,1,"2017-02-17 11:31:00","User B","Business user","Element 1",Select,"No authorization",TRUE
9300,19099,9,"2017-02-17 11:31:00","User B","Business user","Element 1",Select,"No authorization",TRUE
9301,19099,11,"2017-02-17 11:31:00","User B","Business user","Element 1",Select,"No authorization",TRUE
9302,19099,15,"2017-02-17 11:31:00","User B","Business user","Element 1",Select,"No authorization",TRUE
9303,19101,1,"2017-02-17 11:59:00","User B","Business user","Element 1",Select,"No authorization",TRUE
9304,19101,9,"2017-02-17 11:59:00","User B","Business user","Element 1",Select,"No authorization",TRUE
9305,19101,11,"2017-02-17 11:59:00","User B","Business user","Element 1",Select,"No authorization",TRUE
9306,19101,15,"2017-02-17 11:59:00","User B","Business user","Element 1",Select,"No authorization",TRUE
9307,19112,1,"2017-02-17 02:38:00","User B","Business user","Element 1",Select,"No authorization",TRUE
9308,19112,9,"2017-02-17 02:38:00","User B","Business user","Element 1",Select,"No authorization",TRUE
9309,19112,11,"2017-02-17 02:38:00","User B","Business user","Element 1",Select,"No authorization",TRUE
9310,19112,15,"2017-02-17 02:38:00","User B","Business user","Element 1",Select,"No authorization",TRUE
9311,19114,1,"2017-02-17 03:07:00","User B","Business user","Element 1",Select,"No authorization",TRUE
9312,19114,9,"2017-02-17 03:07:00","User B","Business user","Element 1",Select,"No authorization",TRUE
9313,19114,11,"2017-02-17 03:07:00","User B","Business user","Element 1",Select,"No authorization",TRUE
9314,19114,15,"2017-02-17 03:07:00","User B","Business user","Element 1",Select,"No authorization",TRUE
9315,19127,1,"2017-02-17 06:14:00","User B","Business user","Element 1",Select,"No authorization",TRUE
9316,19127,9,"2017-02-17 06:14:00","User B","Business user","Element 1",Select,"No authorization",TRUE
9317,19127,11,"2017-02-17 06:14:00","User B","Business user","Element 1",Select,"No authorization",TRUE
9318,19127,15,"2017-02-17 06:14:00","User B","Business user","Element 1",Select,"No authorization",TRUE
9319,19166,1,"2017-02-18 03:35:00","User B","Business user","Element 1",Select,"No authorization",TRUE
9320,19166,9,"2017-02-18 03:35:00","User B","Business user","Element 1",Select,"No authorization",TRUE
9321,19166,11,"2017-02-18 03:35:00","User B","Business user","Element 1",Select,"No authorization",TRUE
9322,19166,15,"2017-02-18 03:35:00","User B","Business user","Element 1",Select,"No authorization",TRUE
9323,19176,3,"2017-02-18 05:59:00","User B","Business user","Table 1",Select,"No authorization",TRUE
9324,19176,11,"2017-02-18 05:59:00","User B","Business user","Table 1",Select,"No authorization",TRUE
9325,19176,13,"2017-02-18 05:59:00","User B","Business user","Table 1",Select,"No authorization",TRUE
9326,19176,15,"2017-02-18 05:59:00","User B","Business user","Table 1",Select,"No authorization",TRUE
9327,19191,3,"2017-02-18 09:35:00","User B","Business user","Table 1",Select,"No authorization",TRUE
9328,19191,11,"2017-02-18 09:35:00","User B","Business user","Table 1",Select,"No authorization",TRUE
9329,19191,13,"2017-02-18 09:35:00","User B","Business user","Table 1",Select,"No authorization",TRUE
9330,19191,15,"2017-02-18 09:35:00","User B","Business user","Table 1",Select,"No authorization",TRUE
9331,19192,3,"2017-02-18 09:50:00","User B","Business user","Table 1",Select,"No authorization",TRUE
9332,19192,11,"2017-02-18 09:50:00","User B","Business user","Table 1",Select,"No authorization",TRUE
9333,19192,13,"2017-02-18 09:50:00","User B","Business user","Table 1",Select,"No authorization",TRUE
9334,19192,15,"2017-02-18 09:50:00","User B","Business user","Table 1",Select,"No authorization",TRUE
9335,19193,3,"2017-02-18 10:04:00","User B","Business user","Table 1",Select,"No authorization",TRUE
9336,19193,11,"2017-02-18 10:04:00","User B","Business user","Table 1",Select,"No authorization",TRUE
9337,19193,13,"2017-02-18 10:04:00","User B","Business user","Table 1",Select,"No authorization",TRUE
9338,19193,15,"2017-02-18 10:04:00","User B","Business user","Table 1",Select,"No authorization",TRUE
9339,19197,5,"2017-02-18 11:02:00","User A",Analyst,"Element 2",Select,"No authorization",TRUE
9340,19197,9,"2017-02-18 11:02:00","User A",Analyst,"Element 2",Select,"No authorization",TRUE
9341,19197,11,"2017-02-18 11:02:00","User A",Analyst,"Element 2",Select,"No authorization",TRUE
9342,19197,13,"2017-02-18 11:02:00","User A",Analyst,"Element 2",Select,"No authorization",TRUE
9343,19198,5,"2017-02-18 11:16:00","User A",Analyst,"Element 2",Select,"No authorization",TRUE
9344,19198,9,"2017-02-18 11:16:00","User A",Analyst,"Element 2",Select,"No authorization",TRUE
9345,19198,11,"2017-02-18 11:16:00","User A",Analyst,"Element 2",Select,"No authorization",TRUE
9346,19198,13,"2017-02-18 11:16:00","User A",Analyst,"Element 2",Select,"No authorization",TRUE
9347,19199,5,"2017-02-18 11:31:00","User A",Analyst,"Element 2",Select,"No authorization",TRUE
9348,19199,9,"2017-02-18 11:31:00","User A",Analyst,"Element 2",Select,"No authorization",TRUE
9349,19199,11,"2017-02-18 11:31:00","User A",Analyst,"Element 2",Select,"No authorization",TRUE
9350,19199,13,"2017-02-18 11:31:00","User A",Analyst,"Element 2",Select,"No authorization",TRUE
9351,19200,6,"2017-02-18 11:45:00","User A",Analyst,"Element 3",Append,"No authorization",TRUE
9352,19200,8,"2017-02-18 11:45:00","User A",Analyst,"Element 3",Append,"No authorization",TRUE
9353,19200,10,"2017-02-18 11:45:00","User A",Analyst,"Element 3",Append,"No authorization",TRUE
9354,19200,12,"2017-02-18 11:45:00","User A",Analyst,"Element 3",Append,"No authorization",TRUE
9355,19200,14,"2017-02-18 11:45:00","User A",Analyst,"Element 3",Append,"No authorization",TRUE
9356,19200,16,"2017-02-18 11:45:00","User A",Analyst,"Element 3",Append,"No authorization",TRUE
9357,19218,1,"2017-02-18 04:04:00","User B","Business user","Element 1",Select,"No authorization",TRUE
9358,19218,9,"2017-02-18 04:04:00","User B","Business user","Element 1",Select,"No authorization",TRUE
9359,19218,11,"2017-02-18 04:04:00","User B","Business user","Element 1",Select,"No authorization",TRUE
9360,19218,15,"2017-02-18 04:04:00","User B","Business user","Element 1",Select,"No authorization",TRUE
9361,19220,1,"2017-02-18 04:33:00","User B","Business user","Element 1",Select,"No authorization",TRUE
9362,19220,9,"2017-02-18 04:33:00","User B","Business user","Element 1",Select,"No authorization",TRUE
9363,19220,11,"2017-02-18 04:33:00","User B","Business user","Element 1",Select,"No authorization",TRUE
9364,19220,15,"2017-02-18 04:33:00","User B","Business user","Element 1",Select,"No authorization",TRUE
9365,19231,1,"2017-02-18 07:11:00","User B","Business user","Element 1",Select,"No authorization",TRUE
9366,19231,9,"2017-02-18 07:11:00","User B","Business user","Element 1",Select,"No authorization",TRUE
9367,19231,11,"2017-02-18 07:11:00","User B","Business user","Element 1",Select,"No authorization",TRUE
9368,19231,15,"2017-02-18 07:11:00","User B","Business user","Element 1",Select,"No authorization",TRUE
9369,19233,1,"2017-02-18 07:40:00","User B","Business user","Element 1",Select,"No authorization",TRUE
9370,19233,9,"2017-02-18 07:40:00","User B","Business user","Element 1",Select,"No authorization",TRUE
9371,19233,11,"2017-02-18 07:40:00","User B","Business user","Element 1",Select,"No authorization",TRUE
9372,19233,15,"2017-02-18 07:40:00","User B","Business user","Element 1",Select,"No authorization",TRUE
9373,19246,1,"2017-02-18 10:47:00","User B","Business user","Element 1",Select,"No authorization",TRUE
9374,19246,9,"2017-02-18 10:47:00","User B","Business user","Element 1",Select,"No authorization",TRUE
9375,19246,11,"2017-02-18 10:47:00","User B","Business user","Element 1",Select,"No authorization",TRUE
9376,19246,15,"2017-02-18 10:47:00","User B","Business user","Element 1",Select,"No authorization",TRUE
9377,19285,1,"2017-02-19 08:09:00","User B","Business user","Element 1",Select,"No authorization",TRUE
9378,19285,9,"2017-02-19 08:09:00","User B","Business user","Element 1",Select,"No authorization",TRUE
9379,19285,11,"2017-02-19 08:09:00","User B","Business user","Element 1",Select,"No authorization",TRUE
9380,19285,15,"2017-02-19 08:09:00","User B","Business user","Element 1",Select,"No authorization",TRUE
9381,19295,3,"2017-02-19 10:33:00","User B","Business user","Table 1",Select,"No authorization",TRUE
9382,19295,11,"2017-02-19 10:33:00","User B","Business user","Table 1",Select,"No authorization",TRUE
9383,19295,13,"2017-02-19 10:33:00","User B","Business user","Table 1",Select,"No authorization",TRUE
9384,19295,15,"2017-02-19 10:33:00","User B","Business user","Table 1",Select,"No authorization",TRUE
9385,19310,3,"2017-02-19 02:09:00","User B","Business user","Table 1",Select,"No authorization",TRUE
9386,19310,11,"2017-02-19 02:09:00","User B","Business user","Table 1",Select,"No authorization",TRUE
9387,19310,13,"2017-02-19 02:09:00","User B","Business user","Table 1",Select,"No authorization",TRUE
9388,19310,15,"2017-02-19 02:09:00","User B","Business user","Table 1",Select,"No authorization",TRUE
9389,19311,3,"2017-02-19 02:23:00","User B","Business user","Table 1",Select,"No authorization",TRUE
9390,19311,11,"2017-02-19 02:23:00","User B","Business user","Table 1",Select,"No authorization",TRUE
9391,19311,13,"2017-02-19 02:23:00","User B","Business user","Table 1",Select,"No authorization",TRUE
9392,19311,15,"2017-02-19 02:23:00","User B","Business user","Table 1",Select,"No authorization",TRUE
9393,19312,3,"2017-02-19 02:38:00","User B","Business user","Table 1",Select,"No authorization",TRUE
9394,19312,11,"2017-02-19 02:38:00","User B","Business user","Table 1",Select,"No authorization",TRUE
9395,19312,13,"2017-02-19 02:38:00","User B","Business user","Table 1",Select,"No authorization",TRUE
9396,19312,15,"2017-02-19 02:38:00","User B","Business user","Table 1",Select,"No authorization",TRUE
9397,19316,5,"2017-02-19 03:35:00","User A",Analyst,"Element 2",Select,"No authorization",TRUE
9398,19316,9,"2017-02-19 03:35:00","User A",Analyst,"Element 2",Select,"No authorization",TRUE
9399,19316,11,"2017-02-19 03:35:00","User A",Analyst,"Element 2",Select,"No authorization",TRUE
9400,19316,13,"2017-02-19 03:35:00","User A",Analyst,"Element 2",Select,"No authorization",TRUE
9401,19317,5,"2017-02-19 03:50:00","User A",Analyst,"Element 2",Select,"No authorization",TRUE
9402,19317,9,"2017-02-19 03:50:00","User A",Analyst,"Element 2",Select,"No authorization",TRUE
9403,19317,11,"2017-02-19 03:50:00","User A",Analyst,"Element 2",Select,"No authorization",TRUE
9404,19317,13,"2017-02-19 03:50:00","User A",Analyst,"Element 2",Select,"No authorization",TRUE
9405,19318,5,"2017-02-19 04:04:00","User A",Analyst,"Element 2",Select,"No authorization",TRUE
9406,19318,9,"2017-02-19 04:04:00","User A",Analyst,"Element 2",Select,"No authorization",TRUE
9407,19318,11,"2017-02-19 04:04:00","User A",Analyst,"Element 2",Select,"No authorization",TRUE
9408,19318,13,"2017-02-19 04:04:00","User A",Analyst,"Element 2",Select,"No authorization",TRUE
9409,19319,6,"2017-02-19 04:19:00","User A",Analyst,"Element 3",Append,"No authorization",TRUE
9410,19319,8,"2017-02-19 04:19:00","User A",Analyst,"Element 3",Append,"No authorization",TRUE
9411,19319,10,"2017-02-19 04:19:00","User A",Analyst,"Element 3",Append,"No authorization",TRUE
9412,19319,12,"2017-02-19 04:19:00","User A",Analyst,"Element 3",Append,"No authorization",TRUE
9413,19319,14,"2017-02-19 04:19:00","User A",Analyst,"Element 3",Append,"No authorization",TRUE
9414,19319,16,"2017-02-19 04:19:00","User A",Analyst,"Element 3",Append,"No authorization",TRUE
9415,19337,1,"2017-02-19 08:38:00","User B","Business user","Element 1",Select,"No authorization",TRUE
9416,19337,9,"2017-02-19 08:38:00","User B","Business user","Element 1",Select,"No authorization",TRUE
9417,19337,11,"2017-02-19 08:38:00","User B","Business user","Element 1",Select,"No authorization",TRUE
9418,19337,15,"2017-02-19 08:38:00","User B","Business user","Element 1",Select,"No authorization",TRUE
9419,19339,1,"2017-02-19 09:07:00","User B","Business user","Element 1",Select,"No authorization",TRUE
9420,19339,9,"2017-02-19 09:07:00","User B","Business user","Element 1",Select,"No authorization",TRUE
9421,19339,11,"2017-02-19 09:07:00","User B","Business user","Element 1",Select,"No authorization",TRUE
9422,19339,15,"2017-02-19 09:07:00","User B","Business user","Element 1",Select,"No authorization",TRUE
9423,19350,1,"2017-02-19 11:45:00","User B","Business user","Element 1",Select,"No authorization",TRUE
9424,19350,9,"2017-02-19 11:45:00","User B","Business user","Element 1",Select,"No authorization",TRUE
9425,19350,11,"2017-02-19 11:45:00","User B","Business user","Element 1",Select,"No authorization",TRUE
9426,19350,15,"2017-02-19 11:45:00","User B","Business user","Element 1",Select,"No authorization",TRUE
9427,19352,1,"2017-02-20 12:14:00","User B","Business user","Element 1",Select,"No authorization",TRUE
9428,19352,9,"2017-02-20 12:14:00","User B","Business user","Element 1",Select,"No authorization",TRUE
9429,19352,11,"2017-02-20 12:14:00","User B","Business user","Element 1",Select,"No authorization",TRUE
9430,19352,15,"2017-02-20 12:14:00","User B","Business user","Element 1",Select,"No authorization",TRUE
9431,19365,1,"2017-02-20 03:21:00","User B","Business user","Element 1",Select,"No authorization",TRUE
9432,19365,9,"2017-02-20 03:21:00","User B","Business user","Element 1",Select,"No authorization",TRUE
9433,19365,11,"2017-02-20 03:21:00","User B","Business user","Element 1",Select,"No authorization",TRUE
9434,19365,15,"2017-02-20 03:21:00","User B","Business user","Element 1",Select,"No authorization",TRUE
9435,19404,1,"2017-02-20 12:43:00","User B","Business user","Element 1",Select,"No authorization",TRUE
9436,19404,9,"2017-02-20 12:43:00","User B","Business user","Element 1",Select,"No authorization",TRUE
9437,19404,11,"2017-02-20 12:43:00","User B","Business user","Element 1",Select,"No authorization",TRUE
9438,19404,15,"2017-02-20 12:43:00","User B","Business user","Element 1",Select,"No authorization",TRUE
9439,19414,3,"2017-02-20 03:07:00","User B","Business user","Table 1",Select,"No authorization",TRUE
9440,19414,11,"2017-02-20 03:07:00","User B","Business user","Table 1",Select,"No authorization",TRUE
9441,19414,13,"2017-02-20 03:07:00","User B","Business user","Table 1",Select,"No authorization",TRUE
9442,19414,15,"2017-02-20 03:07:00","User B","Business user","Table 1",Select,"No authorization",TRUE
9443,19429,3,"2017-02-20 06:43:00","User B","Business user","Table 1",Select,"No authorization",TRUE
9444,19429,11,"2017-02-20 06:43:00","User B","Business user","Table 1",Select,"No authorization",TRUE
9445,19429,13,"2017-02-20 06:43:00","User B","Business user","Table 1",Select,"No authorization",TRUE
9446,19429,15,"2017-02-20 06:43:00","User B","Business user","Table 1",Select,"No authorization",TRUE
9447,19430,3,"2017-02-20 06:57:00","User B","Business user","Table 1",Select,"No authorization",TRUE
9448,19430,11,"2017-02-20 06:57:00","User B","Business user","Table 1",Select,"No authorization",TRUE
9449,19430,13,"2017-02-20 06:57:00","User B","Business user","Table 1",Select,"No authorization",TRUE
9450,19430,15,"2017-02-20 06:57:00","User B","Business user","Table 1",Select,"No authorization",TRUE
9451,19431,3,"2017-02-20 07:11:00","User B","Business user","Table 1",Select,"No authorization",TRUE
9452,19431,11,"2017-02-20 07:11:00","User B","Business user","Table 1",Select,"No authorization",TRUE
9453,19431,13,"2017-02-20 07:11:00","User B","Business user","Table 1",Select,"No authorization",TRUE
9454,19431,15,"2017-02-20 07:11:00","User B","Business user","Table 1",Select,"No authorization",TRUE
9455,19435,5,"2017-02-20 08:09:00","User A",Analyst,"Element 2",Select,"No authorization",TRUE
9456,19435,9,"2017-02-20 08:09:00","User A",Analyst,"Element 2",Select,"No authorization",TRUE
9457,19435,11,"2017-02-20 08:09:00","User A",Analyst,"Element 2",Select,"No authorization",TRUE
9458,19435,13,"2017-02-20 08:09:00","User A",Analyst,"Element 2",Select,"No authorization",TRUE
9459,19436,5,"2017-02-20 08:23:00","User A",Analyst,"Element 2",Select,"No authorization",TRUE
9460,19436,9,"2017-02-20 08:23:00","User A",Analyst,"Element 2",Select,"No authorization",TRUE
9461,19436,11,"2017-02-20 08:23:00","User A",Analyst,"Element 2",Select,"No authorization",TRUE
9462,19436,13,"2017-02-20 08:23:00","User A",Analyst,"Element 2",Select,"No authorization",TRUE
9463,19437,5,"2017-02-20 08:38:00","User A",Analyst,"Element 2",Select,"No authorization",TRUE
9464,19437,9,"2017-02-20 08:38:00","User A",Analyst,"Element 2",Select,"No authorization",TRUE
9465,19437,11,"2017-02-20 08:38:00","User A",Analyst,"Element 2",Select,"No authorization",TRUE
9466,19437,13,"2017-02-20 08:38:00","User A",Analyst,"Element 2",Select,"No authorization",TRUE
9467,19438,6,"2017-02-20 08:52:00","User A",Analyst,"Element 3",Append,"No authorization",TRUE
9468,19438,8,"2017-02-20 08:52:00","User A",Analyst,"Element 3",Append,"No authorization",TRUE
9469,19438,10,"2017-02-20 08:52:00","User A",Analyst,"Element 3",Append,"No authorization",TRUE
9470,19438,12,"2017-02-20 08:52:00","User A",Analyst,"Element 3",Append,"No authorization",TRUE
9471,19438,14,"2017-02-20 08:52:00","User A",Analyst,"Element 3",Append,"No authorization",TRUE
9472,19438,16,"2017-02-20 08:52:00","User A",Analyst,"Element 3",Append,"No authorization",TRUE
9473,19456,1,"2017-02-21 01:11:00","User B","Business user","Element 1",Select,"No authorization",TRUE
9474,19456,9,"2017-02-21 01:11:00","User B","Business user","Element 1",Select,"No authorization",TRUE
9475,19456,11,"2017-02-21 01:11:00","User B","Business user","Element 1",Select,"No authorization",TRUE
9476,19456,15,"2017-02-21 01:11:00","User B","Business user","Element 1",Select,"No authorization",TRUE
9477,19458,1,"2017-02-21 01:40:00","User B","Business user","Element 1",Select,"No authorization",TRUE
9478,19458,9,"2017-02-21 01:40:00","User B","Business user","Element 1",Select,"No authorization",TRUE
9479,19458,11,"2017-02-21 01:40:00","User B","Business user","Element 1",Select,"No authorization",TRUE
9480,19458,15,"2017-02-21 01:40:00","User B","Business user","Element 1",Select,"No authorization",TRUE
9481,19469,1,"2017-02-21 04:19:00","User B","Business user","Element 1",Select,"No authorization",TRUE
9482,19469,9,"2017-02-21 04:19:00","User B","Business user","Element 1",Select,"No authorization",TRUE
9483,19469,11,"2017-02-21 04:19:00","User B","Business user","Element 1",Select,"No authorization",TRUE
9484,19469,15,"2017-02-21 04:19:00","User B","Business user","Element 1",Select,"No authorization",TRUE
9485,19471,1,"2017-02-21 04:47:00","User B","Business user","Element 1",Select,"No authorization",TRUE
9486,19471,9,"2017-02-21 04:47:00","User B","Business user","Element 1",Select,"No authorization",TRUE
9487,19471,11,"2017-02-21 04:47:00","User B","Business user","Element 1",Select,"No authorization",TRUE
9488,19471,15,"2017-02-21 04:47:00","User B","Business user","Element 1",Select,"No authorization",TRUE
9489,19484,1,"2017-02-21 07:55:00","User B","Business user","Element 1",Select,"No authorization",TRUE
9490,19484,9,"2017-02-21 07:55:00","User B","Business user","Element 1",Select,"No authorization",TRUE
9491,19484,11,"2017-02-21 07:55:00","User B","Business user","Element 1",Select,"No authorization",TRUE
9492,19484,15,"2017-02-21 07:55:00","User B","Business user","Element 1",Select,"No authorization",TRUE
9493,19523,1,"2017-02-21 05:16:00","User B","Business user","Element 1",Select,"No authorization",TRUE
9494,19523,9,"2017-02-21 05:16:00","User B","Business user","Element 1",Select,"No authorization",TRUE
9495,19523,11,"2017-02-21 05:16:00","User B","Business user","Element 1",Select,"No authorization",TRUE
9496,19523,15,"2017-02-21 05:16:00","User B","Business user","Element 1",Select,"No authorization",TRUE
9497,19533,3,"2017-02-21 07:40:00","User B","Business user","Table 1",Select,"No authorization",TRUE
9498,19533,11,"2017-02-21 07:40:00","User B","Business user","Table 1",Select,"No authorization",TRUE
9499,19533,13,"2017-02-21 07:40:00","User B","Business user","Table 1",Select,"No authorization",TRUE
9500,19533,15,"2017-02-21 07:40:00","User B","Business user","Table 1",Select,"No authorization",TRUE
9501,19548,3,"2017-02-21 11:16:00","User B","Business user","Table 1",Select,"No authorization",TRUE
9502,19548,11,"2017-02-21 11:16:00","User B","Business user","Table 1",Select,"No authorization",TRUE
9503,19548,13,"2017-02-21 11:16:00","User B","Business user","Table 1",Select,"No authorization",TRUE
9504,19548,15,"2017-02-21 11:16:00","User B","Business user","Table 1",Select,"No authorization",TRUE
9505,19549,3,"2017-02-21 11:31:00","User B","Business user","Table 1",Select,"No authorization",TRUE
9506,19549,11,"2017-02-21 11:31:00","User B","Business user","Table 1",Select,"No authorization",TRUE
9507,19549,13,"2017-02-21 11:31:00","User B","Business user","Table 1",Select,"No authorization",TRUE
9508,19549,15,"2017-02-21 11:31:00","User B","Business user","Table 1",Select,"No authorization",TRUE
9509,19550,3,"2017-02-21 11:45:00","User B","Business user","Table 1",Select,"No authorization",TRUE
9510,19550,11,"2017-02-21 11:45:00","User B","Business user","Table 1",Select,"No authorization",TRUE
9511,19550,13,"2017-02-21 11:45:00","User B","Business user","Table 1",Select,"No authorization",TRUE
9512,19550,15,"2017-02-21 11:45:00","User B","Business user","Table 1",Select,"No authorization",TRUE
9513,19554,5,"2017-02-22 12:43:00","User A",Analyst,"Element 2",Select,"No authorization",TRUE
9514,19554,9,"2017-02-22 12:43:00","User A",Analyst,"Element 2",Select,"No authorization",TRUE
9515,19554,11,"2017-02-22 12:43:00","User A",Analyst,"Element 2",Select,"No authorization",TRUE
9516,19554,13,"2017-02-22 12:43:00","User A",Analyst,"Element 2",Select,"No authorization",TRUE
9517,19555,5,"2017-02-22 12:57:00","User A",Analyst,"Element 2",Select,"No authorization",TRUE
9518,19555,9,"2017-02-22 12:57:00","User A",Analyst,"Element 2",Select,"No authorization",TRUE
9519,19555,11,"2017-02-22 12:57:00","User A",Analyst,"Element 2",Select,"No authorization",TRUE
9520,19555,13,"2017-02-22 12:57:00","User A",Analyst,"Element 2",Select,"No authorization",TRUE
9521,19556,5,"2017-02-22 01:11:00","User A",Analyst,"Element 2",Select,"No authorization",TRUE
9522,19556,9,"2017-02-22 01:11:00","User A",Analyst,"Element 2",Select,"No authorization",TRUE
9523,19556,11,"2017-02-22 01:11:00","User A",Analyst,"Element 2",Select,"No authorization",TRUE
9524,19556,13,"2017-02-22 01:11:00","User A",Analyst,"Element 2",Select,"No authorization",TRUE
9525,19557,6,"2017-02-22 01:26:00","User A",Analyst,"Element 3",Append,"No authorization",TRUE
9526,19557,8,"2017-02-22 01:26:00","User A",Analyst,"Element 3",Append,"No authorization",TRUE
9527,19557,10,"2017-02-22 01:26:00","User A",Analyst,"Element 3",Append,"No authorization",TRUE
9528,19557,12,"2017-02-22 01:26:00","User A",Analyst,"Element 3",Append,"No authorization",TRUE
9529,19557,14,"2017-02-22 01:26:00","User A",Analyst,"Element 3",Append,"No authorization",TRUE
9530,19557,16,"2017-02-22 01:26:00","User A",Analyst,"Element 3",Append,"No authorization",TRUE
9531,19575,1,"2017-02-22 05:45:00","User B","Business user","Element 1",Select,"No authorization",TRUE
9532,19575,9,"2017-02-22 05:45:00","User B","Business user","Element 1",Select,"No authorization",TRUE
9533,19575,11,"2017-02-22 05:45:00","User B","Business user","Element 1",Select,"No authorization",TRUE
9534,19575,15,"2017-02-22 05:45:00","User B","Business user","Element 1",Select,"No authorization",TRUE
9535,19577,1,"2017-02-22 06:14:00","User B","Business user","Element 1",Select,"No authorization",TRUE
9536,19577,9,"2017-02-22 06:14:00","User B","Business user","Element 1",Select,"No authorization",TRUE
9537,19577,11,"2017-02-22 06:14:00","User B","Business user","Element 1",Select,"No authorization",TRUE
9538,19577,15,"2017-02-22 06:14:00","User B","Business user","Element 1",Select,"No authorization",TRUE
9539,19588,1,"2017-02-22 08:52:00","User B","Business user","Element 1",Select,"No authorization",TRUE
9540,19588,9,"2017-02-22 08:52:00","User B","Business user","Element 1",Select,"No authorization",TRUE
9541,19588,11,"2017-02-22 08:52:00","User B","Business user","Element 1",Select,"No authorization",TRUE
9542,19588,15,"2017-02-22 08:52:00","User B","Business user","Element 1",Select,"No authorization",TRUE
9543,19590,1,"2017-02-22 09:21:00","User B","Business user","Element 1",Select,"No authorization",TRUE
9544,19590,9,"2017-02-22 09:21:00","User B","Business user","Element 1",Select,"No authorization",TRUE
9545,19590,11,"2017-02-22 09:21:00","User B","Business user","Element 1",Select,"No authorization",TRUE
9546,19590,15,"2017-02-22 09:21:00","User B","Business user","Element 1",Select,"No authorization",TRUE
9547,19603,1,"2017-02-22 12:28:00","User B","Business user","Element 1",Select,"No authorization",TRUE
9548,19603,9,"2017-02-22 12:28:00","User B","Business user","Element 1",Select,"No authorization",TRUE
9549,19603,11,"2017-02-22 12:28:00","User B","Business user","Element 1",Select,"No authorization",TRUE
9550,19603,15,"2017-02-22 12:28:00","User B","Business user","Element 1",Select,"No authorization",TRUE
9551,19642,1,"2017-02-22 09:50:00","User B","Business user","Element 1",Select,"No authorization",TRUE
9552,19642,9,"2017-02-22 09:50:00","User B","Business user","Element 1",Select,"No authorization",TRUE
9553,19642,11,"2017-02-22 09:50:00","User B","Business user","Element 1",Select,"No authorization",TRUE
9554,19642,15,"2017-02-22 09:50:00","User B","Business user","Element 1",Select,"No authorization",TRUE
9555,19652,3,"2017-02-23 12:14:00","User B","Business user","Table 1",Select,"No authorization",TRUE
9556,19652,11,"2017-02-23 12:14:00","User B","Business user","Table 1",Select,"No authorization",TRUE
9557,19652,13,"2017-02-23 12:14:00","User B","Business user","Table 1",Select,"No authorization",TRUE
9558,19652,15,"2017-02-23 12:14:00","User B","Business user","Table 1",Select,"No authorization",TRUE
9559,19667,3,"2017-02-23 03:50:00","User B","Business user","Table 1",Select,"No authorization",TRUE
9560,19667,11,"2017-02-23 03:50:00","User B","Business user","Table 1",Select,"No authorization",TRUE
9561,19667,13,"2017-02-23 03:50:00","User B","Business user","Table 1",Select,"No authorization",TRUE
9562,19667,15,"2017-02-23 03:50:00","User B","Business user","Table 1",Select,"No authorization",TRUE
9563,19668,3,"2017-02-23 04:04:00","User B","Business user","Table 1",Select,"No authorization",TRUE
9564,19668,11,"2017-02-23 04:04:00","User B","Business user","Table 1",Select,"No authorization",TRUE
9565,19668,13,"2017-02-23 04:04:00","User B","Business user","Table 1",Select,"No authorization",TRUE
9566,19668,15,"2017-02-23 04:04:00","User B","Business user","Table 1",Select,"No authorization",TRUE
9567,19669,3,"2017-02-23 04:19:00","User B","Business user","Table 1",Select,"No authorization",TRUE
9568,19669,11,"2017-02-23 04:19:00","User B","Business user","Table 1",Select,"No authorization",TRUE
9569,19669,13,"2017-02-23 04:19:00","User B","Business user","Table 1",Select,"No authorization",TRUE
9570,19669,15,"2017-02-23 04:19:00","User B","Business user","Table 1",Select,"No authorization",TRUE
9571,19673,5,"2017-02-23 05:16:00","User A",Analyst,"Element 2",Select,"No authorization",TRUE
9572,19673,9,"2017-02-23 05:16:00","User A",Analyst,"Element 2",Select,"No authorization",TRUE
9573,19673,11,"2017-02-23 05:16:00","User A",Analyst,"Element 2",Select,"No authorization",TRUE
9574,19673,13,"2017-02-23 05:16:00","User A",Analyst,"Element 2",Select,"No authorization",TRUE
9575,19674,5,"2017-02-23 05:31:00","User A",Analyst,"Element 2",Select,"No authorization",TRUE
9576,19674,9,"2017-02-23 05:31:00","User A",Analyst,"Element 2",Select,"No authorization",TRUE
9577,19674,11,"2017-02-23 05:31:00","User A",Analyst,"Element 2",Select,"No authorization",TRUE
9578,19674,13,"2017-02-23 05:31:00","User A",Analyst,"Element 2",Select,"No authorization",TRUE
9579,19675,5,"2017-02-23 05:45:00","User A",Analyst,"Element 2",Select,"No authorization",TRUE
9580,19675,9,"2017-02-23 05:45:00","User A",Analyst,"Element 2",Select,"No authorization",TRUE
9581,19675,11,"2017-02-23 05:45:00","User A",Analyst,"Element 2",Select,"No authorization",TRUE
9582,19675,13,"2017-02-23 05:45:00","User A",Analyst,"Element 2",Select,"No authorization",TRUE
9583,19676,6,"2017-02-23 05:59:00","User A",Analyst,"Element 3",Append,"No authorization",TRUE
9584,19676,8,"2017-02-23 05:59:00","User A",Analyst,"Element 3",Append,"No authorization",TRUE
9585,19676,10,"2017-02-23 05:59:00","User A",Analyst,"Element 3",Append,"No authorization",TRUE
9586,19676,12,"2017-02-23 05:59:00","User A",Analyst,"Element 3",Append,"No authorization",TRUE
9587,19676,14,"2017-02-23 05:59:00","User A",Analyst,"Element 3",Append,"No authorization",TRUE
9588,19676,16,"2017-02-23 05:59:00","User A",Analyst,"Element 3",Append,"No authorization",TRUE
9589,19694,1,"2017-02-23 10:19:00","User B","Business user","Element 1",Select,"No authorization",TRUE
9590,19694,9,"2017-02-23 10:19:00","User B","Business user","Element 1",Select,"No authorization",TRUE
9591,19694,11,"2017-02-23 10:19:00","User B","Business user","Element 1",Select,"No authorization",TRUE
9592,19694,15,"2017-02-23 10:19:00","User B","Business user","Element 1",Select,"No authorization",TRUE
9593,19696,1,"2017-02-23 10:47:00","User B","Business user","Element 1",Select,"No authorization",TRUE
9594,19696,9,"2017-02-23 10:47:00","User B","Business user","Element 1",Select,"No authorization",TRUE
9595,19696,11,"2017-02-23 10:47:00","User B","Business user","Element 1",Select,"No authorization",TRUE
9596,19696,15,"2017-02-23 10:47:00","User B","Business user","Element 1",Select,"No authorization",TRUE
9597,19707,1,"2017-02-23 01:26:00","User B","Business user","Element 1",Select,"No authorization",TRUE
9598,19707,9,"2017-02-23 01:26:00","User B","Business user","Element 1",Select,"No authorization",TRUE
9599,19707,11,"2017-02-23 01:26:00","User B","Business user","Element 1",Select,"No authorization",TRUE
9600,19707,15,"2017-02-23 01:26:00","User B","Business user","Element 1",Select,"No authorization",TRUE
9601,19709,1,"2017-02-23 01:55:00","User B","Business user","Element 1",Select,"No authorization",TRUE
9602,19709,9,"2017-02-23 01:55:00","User B","Business user","Element 1",Select,"No authorization",TRUE
9603,19709,11,"2017-02-23 01:55:00","User B","Business user","Element 1",Select,"No authorization",TRUE
9604,19709,15,"2017-02-23 01:55:00","User B","Business user","Element 1",Select,"No authorization",TRUE
9605,19722,1,"2017-02-23 05:02:00","User B","Business user","Element 1",Select,"No authorization",TRUE
9606,19722,9,"2017-02-23 05:02:00","User B","Business user","Element 1",Select,"No authorization",TRUE
9607,19722,11,"2017-02-23 05:02:00","User B","Business user","Element 1",Select,"No authorization",TRUE
9608,19722,15,"2017-02-23 05:02:00","User B","Business user","Element 1",Select,"No authorization",TRUE
9609,19761,1,"2017-02-24 02:23:00","User B","Business user","Element 1",Select,"No authorization",TRUE
9610,19761,9,"2017-02-24 02:23:00","User B","Business user","Element 1",Select,"No authorization",TRUE
9611,19761,11,"2017-02-24 02:23:00","User B","Business user","Element 1",Select,"No authorization",TRUE
9612,19761,15,"2017-02-24 02:23:00","User B","Business user","Element 1",Select,"No authorization",TRUE
9613,19771,3,"2017-02-24 04:47:00","User B","Business user","Table 1",Select,"No authorization",TRUE
9614,19771,11,"2017-02-24 04:47:00","User B","Business user","Table 1",Select,"No authorization",TRUE
9615,19771,13,"2017-02-24 04:47:00","User B","Business user","Table 1",Select,"No authorization",TRUE
9616,19771,15,"2017-02-24 04:47:00","User B","Business user","Table 1",Select,"No authorization",TRUE
9617,19786,3,"2017-02-24 08:23:00","User B","Business user","Table 1",Select,"No authorization",TRUE
9618,19786,11,"2017-02-24 08:23:00","User B","Business user","Table 1",Select,"No authorization",TRUE
9619,19786,13,"2017-02-24 08:23:00","User B","Business user","Table 1",Select,"No authorization",TRUE
9620,19786,15,"2017-02-24 08:23:00","User B","Business user","Table 1",Select,"No authorization",TRUE
9621,19787,3,"2017-02-24 08:38:00","User B","Business user","Table 1",Select,"No authorization",TRUE
9622,19787,11,"2017-02-24 08:38:00","User B","Business user","Table 1",Select,"No authorization",TRUE
9623,19787,13,"2017-02-24 08:38:00","User B","Business user","Table 1",Select,"No authorization",TRUE
9624,19787,15,"2017-02-24 08:38:00","User B","Business user","Table 1",Select,"No authorization",TRUE
9625,19788,3,"2017-02-24 08:52:00","User B","Business user","Table 1",Select,"No authorization",TRUE
9626,19788,11,"2017-02-24 08:52:00","User B","Business user","Table 1",Select,"No authorization",TRUE
9627,19788,13,"2017-02-24 08:52:00","User B","Business user","Table 1",Select,"No authorization",TRUE
9628,19788,15,"2017-02-24 08:52:00","User B","Business user","Table 1",Select,"No authorization",TRUE
9629,19792,5,"2017-02-24 09:50:00","User A",Analyst,"Element 2",Select,"No authorization",TRUE
9630,19792,9,"2017-02-24 09:50:00","User A",Analyst,"Element 2",Select,"No authorization",TRUE
9631,19792,11,"2017-02-24 09:50:00","User A",Analyst,"Element 2",Select,"No authorization",TRUE
9632,19792,13,"2017-02-24 09:50:00","User A",Analyst,"Element 2",Select,"No authorization",TRUE
9633,19793,5,"2017-02-24 10:04:00","User A",Analyst,"Element 2",Select,"No authorization",TRUE
9634,19793,9,"2017-02-24 10:04:00","User A",Analyst,"Element 2",Select,"No authorization",TRUE
9635,19793,11,"2017-02-24 10:04:00","User A",Analyst,"Element 2",Select,"No authorization",TRUE
9636,19793,13,"2017-02-24 10:04:00","User A",Analyst,"Element 2",Select,"No authorization",TRUE
9637,19794,5,"2017-02-24 10:19:00","User A",Analyst,"Element 2",Select,"No authorization",TRUE
9638,19794,9,"2017-02-24 10:19:00","User A",Analyst,"Element 2",Select,"No authorization",TRUE
9639,19794,11,"2017-02-24 10:19:00","User A",Analyst,"Element 2",Select,"No authorization",TRUE
9640,19794,13,"2017-02-24 10:19:00","User A",Analyst,"Element 2",Select,"No authorization",TRUE
9641,19795,6,"2017-02-24 10:33:00","User A",Analyst,"Element 3",Append,"No authorization",TRUE
9642,19795,8,"2017-02-24 10:33:00","User A",Analyst,"Element 3",Append,"No authorization",TRUE
9643,19795,10,"2017-02-24 10:33:00","User A",Analyst,"Element 3",Append,"No authorization",TRUE
9644,19795,12,"2017-02-24 10:33:00","User A",Analyst,"Element 3",Append,"No authorization",TRUE
9645,19795,14,"2017-02-24 10:33:00","User A",Analyst,"Element 3",Append,"No authorization",TRUE
9646,19795,16,"2017-02-24 10:33:00","User A",Analyst,"Element 3",Append,"No authorization",TRUE
9647,19813,1,"2017-02-24 02:52:00","User B","Business user","Element 1",Select,"No authorization",TRUE
9648,19813,9,"2017-02-24 02:52:00","User B","Business user","Element 1",Select,"No authorization",TRUE
9649,19813,11,"2017-02-24 02:52:00","User B","Business user","Element 1",Select,"No authorization",TRUE
9650,19813,15,"2017-02-24 02:52:00","User B","Business user","Element 1",Select,"No authorization",TRUE
9651,19815,1,"2017-02-24 03:21:00","User B","Business user","Element 1",Select,"No authorization",TRUE
9652,19815,9,"2017-02-24 03:21:00","User B","Business user","Element 1",Select,"No authorization",TRUE
9653,19815,11,"2017-02-24 03:21:00","User B","Business user","Element 1",Select,"No authorization",TRUE
9654,19815,15,"2017-02-24 03:21:00","User B","Business user","Element 1",Select,"No authorization",TRUE
9655,19826,1,"2017-02-24 05:59:00","User B","Business user","Element 1",Select,"No authorization",TRUE
9656,19826,9,"2017-02-24 05:59:00","User B","Business user","Element 1",Select,"No authorization",TRUE
9657,19826,11,"2017-02-24 05:59:00","User B","Business user","Element 1",Select,"No authorization",TRUE
9658,19826,15,"2017-02-24 05:59:00","User B","Business user","Element 1",Select,"No authorization",TRUE
9659,19828,1,"2017-02-24 06:28:00","User B","Business user","Element 1",Select,"No authorization",TRUE
9660,19828,9,"2017-02-24 06:28:00","User B","Business user","Element 1",Select,"No authorization",TRUE
9661,19828,11,"2017-02-24 06:28:00","User B","Business user","Element 1",Select,"No authorization",TRUE
9662,19828,15,"2017-02-24 06:28:00","User B","Business user","Element 1",Select,"No authorization",TRUE
9663,19841,1,"2017-02-24 09:35:00","User B","Business user","Element 1",Select,"No authorization",TRUE
9664,19841,9,"2017-02-24 09:35:00","User B","Business user","Element 1",Select,"No authorization",TRUE
9665,19841,11,"2017-02-24 09:35:00","User B","Business user","Element 1",Select,"No authorization",TRUE
9666,19841,15,"2017-02-24 09:35:00","User B","Business user","Element 1",Select,"No authorization",TRUE
9667,19880,1,"2017-02-25 06:57:00","User B","Business user","Element 1",Select,"No authorization",TRUE
9668,19880,9,"2017-02-25 06:57:00","User B","Business user","Element 1",Select,"No authorization",TRUE
9669,19880,11,"2017-02-25 06:57:00","User B","Business user","Element 1",Select,"No authorization",TRUE
9670,19880,15,"2017-02-25 06:57:00","User B","Business user","Element 1",Select,"No authorization",TRUE
9671,19890,3,"2017-02-25 09:21:00","User B","Business user","Table 1",Select,"No authorization",TRUE
9672,19890,11,"2017-02-25 09:21:00","User B","Business user","Table 1",Select,"No authorization",TRUE
9673,19890,13,"2017-02-25 09:21:00","User B","Business user","Table 1",Select,"No authorization",TRUE
9674,19890,15,"2017-02-25 09:21:00","User B","Business user","Table 1",Select,"No authorization",TRUE
9675,19905,3,"2017-02-25 12:57:00","User B","Business user","Table 1",Select,"No authorization",TRUE
9676,19905,11,"2017-02-25 12:57:00","User B","Business user","Table 1",Select,"No authorization",TRUE
9677,19905,13,"2017-02-25 12:57:00","User B","Business user","Table 1",Select,"No authorization",TRUE
9678,19905,15,"2017-02-25 12:57:00","User B","Business user","Table 1",Select,"No authorization",TRUE
9679,19906,3,"2017-02-25 01:11:00","User B","Business user","Table 1",Select,"No authorization",TRUE
9680,19906,11,"2017-02-25 01:11:00","User B","Business user","Table 1",Select,"No authorization",TRUE
9681,19906,13,"2017-02-25 01:11:00","User B","Business user","Table 1",Select,"No authorization",TRUE
9682,19906,15,"2017-02-25 01:11:00","User B","Business user","Table 1",Select,"No authorization",TRUE
9683,19907,3,"2017-02-25 01:26:00","User B","Business user","Table 1",Select,"No authorization",TRUE
9684,19907,11,"2017-02-25 01:26:00","User B","Business user","Table 1",Select,"No authorization",TRUE
9685,19907,13,"2017-02-25 01:26:00","User B","Business user","Table 1",Select,"No authorization",TRUE
9686,19907,15,"2017-02-25 01:26:00","User B","Business user","Table 1",Select,"No authorization",TRUE
9687,19911,5,"2017-02-25 02:23:00","User A",Analyst,"Element 2",Select,"No authorization",TRUE
9688,19911,9,"2017-02-25 02:23:00","User A",Analyst,"Element 2",Select,"No authorization",TRUE
9689,19911,11,"2017-02-25 02:23:00","User A",Analyst,"Element 2",Select,"No authorization",TRUE
9690,19911,13,"2017-02-25 02:23:00","User A",Analyst,"Element 2",Select,"No authorization",TRUE
9691,19912,5,"2017-02-25 02:38:00","User A",Analyst,"Element 2",Select,"No authorization",TRUE
9692,19912,9,"2017-02-25 02:38:00","User A",Analyst,"Element 2",Select,"No authorization",TRUE
9693,19912,11,"2017-02-25 02:38:00","User A",Analyst,"Element 2",Select,"No authorization",TRUE
9694,19912,13,"2017-02-25 02:38:00","User A",Analyst,"Element 2",Select,"No authorization",TRUE
9695,19913,5,"2017-02-25 02:52:00","User A",Analyst,"Element 2",Select,"No authorization",TRUE
9696,19913,9,"2017-02-25 02:52:00","User A",Analyst,"Element 2",Select,"No authorization",TRUE
9697,19913,11,"2017-02-25 02:52:00","User A",Analyst,"Element 2",Select,"No authorization",TRUE
9698,19913,13,"2017-02-25 02:52:00","User A",Analyst,"Element 2",Select,"No authorization",TRUE
9699,19914,6,"2017-02-25 03:07:00","User A",Analyst,"Element 3",Append,"No authorization",TRUE
9700,19914,8,"2017-02-25 03:07:00","User A",Analyst,"Element 3",Append,"No authorization",TRUE
9701,19914,10,"2017-02-25 03:07:00","User A",Analyst,"Element 3",Append,"No authorization",TRUE
9702,19914,12,"2017-02-25 03:07:00","User A",Analyst,"Element 3",Append,"No authorization",TRUE
9703,19914,14,"2017-02-25 03:07:00","User A",Analyst,"Element 3",Append,"No authorization",TRUE
9704,19914,16,"2017-02-25 03:07:00","User A",Analyst,"Element 3",Append,"No authorization",TRUE
9705,19932,1,"2017-02-25 07:26:00","User B","Business user","Element 1",Select,"No authorization",TRUE
9706,19932,9,"2017-02-25 07:26:00","User B","Business user","Element 1",Select,"No authorization",TRUE
9707,19932,11,"2017-02-25 07:26:00","User B","Business user","Element 1",Select,"No authorization",TRUE
9708,19932,15,"2017-02-25 07:26:00","User B","Business user","Element 1",Select,"No authorization",TRUE
9709,19934,1,"2017-02-25 07:55:00","User B","Business user","Element 1",Select,"No authorization",TRUE
9710,19934,9,"2017-02-25 07:55:00","User B","Business user","Element 1",Select,"No authorization",TRUE
9711,19934,11,"2017-02-25 07:55:00","User B","Business user","Element 1",Select,"No authorization",TRUE
9712,19934,15,"2017-02-25 07:55:00","User B","Business user","Element 1",Select,"No authorization",TRUE
9713,19945,1,"2017-02-25 10:33:00","User B","Business user","Element 1",Select,"No authorization",TRUE
9714,19945,9,"2017-02-25 10:33:00","User B","Business user","Element 1",Select,"No authorization",TRUE
9715,19945,11,"2017-02-25 10:33:00","User B","Business user","Element 1",Select,"No authorization",TRUE
9716,19945,15,"2017-02-25 10:33:00","User B","Business user","Element 1",Select,"No authorization",TRUE
9717,19947,1,"2017-02-25 11:02:00","User B","Business user","Element 1",Select,"No authorization",TRUE
9718,19947,9,"2017-02-25 11:02:00","User B","Business user","Element 1",Select,"No authorization",TRUE
9719,19947,11,"2017-02-25 11:02:00","User B","Business user","Element 1",Select,"No authorization",TRUE
9720,19947,15,"2017-02-25 11:02:00","User B","Business user","Element 1",Select,"No authorization",TRUE
9721,19960,1,"2017-02-26 02:09:00","User B","Business user","Element 1",Select,"No authorization",TRUE
9722,19960,9,"2017-02-26 02:09:00","User B","Business user","Element 1",Select,"No authorization",TRUE
9723,19960,11,"2017-02-26 02:09:00","User B","Business user","Element 1",Select,"No authorization",TRUE
9724,19960,15,"2017-02-26 02:09:00","User B","Business user","Element 1",Select,"No authorization",TRUE
9725,19999,1,"2017-02-26 11:31:00","User B","Business user","Element 1",Select,"No authorization",TRUE
9726,19999,9,"2017-02-26 11:31:00","User B","Business user","Element 1",Select,"No authorization",TRUE
9727,19999,11,"2017-02-26 11:31:00","User B","Business user","Element 1",Select,"No authorization",TRUE
9728,19999,15,"2017-02-26 11:31:00","User B","Business user","Element 1",Select,"No authorization",TRUE
9729,20009,3,"2017-02-26 01:55:00","User B","Business user","Table 1",Select,"No authorization",TRUE
9730,20009,11,"2017-02-26 01:55:00","User B","Business user","Table 1",Select,"No authorization",TRUE
9731,20009,13,"2017-02-26 01:55:00","User B","Business user","Table 1",Select,"No authorization",TRUE
9732,20009,15,"2017-02-26 01:55:00","User B","Business user","Table 1",Select,"No authorization",TRUE
9733,20024,3,"2017-02-26 05:31:00","User B","Business user","Table 1",Select,"No authorization",TRUE
9734,20024,11,"2017-02-26 05:31:00","User B","Business user","Table 1",Select,"No authorization",TRUE
9735,20024,13,"2017-02-26 05:31:00","User B","Business user","Table 1",Select,"No authorization",TRUE
9736,20024,15,"2017-02-26 05:31:00","User B","Business user","Table 1",Select,"No authorization",TRUE
9737,20025,3,"2017-02-26 05:45:00","User B","Business user","Table 1",Select,"No authorization",TRUE
9738,20025,11,"2017-02-26 05:45:00","User B","Business user","Table 1",Select,"No authorization",TRUE
9739,20025,13,"2017-02-26 05:45:00","User B","Business user","Table 1",Select,"No authorization",TRUE
9740,20025,15,"2017-02-26 05:45:00","User B","Business user","Table 1",Select,"No authorization",TRUE
9741,20026,3,"2017-02-26 05:59:00","User B","Business user","Table 1",Select,"No authorization",TRUE
9742,20026,11,"2017-02-26 05:59:00","User B","Business user","Table 1",Select,"No authorization",TRUE
9743,20026,13,"2017-02-26 05:59:00","User B","Business user","Table 1",Select,"No authorization",TRUE
9744,20026,15,"2017-02-26 05:59:00","User B","Business user","Table 1",Select,"No authorization",TRUE
9745,20031,5,"2017-02-26 07:11:00","User A",Analyst,"Element 2",Select,"No authorization",TRUE
9746,20031,9,"2017-02-26 07:11:00","User A",Analyst,"Element 2",Select,"No authorization",TRUE
9747,20031,11,"2017-02-26 07:11:00","User A",Analyst,"Element 2",Select,"No authorization",TRUE
9748,20031,13,"2017-02-26 07:11:00","User A",Analyst,"Element 2",Select,"No authorization",TRUE
9749,20032,5,"2017-02-26 07:26:00","User A",Analyst,"Element 2",Select,"No authorization",TRUE
9750,20032,9,"2017-02-26 07:26:00","User A",Analyst,"Element 2",Select,"No authorization",TRUE
9751,20032,11,"2017-02-26 07:26:00","User A",Analyst,"Element 2",Select,"No authorization",TRUE
9752,20032,13,"2017-02-26 07:26:00","User A",Analyst,"Element 2",Select,"No authorization",TRUE
9753,20033,5,"2017-02-26 07:40:00","User A",Analyst,"Element 2",Select,"No authorization",TRUE
9754,20033,9,"2017-02-26 07:40:00","User A",Analyst,"Element 2",Select,"No authorization",TRUE
9755,20033,11,"2017-02-26 07:40:00","User A",Analyst,"Element 2",Select,"No authorization",TRUE
9756,20033,13,"2017-02-26 07:40:00","User A",Analyst,"Element 2",Select,"No authorization",TRUE
9757,20034,6,"2017-02-26 07:55:00","User A",Analyst,"Element 3",Append,"No authorization",TRUE
9758,20034,8,"2017-02-26 07:55:00","User A",Analyst,"Element 3",Append,"No authorization",TRUE
9759,20034,10,"2017-02-26 07:55:00","User A",Analyst,"Element 3",Append,"No authorization",TRUE
9760,20034,12,"2017-02-26 07:55:00","User A",Analyst,"Element 3",Append,"No authorization",TRUE
9761,20034,14,"2017-02-26 07:55:00","User A",Analyst,"Element 3",Append,"No authorization",TRUE
9762,20034,16,"2017-02-26 07:55:00","User A",Analyst,"Element 3",Append,"No authorization",TRUE
9763,20052,1,"2017-02-27 12:14:00","User B","Business user","Element 1",Select,"No authorization",TRUE
9764,20052,9,"2017-02-27 12:14:00","User B","Business user","Element 1",Select,"No authorization",TRUE
9765,20052,11,"2017-02-27 12:14:00","User B","Business user","Element 1",Select,"No authorization",TRUE
9766,20052,15,"2017-02-27 12:14:00","User B","Business user","Element 1",Select,"No authorization",TRUE
9767,20054,1,"2017-02-27 12:43:00","User B","Business user","Element 1",Select,"No authorization",TRUE
9768,20054,9,"2017-02-27 12:43:00","User B","Business user","Element 1",Select,"No authorization",TRUE
9769,20054,11,"2017-02-27 12:43:00","User B","Business user","Element 1",Select,"No authorization",TRUE
9770,20054,15,"2017-02-27 12:43:00","User B","Business user","Element 1",Select,"No authorization",TRUE
9771,20065,1,"2017-02-27 03:21:00","User B","Business user","Element 1",Select,"No authorization",TRUE
9772,20065,9,"2017-02-27 03:21:00","User B","Business user","Element 1",Select,"No authorization",TRUE
9773,20065,11,"2017-02-27 03:21:00","User B","Business user","Element 1",Select,"No authorization",TRUE
9774,20065,15,"2017-02-27 03:21:00","User B","Business user","Element 1",Select,"No authorization",TRUE
9775,20067,1,"2017-02-27 03:50:00","User B","Business user","Element 1",Select,"No authorization",TRUE
9776,20067,9,"2017-02-27 03:50:00","User B","Business user","Element 1",Select,"No authorization",TRUE
9777,20067,11,"2017-02-27 03:50:00","User B","Business user","Element 1",Select,"No authorization",TRUE
9778,20067,15,"2017-02-27 03:50:00","User B","Business user","Element 1",Select,"No authorization",TRUE
9779,20080,1,"2017-02-27 06:57:00","User B","Business user","Element 1",Select,"No authorization",TRUE
9780,20080,9,"2017-02-27 06:57:00","User B","Business user","Element 1",Select,"No authorization",TRUE
9781,20080,11,"2017-02-27 06:57:00","User B","Business user","Element 1",Select,"No authorization",TRUE
9782,20080,15,"2017-02-27 06:57:00","User B","Business user","Element 1",Select,"No authorization",TRUE
9783,20119,1,"2017-02-27 04:19:00","User B","Business user","Element 1",Select,"No authorization",TRUE
9784,20119,9,"2017-02-27 04:19:00","User B","Business user","Element 1",Select,"No authorization",TRUE
9785,20119,11,"2017-02-27 04:19:00","User B","Business user","Element 1",Select,"No authorization",TRUE
9786,20119,15,"2017-02-27 04:19:00","User B","Business user","Element 1",Select,"No authorization",TRUE
9787,20129,3,"2017-02-27 06:43:00","User B","Business user","Table 1",Select,"No authorization",TRUE
9788,20129,11,"2017-02-27 06:43:00","User B","Business user","Table 1",Select,"No authorization",TRUE
9789,20129,13,"2017-02-27 06:43:00","User B","Business user","Table 1",Select,"No authorization",TRUE
9790,20129,15,"2017-02-27 06:43:00","User B","Business user","Table 1",Select,"No authorization",TRUE
9791,20144,3,"2017-02-27 10:19:00","User B","Business user","Table 1",Select,"No authorization",TRUE
9792,20144,11,"2017-02-27 10:19:00","User B","Business user","Table 1",Select,"No authorization",TRUE
9793,20144,13,"2017-02-27 10:19:00","User B","Business user","Table 1",Select,"No authorization",TRUE
9794,20144,15,"2017-02-27 10:19:00","User B","Business user","Table 1",Select,"No authorization",TRUE
9795,20145,3,"2017-02-27 10:33:00","User B","Business user","Table 1",Select,"No authorization",TRUE
9796,20145,11,"2017-02-27 10:33:00","User B","Business user","Table 1",Select,"No authorization",TRUE
9797,20145,13,"2017-02-27 10:33:00","User B","Business user","Table 1",Select,"No authorization",TRUE
9798,20145,15,"2017-02-27 10:33:00","User B","Business user","Table 1",Select,"No authorization",TRUE
9799,20146,3,"2017-02-27 10:47:00","User B","Business user","Table 1",Select,"No authorization",TRUE
9800,20146,11,"2017-02-27 10:47:00","User B","Business user","Table 1",Select,"No authorization",TRUE
9801,20146,13,"2017-02-27 10:47:00","User B","Business user","Table 1",Select,"No authorization",TRUE
9802,20146,15,"2017-02-27 10:47:00","User B","Business user","Table 1",Select,"No authorization",TRUE
9803,20151,5,"2017-02-27 11:59:00","User A",Analyst,"Element 2",Select,"No authorization",TRUE
9804,20151,9,"2017-02-27 11:59:00","User A",Analyst,"Element 2",Select,"No authorization",TRUE
9805,20151,11,"2017-02-27 11:59:00","User A",Analyst,"Element 2",Select,"No authorization",TRUE
9806,20151,13,"2017-02-27 11:59:00","User A",Analyst,"Element 2",Select,"No authorization",TRUE
9807,20152,5,"2017-02-28 12:14:00","User A",Analyst,"Element 2",Select,"No authorization",TRUE
9808,20152,9,"2017-02-28 12:14:00","User A",Analyst,"Element 2",Select,"No authorization",TRUE
9809,20152,11,"2017-02-28 12:14:00","User A",Analyst,"Element 2",Select,"No authorization",TRUE
9810,20152,13,"2017-02-28 12:14:00","User A",Analyst,"Element 2",Select,"No authorization",TRUE
9811,20153,5,"2017-02-28 12:28:00","User A",Analyst,"Element 2",Select,"No authorization",TRUE
9812,20153,9,"2017-02-28 12:28:00","User A",Analyst,"Element 2",Select,"No authorization",TRUE
9813,20153,11,"2017-02-28 12:28:00","User A",Analyst,"Element 2",Select,"No authorization",TRUE
9814,20153,13,"2017-02-28 12:28:00","User A",Analyst,"Element 2",Select,"No authorization",TRUE
9815,20154,6,"2017-02-28 12:43:00","User A",Analyst,"Element 3",Append,"No authorization",TRUE
9816,20154,8,"2017-02-28 12:43:00","User A",Analyst,"Element 3",Append,"No authorization",TRUE
9817,20154,10,"2017-02-28 12:43:00","User A",Analyst,"Element 3",Append,"No authorization",TRUE
9818,20154,12,"2017-02-28 12:43:00","User A",Analyst,"Element 3",Append,"No authorization",TRUE
9819,20154,14,"2017-02-28 12:43:00","User A",Analyst,"Element 3",Append,"No authorization",TRUE
9820,20154,16,"2017-02-28 12:43:00","User A",Analyst,"Element 3",Append,"No authorization",TRUE
9821,20172,1,"2017-02-28 05:02:00","User B","Business user","Element 1",Select,"No authorization",TRUE
9822,20172,9,"2017-02-28 05:02:00","User B","Business user","Element 1",Select,"No authorization",TRUE
9823,20172,11,"2017-02-28 05:02:00","User B","Business user","Element 1",Select,"No authorization",TRUE
9824,20172,15,"2017-02-28 05:02:00","User B","Business user","Element 1",Select,"No authorization",TRUE
9825,20174,1,"2017-02-28 05:31:00","User B","Business user","Element 1",Select,"No authorization",TRUE
9826,20174,9,"2017-02-28 05:31:00","User B","Business user","Element 1",Select,"No authorization",TRUE
9827,20174,11,"2017-02-28 05:31:00","User B","Business user","Element 1",Select,"No authorization",TRUE
9828,20174,15,"2017-02-28 05:31:00","User B","Business user","Element 1",Select,"No authorization",TRUE
9829,20185,1,"2017-02-28 08:09:00","User B","Business user","Element 1",Select,"No authorization",TRUE
9830,20185,9,"2017-02-28 08:09:00","User B","Business user","Element 1",Select,"No authorization",TRUE
9831,20185,11,"2017-02-28 08:09:00","User B","Business user","Element 1",Select,"No authorization",TRUE
9832,20185,15,"2017-02-28 08:09:00","User B","Business user","Element 1",Select,"No authorization",TRUE
9833,20187,1,"2017-02-28 08:38:00","User B","Business user","Element 1",Select,"No authorization",TRUE
9834,20187,9,"2017-02-28 08:38:00","User B","Business user","Element 1",Select,"No authorization",TRUE
9835,20187,11,"2017-02-28 08:38:00","User B","Business user","Element 1",Select,"No authorization",TRUE
9836,20187,15,"2017-02-28 08:38:00","User B","Business user","Element 1",Select,"No authorization",TRUE
9837,20200,1,"2017-02-28 11:45:00","User B","Business user","Element 1",Select,"No authorization",TRUE
9838,20200,9,"2017-02-28 11:45:00","User B","Business user","Element 1",Select,"No authorization",TRUE
9839,20200,11,"2017-02-28 11:45:00","User B","Business user","Element 1",Select,"No authorization",TRUE
9840,20200,15,"2017-02-28 11:45:00","User B","Business user","Element 1",Select,"No authorization",TRUE
9841,20239,1,"2017-02-28 09:07:00","User B","Business user","Element 1",Select,"No authorization",TRUE
9842,20239,9,"2017-02-28 09:07:00","User B","Business user","Element 1",Select,"No authorization",TRUE
9843,20239,11,"2017-02-28 09:07:00","User B","Business user","Element 1",Select,"No authorization",TRUE
9844,20239,15,"2017-02-28 09:07:00","User B","Business user","Element 1",Select,"No authorization",TRUE
9845,20249,3,"2017-02-28 11:31:00","User B","Business user","Table 1",Select,"No authorization",TRUE
9846,20249,11,"2017-02-28 11:31:00","User B","Business user","Table 1",Select,"No authorization",TRUE
9847,20249,13,"2017-02-28 11:31:00","User B","Business user","Table 1",Select,"No authorization",TRUE
9848,20249,15,"2017-02-28 11:31:00","User B","Business user","Table 1",Select,"No authorization",TRUE
9849,20264,3,"2017-03-01 03:07:00","User B","Business user","Table 1",Select,"No authorization",TRUE
9850,20264,11,"2017-03-01 03:07:00","User B","Business user","Table 1",Select,"No authorization",TRUE
9851,20264,13,"2017-03-01 03:07:00","User B","Business user","Table 1",Select,"No authorization",TRUE
9852,20264,15,"2017-03-01 03:07:00","User B","Business user","Table 1",Select,"No authorization",TRUE
9853,20265,3,"2017-03-01 03:21:00","User B","Business user","Table 1",Select,"No authorization",TRUE
9854,20265,11,"2017-03-01 03:21:00","User B","Business user","Table 1",Select,"No authorization",TRUE
9855,20265,13,"2017-03-01 03:21:00","User B","Business user","Table 1",Select,"No authorization",TRUE
9856,20265,15,"2017-03-01 03:21:00","User B","Business user","Table 1",Select,"No authorization",TRUE
9857,20266,3,"2017-03-01 03:30:00","User B","Business user","Table 1",Select,"No authorization",TRUE
9858,20266,11,"2017-03-01 03:30:00","User B","Business user","Table 1",Select,"No authorization",TRUE
9859,20266,13,"2017-03-01 03:30:00","User B","Business user","Table 1",Select,"No authorization",TRUE
9860,20266,15,"2017-03-01 03:30:00","User B","Business user","Table 1",Select,"No authorization",TRUE
