d_id,m_id,ar_id,time,requestor,role,component,request_type,violation_type,score
1,5,5,"2016-08-10 07:12:00","User A",Analyst,"Element 2",Select,"No authorization",TRUE
2,5,9,"2016-08-10 07:12:00","User A",Analyst,"Element 2",Select,"No authorization",TRUE
3,5,11,"2016-08-10 07:12:00","User A",Analyst,"Element 2",Select,"No authorization",TRUE
4,5,13,"2016-08-10 07:12:00","User A",Analyst,"Element 2",Select,"No authorization",TRUE
5,6,5,"2016-08-10 07:27:00","User A",Analyst,"Element 2",Select,"No authorization",TRUE
6,6,9,"2016-08-10 07:27:00","User A",Analyst,"Element 2",Select,"No authorization",TRUE
7,6,11,"2016-08-10 07:27:00","User A",Analyst,"Element 2",Select,"No authorization",TRUE
8,6,13,"2016-08-10 07:27:00","User A",Analyst,"Element 2",Select,"No authorization",TRUE
9,7,5,"2016-08-10 07:41:00","User A",Analyst,"Element 2",Select,"No authorization",TRUE
10,7,9,"2016-08-10 07:41:00","User A",Analyst,"Element 2",Select,"No authorization",TRUE
11,7,11,"2016-08-10 07:41:00","User A",Analyst,"Element 2",Select,"No authorization",TRUE
12,7,13,"2016-08-10 07:41:00","User A",Analyst,"Element 2",Select,"No authorization",TRUE
13,8,6,"2016-08-10 07:55:00","User A",Analyst,"Element 3",Append,"No authorization",TRUE
14,8,8,"2016-08-10 07:55:00","User A",Analyst,"Element 3",Append,"No authorization",TRUE
15,8,10,"2016-08-10 07:55:00","User A",Analyst,"Element 3",Append,"No authorization",TRUE
16,8,12,"2016-08-10 07:55:00","User A",Analyst,"Element 3",Append,"No authorization",TRUE
17,8,14,"2016-08-10 07:55:00","User A",Analyst,"Element 3",Append,"No authorization",TRUE
18,8,16,"2016-08-10 07:55:00","User A",Analyst,"Element 3",Append,"No authorization",TRUE
19,26,1,"2016-08-10 11:46:00","User B","Business user","Element 1",Select,"No authorization",TRUE
20,26,9,"2016-08-10 11:46:00","User B","Business user","Element 1",Select,"No authorization",TRUE
21,26,11,"2016-08-10 11:46:00","User B","Business user","Element 1",Select,"No authorization",TRUE
22,26,15,"2016-08-10 11:46:00","User B","Business user","Element 1",Select,"No authorization",TRUE
23,28,1,"2016-08-10 12:15:00","User B","Business user","Element 1",Select,"No authorization",TRUE
24,28,9,"2016-08-10 12:15:00","User B","Business user","Element 1",Select,"No authorization",TRUE
25,28,11,"2016-08-10 12:15:00","User B","Business user","Element 1",Select,"No authorization",TRUE
26,28,15,"2016-08-10 12:15:00","User B","Business user","Element 1",Select,"No authorization",TRUE
27,39,1,"2016-08-10 02:53:00","User B","Business user","Element 1",Select,"No authorization",TRUE
28,39,9,"2016-08-10 02:53:00","User B","Business user","Element 1",Select,"No authorization",TRUE
29,39,11,"2016-08-10 02:53:00","User B","Business user","Element 1",Select,"No authorization",TRUE
30,39,15,"2016-08-10 02:53:00","User B","Business user","Element 1",Select,"No authorization",TRUE
31,41,1,"2016-08-10 03:22:00","User B","Business user","Element 1",Select,"No authorization",TRUE
32,41,9,"2016-08-10 03:22:00","User B","Business user","Element 1",Select,"No authorization",TRUE
33,41,11,"2016-08-10 03:22:00","User B","Business user","Element 1",Select,"No authorization",TRUE
34,41,15,"2016-08-10 03:22:00","User B","Business user","Element 1",Select,"No authorization",TRUE
35,54,1,"2016-08-10 06:29:00","User B","Business user","Element 1",Select,"No authorization",TRUE
36,54,9,"2016-08-10 06:29:00","User B","Business user","Element 1",Select,"No authorization",TRUE
37,54,11,"2016-08-10 06:29:00","User B","Business user","Element 1",Select,"No authorization",TRUE
38,54,15,"2016-08-10 06:29:00","User B","Business user","Element 1",Select,"No authorization",TRUE
39,93,1,"2016-08-11 03:51:00","User B","Business user","Element 1",Select,"No authorization",TRUE
40,93,9,"2016-08-11 03:51:00","User B","Business user","Element 1",Select,"No authorization",TRUE
41,93,11,"2016-08-11 03:51:00","User B","Business user","Element 1",Select,"No authorization",TRUE
42,93,15,"2016-08-11 03:51:00","User B","Business user","Element 1",Select,"No authorization",TRUE
43,103,3,"2016-08-11 06:15:00","User B","Business user","Table 1",Select,"No authorization",TRUE
44,103,11,"2016-08-11 06:15:00","User B","Business user","Table 1",Select,"No authorization",TRUE
45,103,13,"2016-08-11 06:15:00","User B","Business user","Table 1",Select,"No authorization",TRUE
46,103,15,"2016-08-11 06:15:00","User B","Business user","Table 1",Select,"No authorization",TRUE
47,118,3,"2016-08-11 09:51:00","User B","Business user","Table 1",Select,"No authorization",TRUE
48,118,11,"2016-08-11 09:51:00","User B","Business user","Table 1",Select,"No authorization",TRUE
49,118,13,"2016-08-11 09:51:00","User B","Business user","Table 1",Select,"No authorization",TRUE
50,118,15,"2016-08-11 09:51:00","User B","Business user","Table 1",Select,"No authorization",TRUE
51,119,3,"2016-08-11 10:05:00","User B","Business user","Table 1",Select,"No authorization",TRUE
52,119,11,"2016-08-11 10:05:00","User B","Business user","Table 1",Select,"No authorization",TRUE
53,119,13,"2016-08-11 10:05:00","User B","Business user","Table 1",Select,"No authorization",TRUE
54,119,15,"2016-08-11 10:05:00","User B","Business user","Table 1",Select,"No authorization",TRUE
55,120,3,"2016-08-11 10:19:00","User B","Business user","Table 1",Select,"No authorization",TRUE
56,120,11,"2016-08-11 10:19:00","User B","Business user","Table 1",Select,"No authorization",TRUE
57,120,13,"2016-08-11 10:19:00","User B","Business user","Table 1",Select,"No authorization",TRUE
58,120,15,"2016-08-11 10:19:00","User B","Business user","Table 1",Select,"No authorization",TRUE
59,124,5,"2016-08-11 11:17:00","User A",Analyst,"Element 2",Select,"No authorization",TRUE
60,124,9,"2016-08-11 11:17:00","User A",Analyst,"Element 2",Select,"No authorization",TRUE
61,124,11,"2016-08-11 11:17:00","User A",Analyst,"Element 2",Select,"No authorization",TRUE
62,124,13,"2016-08-11 11:17:00","User A",Analyst,"Element 2",Select,"No authorization",TRUE
63,125,5,"2016-08-11 11:31:00","User A",Analyst,"Element 2",Select,"No authorization",TRUE
64,125,9,"2016-08-11 11:31:00","User A",Analyst,"Element 2",Select,"No authorization",TRUE
65,125,11,"2016-08-11 11:31:00","User A",Analyst,"Element 2",Select,"No authorization",TRUE
66,125,13,"2016-08-11 11:31:00","User A",Analyst,"Element 2",Select,"No authorization",TRUE
67,126,5,"2016-08-11 11:46:00","User A",Analyst,"Element 2",Select,"No authorization",TRUE
68,126,9,"2016-08-11 11:46:00","User A",Analyst,"Element 2",Select,"No authorization",TRUE
69,126,11,"2016-08-11 11:46:00","User A",Analyst,"Element 2",Select,"No authorization",TRUE
70,126,13,"2016-08-11 11:46:00","User A",Analyst,"Element 2",Select,"No authorization",TRUE
71,127,6,"2016-08-11 12:00:00","User A",Analyst,"Element 3",Append,"No authorization",TRUE
72,127,8,"2016-08-11 12:00:00","User A",Analyst,"Element 3",Append,"No authorization",TRUE
73,127,10,"2016-08-11 12:00:00","User A",Analyst,"Element 3",Append,"No authorization",TRUE
74,127,12,"2016-08-11 12:00:00","User A",Analyst,"Element 3",Append,"No authorization",TRUE
75,127,14,"2016-08-11 12:00:00","User A",Analyst,"Element 3",Append,"No authorization",TRUE
76,127,16,"2016-08-11 12:00:00","User A",Analyst,"Element 3",Append,"No authorization",TRUE
77,145,1,"2016-08-11 03:51:00","User B","Business user","Element 1",Select,"No authorization",TRUE
78,145,9,"2016-08-11 03:51:00","User B","Business user","Element 1",Select,"No authorization",TRUE
79,145,11,"2016-08-11 03:51:00","User B","Business user","Element 1",Select,"No authorization",TRUE
80,145,15,"2016-08-11 03:51:00","User B","Business user","Element 1",Select,"No authorization",TRUE
81,147,1,"2016-08-11 04:19:00","User B","Business user","Element 1",Select,"No authorization",TRUE
82,147,9,"2016-08-11 04:19:00","User B","Business user","Element 1",Select,"No authorization",TRUE
83,147,11,"2016-08-11 04:19:00","User B","Business user","Element 1",Select,"No authorization",TRUE
84,147,15,"2016-08-11 04:19:00","User B","Business user","Element 1",Select,"No authorization",TRUE
85,158,1,"2016-08-11 06:58:00","User B","Business user","Element 1",Select,"No authorization",TRUE
86,158,9,"2016-08-11 06:58:00","User B","Business user","Element 1",Select,"No authorization",TRUE
87,158,11,"2016-08-11 06:58:00","User B","Business user","Element 1",Select,"No authorization",TRUE
88,158,15,"2016-08-11 06:58:00","User B","Business user","Element 1",Select,"No authorization",TRUE
89,160,1,"2016-08-11 07:27:00","User B","Business user","Element 1",Select,"No authorization",TRUE
90,160,9,"2016-08-11 07:27:00","User B","Business user","Element 1",Select,"No authorization",TRUE
91,160,11,"2016-08-11 07:27:00","User B","Business user","Element 1",Select,"No authorization",TRUE
92,160,15,"2016-08-11 07:27:00","User B","Business user","Element 1",Select,"No authorization",TRUE
93,173,1,"2016-08-11 10:34:00","User B","Business user","Element 1",Select,"No authorization",TRUE
94,173,9,"2016-08-11 10:34:00","User B","Business user","Element 1",Select,"No authorization",TRUE
95,173,11,"2016-08-11 10:34:00","User B","Business user","Element 1",Select,"No authorization",TRUE
96,173,15,"2016-08-11 10:34:00","User B","Business user","Element 1",Select,"No authorization",TRUE
97,212,1,"2016-08-12 07:55:00","User B","Business user","Element 1",Select,"No authorization",TRUE
98,212,9,"2016-08-12 07:55:00","User B","Business user","Element 1",Select,"No authorization",TRUE
99,212,11,"2016-08-12 07:55:00","User B","Business user","Element 1",Select,"No authorization",TRUE
100,212,15,"2016-08-12 07:55:00","User B","Business user","Element 1",Select,"No authorization",TRUE
101,222,3,"2016-08-12 10:19:00","User B","Business user","Table 1",Select,"No authorization",TRUE
102,222,11,"2016-08-12 10:19:00","User B","Business user","Table 1",Select,"No authorization",TRUE
103,222,13,"2016-08-12 10:19:00","User B","Business user","Table 1",Select,"No authorization",TRUE
104,222,15,"2016-08-12 10:19:00","User B","Business user","Table 1",Select,"No authorization",TRUE
105,237,3,"2016-08-12 01:55:00","User B","Business user","Table 1",Select,"No authorization",TRUE
106,237,11,"2016-08-12 01:55:00","User B","Business user","Table 1",Select,"No authorization",TRUE
107,237,13,"2016-08-12 01:55:00","User B","Business user","Table 1",Select,"No authorization",TRUE
108,237,15,"2016-08-12 01:55:00","User B","Business user","Table 1",Select,"No authorization",TRUE
109,238,3,"2016-08-12 02:10:00","User B","Business user","Table 1",Select,"No authorization",TRUE
110,238,11,"2016-08-12 02:10:00","User B","Business user","Table 1",Select,"No authorization",TRUE
111,238,13,"2016-08-12 02:10:00","User B","Business user","Table 1",Select,"No authorization",TRUE
112,238,15,"2016-08-12 02:10:00","User B","Business user","Table 1",Select,"No authorization",TRUE
113,239,3,"2016-08-12 02:24:00","User B","Business user","Table 1",Select,"No authorization",TRUE
114,239,11,"2016-08-12 02:24:00","User B","Business user","Table 1",Select,"No authorization",TRUE
115,239,13,"2016-08-12 02:24:00","User B","Business user","Table 1",Select,"No authorization",TRUE
116,239,15,"2016-08-12 02:24:00","User B","Business user","Table 1",Select,"No authorization",TRUE
117,243,5,"2016-08-12 03:22:00","User A",Analyst,"Element 2",Select,"No authorization",TRUE
118,243,9,"2016-08-12 03:22:00","User A",Analyst,"Element 2",Select,"No authorization",TRUE
119,243,11,"2016-08-12 03:22:00","User A",Analyst,"Element 2",Select,"No authorization",TRUE
120,243,13,"2016-08-12 03:22:00","User A",Analyst,"Element 2",Select,"No authorization",TRUE
121,244,5,"2016-08-12 03:36:00","User A",Analyst,"Element 2",Select,"No authorization",TRUE
122,244,9,"2016-08-12 03:36:00","User A",Analyst,"Element 2",Select,"No authorization",TRUE
123,244,11,"2016-08-12 03:36:00","User A",Analyst,"Element 2",Select,"No authorization",TRUE
124,244,13,"2016-08-12 03:36:00","User A",Analyst,"Element 2",Select,"No authorization",TRUE
125,245,5,"2016-08-12 03:51:00","User A",Analyst,"Element 2",Select,"No authorization",TRUE
126,245,9,"2016-08-12 03:51:00","User A",Analyst,"Element 2",Select,"No authorization",TRUE
127,245,11,"2016-08-12 03:51:00","User A",Analyst,"Element 2",Select,"No authorization",TRUE
128,245,13,"2016-08-12 03:51:00","User A",Analyst,"Element 2",Select,"No authorization",TRUE
129,246,6,"2016-08-12 04:05:00","User A",Analyst,"Element 3",Append,"No authorization",TRUE
130,246,8,"2016-08-12 04:05:00","User A",Analyst,"Element 3",Append,"No authorization",TRUE
131,246,10,"2016-08-12 04:05:00","User A",Analyst,"Element 3",Append,"No authorization",TRUE
132,246,12,"2016-08-12 04:05:00","User A",Analyst,"Element 3",Append,"No authorization",TRUE
133,246,14,"2016-08-12 04:05:00","User A",Analyst,"Element 3",Append,"No authorization",TRUE
134,246,16,"2016-08-12 04:05:00","User A",Analyst,"Element 3",Append,"No authorization",TRUE
135,264,1,"2016-08-12 07:55:00","User B","Business user","Element 1",Select,"No authorization",TRUE
136,264,9,"2016-08-12 07:55:00","User B","Business user","Element 1",Select,"No authorization",TRUE
137,264,11,"2016-08-12 07:55:00","User B","Business user","Element 1",Select,"No authorization",TRUE
138,264,15,"2016-08-12 07:55:00","User B","Business user","Element 1",Select,"No authorization",TRUE
139,266,1,"2016-08-12 08:24:00","User B","Business user","Element 1",Select,"No authorization",TRUE
140,266,9,"2016-08-12 08:24:00","User B","Business user","Element 1",Select,"No authorization",TRUE
141,266,11,"2016-08-12 08:24:00","User B","Business user","Element 1",Select,"No authorization",TRUE
142,266,15,"2016-08-12 08:24:00","User B","Business user","Element 1",Select,"No authorization",TRUE
143,277,1,"2016-08-12 11:03:00","User B","Business user","Element 1",Select,"No authorization",TRUE
144,277,9,"2016-08-12 11:03:00","User B","Business user","Element 1",Select,"No authorization",TRUE
145,277,11,"2016-08-12 11:03:00","User B","Business user","Element 1",Select,"No authorization",TRUE
146,277,15,"2016-08-12 11:03:00","User B","Business user","Element 1",Select,"No authorization",TRUE
147,279,1,"2016-08-12 11:31:00","User B","Business user","Element 1",Select,"No authorization",TRUE
148,279,9,"2016-08-12 11:31:00","User B","Business user","Element 1",Select,"No authorization",TRUE
149,279,11,"2016-08-12 11:31:00","User B","Business user","Element 1",Select,"No authorization",TRUE
150,279,15,"2016-08-12 11:31:00","User B","Business user","Element 1",Select,"No authorization",TRUE
151,292,1,"2016-08-13 02:39:00","User B","Business user","Element 1",Select,"No authorization",TRUE
152,292,9,"2016-08-13 02:39:00","User B","Business user","Element 1",Select,"No authorization",TRUE
153,292,11,"2016-08-13 02:39:00","User B","Business user","Element 1",Select,"No authorization",TRUE
154,292,15,"2016-08-13 02:39:00","User B","Business user","Element 1",Select,"No authorization",TRUE
155,331,1,"2016-08-13 12:00:00","User B","Business user","Element 1",Select,"No authorization",TRUE
156,331,9,"2016-08-13 12:00:00","User B","Business user","Element 1",Select,"No authorization",TRUE
157,331,11,"2016-08-13 12:00:00","User B","Business user","Element 1",Select,"No authorization",TRUE
158,331,15,"2016-08-13 12:00:00","User B","Business user","Element 1",Select,"No authorization",TRUE
159,341,3,"2016-08-13 02:24:00","User B","Business user","Table 1",Select,"No authorization",TRUE
160,341,11,"2016-08-13 02:24:00","User B","Business user","Table 1",Select,"No authorization",TRUE
161,341,13,"2016-08-13 02:24:00","User B","Business user","Table 1",Select,"No authorization",TRUE
162,341,15,"2016-08-13 02:24:00","User B","Business user","Table 1",Select,"No authorization",TRUE
163,356,3,"2016-08-13 06:00:00","User B","Business user","Table 1",Select,"No authorization",TRUE
164,356,11,"2016-08-13 06:00:00","User B","Business user","Table 1",Select,"No authorization",TRUE
165,356,13,"2016-08-13 06:00:00","User B","Business user","Table 1",Select,"No authorization",TRUE
166,356,15,"2016-08-13 06:00:00","User B","Business user","Table 1",Select,"No authorization",TRUE
167,357,3,"2016-08-13 06:15:00","User B","Business user","Table 1",Select,"No authorization",TRUE
168,357,11,"2016-08-13 06:15:00","User B","Business user","Table 1",Select,"No authorization",TRUE
169,357,13,"2016-08-13 06:15:00","User B","Business user","Table 1",Select,"No authorization",TRUE
170,357,15,"2016-08-13 06:15:00","User B","Business user","Table 1",Select,"No authorization",TRUE
171,358,3,"2016-08-13 06:29:00","User B","Business user","Table 1",Select,"No authorization",TRUE
172,358,11,"2016-08-13 06:29:00","User B","Business user","Table 1",Select,"No authorization",TRUE
173,358,13,"2016-08-13 06:29:00","User B","Business user","Table 1",Select,"No authorization",TRUE
174,358,15,"2016-08-13 06:29:00","User B","Business user","Table 1",Select,"No authorization",TRUE
175,362,5,"2016-08-13 07:27:00","User A",Analyst,"Element 2",Select,"No authorization",TRUE
176,362,9,"2016-08-13 07:27:00","User A",Analyst,"Element 2",Select,"No authorization",TRUE
177,362,11,"2016-08-13 07:27:00","User A",Analyst,"Element 2",Select,"No authorization",TRUE
178,362,13,"2016-08-13 07:27:00","User A",Analyst,"Element 2",Select,"No authorization",TRUE
179,363,5,"2016-08-13 07:41:00","User A",Analyst,"Element 2",Select,"No authorization",TRUE
180,363,9,"2016-08-13 07:41:00","User A",Analyst,"Element 2",Select,"No authorization",TRUE
181,363,11,"2016-08-13 07:41:00","User A",Analyst,"Element 2",Select,"No authorization",TRUE
182,363,13,"2016-08-13 07:41:00","User A",Analyst,"Element 2",Select,"No authorization",TRUE
183,364,5,"2016-08-13 07:55:00","User A",Analyst,"Element 2",Select,"No authorization",TRUE
184,364,9,"2016-08-13 07:55:00","User A",Analyst,"Element 2",Select,"No authorization",TRUE
185,364,11,"2016-08-13 07:55:00","User A",Analyst,"Element 2",Select,"No authorization",TRUE
186,364,13,"2016-08-13 07:55:00","User A",Analyst,"Element 2",Select,"No authorization",TRUE
187,365,6,"2016-08-13 08:10:00","User A",Analyst,"Element 3",Append,"No authorization",TRUE
188,365,8,"2016-08-13 08:10:00","User A",Analyst,"Element 3",Append,"No authorization",TRUE
189,365,10,"2016-08-13 08:10:00","User A",Analyst,"Element 3",Append,"No authorization",TRUE
190,365,12,"2016-08-13 08:10:00","User A",Analyst,"Element 3",Append,"No authorization",TRUE
191,365,14,"2016-08-13 08:10:00","User A",Analyst,"Element 3",Append,"No authorization",TRUE
192,365,16,"2016-08-13 08:10:00","User A",Analyst,"Element 3",Append,"No authorization",TRUE
193,383,1,"2016-08-14 12:00:00","User B","Business user","Element 1",Select,"No authorization",TRUE
194,383,9,"2016-08-14 12:00:00","User B","Business user","Element 1",Select,"No authorization",TRUE
195,383,11,"2016-08-14 12:00:00","User B","Business user","Element 1",Select,"No authorization",TRUE
196,383,15,"2016-08-14 12:00:00","User B","Business user","Element 1",Select,"No authorization",TRUE
197,385,1,"2016-08-14 12:29:00","User B","Business user","Element 1",Select,"No authorization",TRUE
198,385,9,"2016-08-14 12:29:00","User B","Business user","Element 1",Select,"No authorization",TRUE
199,385,11,"2016-08-14 12:29:00","User B","Business user","Element 1",Select,"No authorization",TRUE
200,385,15,"2016-08-14 12:29:00","User B","Business user","Element 1",Select,"No authorization",TRUE
201,396,1,"2016-08-14 03:07:00","User B","Business user","Element 1",Select,"No authorization",TRUE
202,396,9,"2016-08-14 03:07:00","User B","Business user","Element 1",Select,"No authorization",TRUE
203,396,11,"2016-08-14 03:07:00","User B","Business user","Element 1",Select,"No authorization",TRUE
204,396,15,"2016-08-14 03:07:00","User B","Business user","Element 1",Select,"No authorization",TRUE
205,398,1,"2016-08-14 03:36:00","User B","Business user","Element 1",Select,"No authorization",TRUE
206,398,9,"2016-08-14 03:36:00","User B","Business user","Element 1",Select,"No authorization",TRUE
207,398,11,"2016-08-14 03:36:00","User B","Business user","Element 1",Select,"No authorization",TRUE
208,398,15,"2016-08-14 03:36:00","User B","Business user","Element 1",Select,"No authorization",TRUE
209,411,1,"2016-08-14 06:43:00","User B","Business user","Element 1",Select,"No authorization",TRUE
210,411,9,"2016-08-14 06:43:00","User B","Business user","Element 1",Select,"No authorization",TRUE
211,411,11,"2016-08-14 06:43:00","User B","Business user","Element 1",Select,"No authorization",TRUE
212,411,15,"2016-08-14 06:43:00","User B","Business user","Element 1",Select,"No authorization",TRUE
213,450,1,"2016-08-14 04:05:00","User B","Business user","Element 1",Select,"No authorization",TRUE
214,450,9,"2016-08-14 04:05:00","User B","Business user","Element 1",Select,"No authorization",TRUE
215,450,11,"2016-08-14 04:05:00","User B","Business user","Element 1",Select,"No authorization",TRUE
216,450,15,"2016-08-14 04:05:00","User B","Business user","Element 1",Select,"No authorization",TRUE
217,460,3,"2016-08-14 06:29:00","User B","Business user","Table 1",Select,"No authorization",TRUE
218,460,11,"2016-08-14 06:29:00","User B","Business user","Table 1",Select,"No authorization",TRUE
219,460,13,"2016-08-14 06:29:00","User B","Business user","Table 1",Select,"No authorization",TRUE
220,460,15,"2016-08-14 06:29:00","User B","Business user","Table 1",Select,"No authorization",TRUE
221,475,3,"2016-08-14 10:05:00","User B","Business user","Table 1",Select,"No authorization",TRUE
222,475,11,"2016-08-14 10:05:00","User B","Business user","Table 1",Select,"No authorization",TRUE
223,475,13,"2016-08-14 10:05:00","User B","Business user","Table 1",Select,"No authorization",TRUE
224,475,15,"2016-08-14 10:05:00","User B","Business user","Table 1",Select,"No authorization",TRUE
225,476,3,"2016-08-14 10:19:00","User B","Business user","Table 1",Select,"No authorization",TRUE
226,476,11,"2016-08-14 10:19:00","User B","Business user","Table 1",Select,"No authorization",TRUE
227,476,13,"2016-08-14 10:19:00","User B","Business user","Table 1",Select,"No authorization",TRUE
228,476,15,"2016-08-14 10:19:00","User B","Business user","Table 1",Select,"No authorization",TRUE
229,477,3,"2016-08-14 10:34:00","User B","Business user","Table 1",Select,"No authorization",TRUE
230,477,11,"2016-08-14 10:34:00","User B","Business user","Table 1",Select,"No authorization",TRUE
231,477,13,"2016-08-14 10:34:00","User B","Business user","Table 1",Select,"No authorization",TRUE
232,477,15,"2016-08-14 10:34:00","User B","Business user","Table 1",Select,"No authorization",TRUE
233,481,5,"2016-08-14 11:31:00","User A",Analyst,"Element 2",Select,"No authorization",TRUE
234,481,9,"2016-08-14 11:31:00","User A",Analyst,"Element 2",Select,"No authorization",TRUE
235,481,11,"2016-08-14 11:31:00","User A",Analyst,"Element 2",Select,"No authorization",TRUE
236,481,13,"2016-08-14 11:31:00","User A",Analyst,"Element 2",Select,"No authorization",TRUE
237,482,5,"2016-08-14 11:46:00","User A",Analyst,"Element 2",Select,"No authorization",TRUE
238,482,9,"2016-08-14 11:46:00","User A",Analyst,"Element 2",Select,"No authorization",TRUE
239,482,11,"2016-08-14 11:46:00","User A",Analyst,"Element 2",Select,"No authorization",TRUE
240,482,13,"2016-08-14 11:46:00","User A",Analyst,"Element 2",Select,"No authorization",TRUE
241,483,5,"2016-08-15 12:00:00","User A",Analyst,"Element 2",Select,"No authorization",TRUE
242,483,9,"2016-08-15 12:00:00","User A",Analyst,"Element 2",Select,"No authorization",TRUE
243,483,11,"2016-08-15 12:00:00","User A",Analyst,"Element 2",Select,"No authorization",TRUE
244,483,13,"2016-08-15 12:00:00","User A",Analyst,"Element 2",Select,"No authorization",TRUE
245,484,6,"2016-08-15 12:15:00","User A",Analyst,"Element 3",Append,"No authorization",TRUE
246,484,8,"2016-08-15 12:15:00","User A",Analyst,"Element 3",Append,"No authorization",TRUE
247,484,10,"2016-08-15 12:15:00","User A",Analyst,"Element 3",Append,"No authorization",TRUE
248,484,12,"2016-08-15 12:15:00","User A",Analyst,"Element 3",Append,"No authorization",TRUE
249,484,14,"2016-08-15 12:15:00","User A",Analyst,"Element 3",Append,"No authorization",TRUE
250,484,16,"2016-08-15 12:15:00","User A",Analyst,"Element 3",Append,"No authorization",TRUE
251,502,1,"2016-08-15 04:05:00","User B","Business user","Element 1",Select,"No authorization",TRUE
252,502,9,"2016-08-15 04:05:00","User B","Business user","Element 1",Select,"No authorization",TRUE
253,502,11,"2016-08-15 04:05:00","User B","Business user","Element 1",Select,"No authorization",TRUE
254,502,15,"2016-08-15 04:05:00","User B","Business user","Element 1",Select,"No authorization",TRUE
255,504,1,"2016-08-15 04:34:00","User B","Business user","Element 1",Select,"No authorization",TRUE
256,504,9,"2016-08-15 04:34:00","User B","Business user","Element 1",Select,"No authorization",TRUE
257,504,11,"2016-08-15 04:34:00","User B","Business user","Element 1",Select,"No authorization",TRUE
258,504,15,"2016-08-15 04:34:00","User B","Business user","Element 1",Select,"No authorization",TRUE
259,515,1,"2016-08-15 07:12:00","User B","Business user","Element 1",Select,"No authorization",TRUE
260,515,9,"2016-08-15 07:12:00","User B","Business user","Element 1",Select,"No authorization",TRUE
261,515,11,"2016-08-15 07:12:00","User B","Business user","Element 1",Select,"No authorization",TRUE
262,515,15,"2016-08-15 07:12:00","User B","Business user","Element 1",Select,"No authorization",TRUE
263,517,1,"2016-08-15 07:41:00","User B","Business user","Element 1",Select,"No authorization",TRUE
264,517,9,"2016-08-15 07:41:00","User B","Business user","Element 1",Select,"No authorization",TRUE
265,517,11,"2016-08-15 07:41:00","User B","Business user","Element 1",Select,"No authorization",TRUE
266,517,15,"2016-08-15 07:41:00","User B","Business user","Element 1",Select,"No authorization",TRUE
267,530,1,"2016-08-15 10:48:00","User B","Business user","Element 1",Select,"No authorization",TRUE
268,530,9,"2016-08-15 10:48:00","User B","Business user","Element 1",Select,"No authorization",TRUE
269,530,11,"2016-08-15 10:48:00","User B","Business user","Element 1",Select,"No authorization",TRUE
270,530,15,"2016-08-15 10:48:00","User B","Business user","Element 1",Select,"No authorization",TRUE
271,569,1,"2016-08-15 08:10:00","User B","Business user","Element 1",Select,"No authorization",TRUE
272,569,9,"2016-08-15 08:10:00","User B","Business user","Element 1",Select,"No authorization",TRUE
273,569,11,"2016-08-15 08:10:00","User B","Business user","Element 1",Select,"No authorization",TRUE
274,569,15,"2016-08-15 08:10:00","User B","Business user","Element 1",Select,"No authorization",TRUE
275,579,3,"2016-08-15 10:34:00","User B","Business user","Table 1",Select,"No authorization",TRUE
276,579,11,"2016-08-15 10:34:00","User B","Business user","Table 1",Select,"No authorization",TRUE
277,579,13,"2016-08-15 10:34:00","User B","Business user","Table 1",Select,"No authorization",TRUE
278,579,15,"2016-08-15 10:34:00","User B","Business user","Table 1",Select,"No authorization",TRUE
279,594,3,"2016-08-16 02:10:00","User B","Business user","Table 1",Select,"No authorization",TRUE
280,594,11,"2016-08-16 02:10:00","User B","Business user","Table 1",Select,"No authorization",TRUE
281,594,13,"2016-08-16 02:10:00","User B","Business user","Table 1",Select,"No authorization",TRUE
282,594,15,"2016-08-16 02:10:00","User B","Business user","Table 1",Select,"No authorization",TRUE
283,595,3,"2016-08-16 02:24:00","User B","Business user","Table 1",Select,"No authorization",TRUE
284,595,11,"2016-08-16 02:24:00","User B","Business user","Table 1",Select,"No authorization",TRUE
285,595,13,"2016-08-16 02:24:00","User B","Business user","Table 1",Select,"No authorization",TRUE
286,595,15,"2016-08-16 02:24:00","User B","Business user","Table 1",Select,"No authorization",TRUE
287,596,3,"2016-08-16 02:39:00","User B","Business user","Table 1",Select,"No authorization",TRUE
288,596,11,"2016-08-16 02:39:00","User B","Business user","Table 1",Select,"No authorization",TRUE
289,596,13,"2016-08-16 02:39:00","User B","Business user","Table 1",Select,"No authorization",TRUE
290,596,15,"2016-08-16 02:39:00","User B","Business user","Table 1",Select,"No authorization",TRUE
291,600,5,"2016-08-16 03:36:00","User A",Analyst,"Element 2",Select,"No authorization",TRUE
292,600,9,"2016-08-16 03:36:00","User A",Analyst,"Element 2",Select,"No authorization",TRUE
293,600,11,"2016-08-16 03:36:00","User A",Analyst,"Element 2",Select,"No authorization",TRUE
294,600,13,"2016-08-16 03:36:00","User A",Analyst,"Element 2",Select,"No authorization",TRUE
295,601,5,"2016-08-16 03:51:00","User A",Analyst,"Element 2",Select,"No authorization",TRUE
296,601,9,"2016-08-16 03:51:00","User A",Analyst,"Element 2",Select,"No authorization",TRUE
297,601,11,"2016-08-16 03:51:00","User A",Analyst,"Element 2",Select,"No authorization",TRUE
298,601,13,"2016-08-16 03:51:00","User A",Analyst,"Element 2",Select,"No authorization",TRUE
299,602,5,"2016-08-16 04:05:00","User A",Analyst,"Element 2",Select,"No authorization",TRUE
300,602,9,"2016-08-16 04:05:00","User A",Analyst,"Element 2",Select,"No authorization",TRUE
301,602,11,"2016-08-16 04:05:00","User A",Analyst,"Element 2",Select,"No authorization",TRUE
302,602,13,"2016-08-16 04:05:00","User A",Analyst,"Element 2",Select,"No authorization",TRUE
303,603,6,"2016-08-16 04:19:00","User A",Analyst,"Element 3",Append,"No authorization",TRUE
304,603,8,"2016-08-16 04:19:00","User A",Analyst,"Element 3",Append,"No authorization",TRUE
305,603,10,"2016-08-16 04:19:00","User A",Analyst,"Element 3",Append,"No authorization",TRUE
306,603,12,"2016-08-16 04:19:00","User A",Analyst,"Element 3",Append,"No authorization",TRUE
307,603,14,"2016-08-16 04:19:00","User A",Analyst,"Element 3",Append,"No authorization",TRUE
308,603,16,"2016-08-16 04:19:00","User A",Analyst,"Element 3",Append,"No authorization",TRUE
309,621,1,"2016-08-16 08:10:00","User B","Business user","Element 1",Select,"No authorization",TRUE
310,621,9,"2016-08-16 08:10:00","User B","Business user","Element 1",Select,"No authorization",TRUE
311,621,11,"2016-08-16 08:10:00","User B","Business user","Element 1",Select,"No authorization",TRUE
312,621,15,"2016-08-16 08:10:00","User B","Business user","Element 1",Select,"No authorization",TRUE
313,623,1,"2016-08-16 08:39:00","User B","Business user","Element 1",Select,"No authorization",TRUE
314,623,9,"2016-08-16 08:39:00","User B","Business user","Element 1",Select,"No authorization",TRUE
315,623,11,"2016-08-16 08:39:00","User B","Business user","Element 1",Select,"No authorization",TRUE
316,623,15,"2016-08-16 08:39:00","User B","Business user","Element 1",Select,"No authorization",TRUE
317,634,1,"2016-08-16 11:17:00","User B","Business user","Element 1",Select,"No authorization",TRUE
318,634,9,"2016-08-16 11:17:00","User B","Business user","Element 1",Select,"No authorization",TRUE
319,634,11,"2016-08-16 11:17:00","User B","Business user","Element 1",Select,"No authorization",TRUE
320,634,15,"2016-08-16 11:17:00","User B","Business user","Element 1",Select,"No authorization",TRUE
321,636,1,"2016-08-16 11:46:00","User B","Business user","Element 1",Select,"No authorization",TRUE
322,636,9,"2016-08-16 11:46:00","User B","Business user","Element 1",Select,"No authorization",TRUE
323,636,11,"2016-08-16 11:46:00","User B","Business user","Element 1",Select,"No authorization",TRUE
324,636,15,"2016-08-16 11:46:00","User B","Business user","Element 1",Select,"No authorization",TRUE
325,649,1,"2016-08-16 02:53:00","User B","Business user","Element 1",Select,"No authorization",TRUE
326,649,9,"2016-08-16 02:53:00","User B","Business user","Element 1",Select,"No authorization",TRUE
327,649,11,"2016-08-16 02:53:00","User B","Business user","Element 1",Select,"No authorization",TRUE
328,649,15,"2016-08-16 02:53:00","User B","Business user","Element 1",Select,"No authorization",TRUE
329,688,1,"2016-08-17 12:15:00","User B","Business user","Element 1",Select,"No authorization",TRUE
330,688,9,"2016-08-17 12:15:00","User B","Business user","Element 1",Select,"No authorization",TRUE
331,688,11,"2016-08-17 12:15:00","User B","Business user","Element 1",Select,"No authorization",TRUE
332,688,15,"2016-08-17 12:15:00","User B","Business user","Element 1",Select,"No authorization",TRUE
333,698,3,"2016-08-17 02:39:00","User B","Business user","Table 1",Select,"No authorization",TRUE
334,698,11,"2016-08-17 02:39:00","User B","Business user","Table 1",Select,"No authorization",TRUE
335,698,13,"2016-08-17 02:39:00","User B","Business user","Table 1",Select,"No authorization",TRUE
336,698,15,"2016-08-17 02:39:00","User B","Business user","Table 1",Select,"No authorization",TRUE
337,713,3,"2016-08-17 06:15:00","User B","Business user","Table 1",Select,"No authorization",TRUE
338,713,11,"2016-08-17 06:15:00","User B","Business user","Table 1",Select,"No authorization",TRUE
339,713,13,"2016-08-17 06:15:00","User B","Business user","Table 1",Select,"No authorization",TRUE
340,713,15,"2016-08-17 06:15:00","User B","Business user","Table 1",Select,"No authorization",TRUE
341,714,3,"2016-08-17 06:29:00","User B","Business user","Table 1",Select,"No authorization",TRUE
342,714,11,"2016-08-17 06:29:00","User B","Business user","Table 1",Select,"No authorization",TRUE
343,714,13,"2016-08-17 06:29:00","User B","Business user","Table 1",Select,"No authorization",TRUE
344,714,15,"2016-08-17 06:29:00","User B","Business user","Table 1",Select,"No authorization",TRUE
345,715,3,"2016-08-17 06:43:00","User B","Business user","Table 1",Select,"No authorization",TRUE
346,715,11,"2016-08-17 06:43:00","User B","Business user","Table 1",Select,"No authorization",TRUE
347,715,13,"2016-08-17 06:43:00","User B","Business user","Table 1",Select,"No authorization",TRUE
348,715,15,"2016-08-17 06:43:00","User B","Business user","Table 1",Select,"No authorization",TRUE
349,719,5,"2016-08-17 07:41:00","User A",Analyst,"Element 2",Select,"No authorization",TRUE
350,719,9,"2016-08-17 07:41:00","User A",Analyst,"Element 2",Select,"No authorization",TRUE
351,719,11,"2016-08-17 07:41:00","User A",Analyst,"Element 2",Select,"No authorization",TRUE
352,719,13,"2016-08-17 07:41:00","User A",Analyst,"Element 2",Select,"No authorization",TRUE
353,720,5,"2016-08-17 07:55:00","User A",Analyst,"Element 2",Select,"No authorization",TRUE
354,720,9,"2016-08-17 07:55:00","User A",Analyst,"Element 2",Select,"No authorization",TRUE
355,720,11,"2016-08-17 07:55:00","User A",Analyst,"Element 2",Select,"No authorization",TRUE
356,720,13,"2016-08-17 07:55:00","User A",Analyst,"Element 2",Select,"No authorization",TRUE
357,721,5,"2016-08-17 08:10:00","User A",Analyst,"Element 2",Select,"No authorization",TRUE
358,721,9,"2016-08-17 08:10:00","User A",Analyst,"Element 2",Select,"No authorization",TRUE
359,721,11,"2016-08-17 08:10:00","User A",Analyst,"Element 2",Select,"No authorization",TRUE
360,721,13,"2016-08-17 08:10:00","User A",Analyst,"Element 2",Select,"No authorization",TRUE
361,722,6,"2016-08-17 08:24:00","User A",Analyst,"Element 3",Append,"No authorization",TRUE
362,722,8,"2016-08-17 08:24:00","User A",Analyst,"Element 3",Append,"No authorization",TRUE
363,722,10,"2016-08-17 08:24:00","User A",Analyst,"Element 3",Append,"No authorization",TRUE
364,722,12,"2016-08-17 08:24:00","User A",Analyst,"Element 3",Append,"No authorization",TRUE
365,722,14,"2016-08-17 08:24:00","User A",Analyst,"Element 3",Append,"No authorization",TRUE
366,722,16,"2016-08-17 08:24:00","User A",Analyst,"Element 3",Append,"No authorization",TRUE
367,740,1,"2016-08-17 12:15:00","User B","Business user","Element 1",Select,"No authorization",TRUE
368,740,9,"2016-08-17 12:15:00","User B","Business user","Element 1",Select,"No authorization",TRUE
369,740,11,"2016-08-17 12:15:00","User B","Business user","Element 1",Select,"No authorization",TRUE
370,740,15,"2016-08-17 12:15:00","User B","Business user","Element 1",Select,"No authorization",TRUE
371,742,1,"2016-08-17 12:43:00","User B","Business user","Element 1",Select,"No authorization",TRUE
372,742,9,"2016-08-17 12:43:00","User B","Business user","Element 1",Select,"No authorization",TRUE
373,742,11,"2016-08-17 12:43:00","User B","Business user","Element 1",Select,"No authorization",TRUE
374,742,15,"2016-08-17 12:43:00","User B","Business user","Element 1",Select,"No authorization",TRUE
375,753,1,"2016-08-17 03:22:00","User B","Business user","Element 1",Select,"No authorization",TRUE
376,753,9,"2016-08-17 03:22:00","User B","Business user","Element 1",Select,"No authorization",TRUE
377,753,11,"2016-08-17 03:22:00","User B","Business user","Element 1",Select,"No authorization",TRUE
378,753,15,"2016-08-17 03:22:00","User B","Business user","Element 1",Select,"No authorization",TRUE
379,755,1,"2016-08-17 03:51:00","User B","Business user","Element 1",Select,"No authorization",TRUE
380,755,9,"2016-08-17 03:51:00","User B","Business user","Element 1",Select,"No authorization",TRUE
381,755,11,"2016-08-17 03:51:00","User B","Business user","Element 1",Select,"No authorization",TRUE
382,755,15,"2016-08-17 03:51:00","User B","Business user","Element 1",Select,"No authorization",TRUE
383,768,1,"2016-08-17 06:58:00","User B","Business user","Element 1",Select,"No authorization",TRUE
384,768,9,"2016-08-17 06:58:00","User B","Business user","Element 1",Select,"No authorization",TRUE
385,768,11,"2016-08-17 06:58:00","User B","Business user","Element 1",Select,"No authorization",TRUE
386,768,15,"2016-08-17 06:58:00","User B","Business user","Element 1",Select,"No authorization",TRUE
387,807,1,"2016-08-18 04:19:00","User B","Business user","Element 1",Select,"No authorization",TRUE
388,807,9,"2016-08-18 04:19:00","User B","Business user","Element 1",Select,"No authorization",TRUE
389,807,11,"2016-08-18 04:19:00","User B","Business user","Element 1",Select,"No authorization",TRUE
390,807,15,"2016-08-18 04:19:00","User B","Business user","Element 1",Select,"No authorization",TRUE
391,817,3,"2016-08-18 06:43:00","User B","Business user","Table 1",Select,"No authorization",TRUE
392,817,11,"2016-08-18 06:43:00","User B","Business user","Table 1",Select,"No authorization",TRUE
393,817,13,"2016-08-18 06:43:00","User B","Business user","Table 1",Select,"No authorization",TRUE
394,817,15,"2016-08-18 06:43:00","User B","Business user","Table 1",Select,"No authorization",TRUE
395,832,3,"2016-08-18 10:19:00","User B","Business user","Table 1",Select,"No authorization",TRUE
396,832,11,"2016-08-18 10:19:00","User B","Business user","Table 1",Select,"No authorization",TRUE
397,832,13,"2016-08-18 10:19:00","User B","Business user","Table 1",Select,"No authorization",TRUE
398,832,15,"2016-08-18 10:19:00","User B","Business user","Table 1",Select,"No authorization",TRUE
399,833,3,"2016-08-18 10:34:00","User B","Business user","Table 1",Select,"No authorization",TRUE
400,833,11,"2016-08-18 10:34:00","User B","Business user","Table 1",Select,"No authorization",TRUE
401,833,13,"2016-08-18 10:34:00","User B","Business user","Table 1",Select,"No authorization",TRUE
402,833,15,"2016-08-18 10:34:00","User B","Business user","Table 1",Select,"No authorization",TRUE
403,834,3,"2016-08-18 10:48:00","User B","Business user","Table 1",Select,"No authorization",TRUE
404,834,11,"2016-08-18 10:48:00","User B","Business user","Table 1",Select,"No authorization",TRUE
405,834,13,"2016-08-18 10:48:00","User B","Business user","Table 1",Select,"No authorization",TRUE
406,834,15,"2016-08-18 10:48:00","User B","Business user","Table 1",Select,"No authorization",TRUE
407,838,5,"2016-08-18 11:46:00","User A",Analyst,"Element 2",Select,"No authorization",TRUE
408,838,9,"2016-08-18 11:46:00","User A",Analyst,"Element 2",Select,"No authorization",TRUE
409,838,11,"2016-08-18 11:46:00","User A",Analyst,"Element 2",Select,"No authorization",TRUE
410,838,13,"2016-08-18 11:46:00","User A",Analyst,"Element 2",Select,"No authorization",TRUE
411,839,5,"2016-08-18 12:00:00","User A",Analyst,"Element 2",Select,"No authorization",TRUE
412,839,9,"2016-08-18 12:00:00","User A",Analyst,"Element 2",Select,"No authorization",TRUE
413,839,11,"2016-08-18 12:00:00","User A",Analyst,"Element 2",Select,"No authorization",TRUE
414,839,13,"2016-08-18 12:00:00","User A",Analyst,"Element 2",Select,"No authorization",TRUE
415,840,5,"2016-08-18 12:15:00","User A",Analyst,"Element 2",Select,"No authorization",TRUE
416,840,9,"2016-08-18 12:15:00","User A",Analyst,"Element 2",Select,"No authorization",TRUE
417,840,11,"2016-08-18 12:15:00","User A",Analyst,"Element 2",Select,"No authorization",TRUE
418,840,13,"2016-08-18 12:15:00","User A",Analyst,"Element 2",Select,"No authorization",TRUE
419,841,6,"2016-08-18 12:29:00","User A",Analyst,"Element 3",Append,"No authorization",TRUE
420,841,8,"2016-08-18 12:29:00","User A",Analyst,"Element 3",Append,"No authorization",TRUE
421,841,10,"2016-08-18 12:29:00","User A",Analyst,"Element 3",Append,"No authorization",TRUE
422,841,12,"2016-08-18 12:29:00","User A",Analyst,"Element 3",Append,"No authorization",TRUE
423,841,14,"2016-08-18 12:29:00","User A",Analyst,"Element 3",Append,"No authorization",TRUE
424,841,16,"2016-08-18 12:29:00","User A",Analyst,"Element 3",Append,"No authorization",TRUE
425,859,1,"2016-08-18 04:19:00","User B","Business user","Element 1",Select,"No authorization",TRUE
426,859,9,"2016-08-18 04:19:00","User B","Business user","Element 1",Select,"No authorization",TRUE
427,859,11,"2016-08-18 04:19:00","User B","Business user","Element 1",Select,"No authorization",TRUE
428,859,15,"2016-08-18 04:19:00","User B","Business user","Element 1",Select,"No authorization",TRUE
429,861,1,"2016-08-18 04:48:00","User B","Business user","Element 1",Select,"No authorization",TRUE
430,861,9,"2016-08-18 04:48:00","User B","Business user","Element 1",Select,"No authorization",TRUE
431,861,11,"2016-08-18 04:48:00","User B","Business user","Element 1",Select,"No authorization",TRUE
432,861,15,"2016-08-18 04:48:00","User B","Business user","Element 1",Select,"No authorization",TRUE
433,872,1,"2016-08-18 07:27:00","User B","Business user","Element 1",Select,"No authorization",TRUE
434,872,9,"2016-08-18 07:27:00","User B","Business user","Element 1",Select,"No authorization",TRUE
435,872,11,"2016-08-18 07:27:00","User B","Business user","Element 1",Select,"No authorization",TRUE
436,872,15,"2016-08-18 07:27:00","User B","Business user","Element 1",Select,"No authorization",TRUE
437,874,1,"2016-08-18 07:55:00","User B","Business user","Element 1",Select,"No authorization",TRUE
438,874,9,"2016-08-18 07:55:00","User B","Business user","Element 1",Select,"No authorization",TRUE
439,874,11,"2016-08-18 07:55:00","User B","Business user","Element 1",Select,"No authorization",TRUE
440,874,15,"2016-08-18 07:55:00","User B","Business user","Element 1",Select,"No authorization",TRUE
441,887,1,"2016-08-18 11:03:00","User B","Business user","Element 1",Select,"No authorization",TRUE
442,887,9,"2016-08-18 11:03:00","User B","Business user","Element 1",Select,"No authorization",TRUE
443,887,11,"2016-08-18 11:03:00","User B","Business user","Element 1",Select,"No authorization",TRUE
444,887,15,"2016-08-18 11:03:00","User B","Business user","Element 1",Select,"No authorization",TRUE
445,926,1,"2016-08-19 08:24:00","User B","Business user","Element 1",Select,"No authorization",TRUE
446,926,9,"2016-08-19 08:24:00","User B","Business user","Element 1",Select,"No authorization",TRUE
447,926,11,"2016-08-19 08:24:00","User B","Business user","Element 1",Select,"No authorization",TRUE
448,926,15,"2016-08-19 08:24:00","User B","Business user","Element 1",Select,"No authorization",TRUE
449,936,3,"2016-08-19 10:48:00","User B","Business user","Table 1",Select,"No authorization",TRUE
450,936,11,"2016-08-19 10:48:00","User B","Business user","Table 1",Select,"No authorization",TRUE
451,936,13,"2016-08-19 10:48:00","User B","Business user","Table 1",Select,"No authorization",TRUE
452,936,15,"2016-08-19 10:48:00","User B","Business user","Table 1",Select,"No authorization",TRUE
453,951,3,"2016-08-19 02:24:00","User B","Business user","Table 1",Select,"No authorization",TRUE
454,951,11,"2016-08-19 02:24:00","User B","Business user","Table 1",Select,"No authorization",TRUE
455,951,13,"2016-08-19 02:24:00","User B","Business user","Table 1",Select,"No authorization",TRUE
456,951,15,"2016-08-19 02:24:00","User B","Business user","Table 1",Select,"No authorization",TRUE
457,952,3,"2016-08-19 02:39:00","User B","Business user","Table 1",Select,"No authorization",TRUE
458,952,11,"2016-08-19 02:39:00","User B","Business user","Table 1",Select,"No authorization",TRUE
459,952,13,"2016-08-19 02:39:00","User B","Business user","Table 1",Select,"No authorization",TRUE
460,952,15,"2016-08-19 02:39:00","User B","Business user","Table 1",Select,"No authorization",TRUE
461,953,3,"2016-08-19 02:53:00","User B","Business user","Table 1",Select,"No authorization",TRUE
462,953,11,"2016-08-19 02:53:00","User B","Business user","Table 1",Select,"No authorization",TRUE
463,953,13,"2016-08-19 02:53:00","User B","Business user","Table 1",Select,"No authorization",TRUE
464,953,15,"2016-08-19 02:53:00","User B","Business user","Table 1",Select,"No authorization",TRUE
465,958,5,"2016-08-19 07:12:00","User A",Analyst,"Element 2",Select,"No authorization",TRUE
466,958,9,"2016-08-19 07:12:00","User A",Analyst,"Element 2",Select,"No authorization",TRUE
467,958,11,"2016-08-19 07:12:00","User A",Analyst,"Element 2",Select,"No authorization",TRUE
468,958,13,"2016-08-19 07:12:00","User A",Analyst,"Element 2",Select,"No authorization",TRUE
469,959,5,"2016-08-19 07:27:00","User A",Analyst,"Element 2",Select,"No authorization",TRUE
470,959,9,"2016-08-19 07:27:00","User A",Analyst,"Element 2",Select,"No authorization",TRUE
471,959,11,"2016-08-19 07:27:00","User A",Analyst,"Element 2",Select,"No authorization",TRUE
472,959,13,"2016-08-19 07:27:00","User A",Analyst,"Element 2",Select,"No authorization",TRUE
473,960,5,"2016-08-19 07:41:00","User A",Analyst,"Element 2",Select,"No authorization",TRUE
474,960,9,"2016-08-19 07:41:00","User A",Analyst,"Element 2",Select,"No authorization",TRUE
475,960,11,"2016-08-19 07:41:00","User A",Analyst,"Element 2",Select,"No authorization",TRUE
476,960,13,"2016-08-19 07:41:00","User A",Analyst,"Element 2",Select,"No authorization",TRUE
477,961,6,"2016-08-19 07:55:00","User A",Analyst,"Element 3",Append,"No authorization",TRUE
478,961,8,"2016-08-19 07:55:00","User A",Analyst,"Element 3",Append,"No authorization",TRUE
479,961,10,"2016-08-19 07:55:00","User A",Analyst,"Element 3",Append,"No authorization",TRUE
480,961,12,"2016-08-19 07:55:00","User A",Analyst,"Element 3",Append,"No authorization",TRUE
481,961,14,"2016-08-19 07:55:00","User A",Analyst,"Element 3",Append,"No authorization",TRUE
482,961,16,"2016-08-19 07:55:00","User A",Analyst,"Element 3",Append,"No authorization",TRUE
483,979,1,"2016-08-19 11:46:00","User B","Business user","Element 1",Select,"No authorization",TRUE
484,979,9,"2016-08-19 11:46:00","User B","Business user","Element 1",Select,"No authorization",TRUE
485,979,11,"2016-08-19 11:46:00","User B","Business user","Element 1",Select,"No authorization",TRUE
486,979,15,"2016-08-19 11:46:00","User B","Business user","Element 1",Select,"No authorization",TRUE
487,981,1,"2016-08-19 12:15:00","User B","Business user","Element 1",Select,"No authorization",TRUE
488,981,9,"2016-08-19 12:15:00","User B","Business user","Element 1",Select,"No authorization",TRUE
489,981,11,"2016-08-19 12:15:00","User B","Business user","Element 1",Select,"No authorization",TRUE
490,981,15,"2016-08-19 12:15:00","User B","Business user","Element 1",Select,"No authorization",TRUE
491,992,1,"2016-08-19 02:53:00","User B","Business user","Element 1",Select,"No authorization",TRUE
492,992,9,"2016-08-19 02:53:00","User B","Business user","Element 1",Select,"No authorization",TRUE
493,992,11,"2016-08-19 02:53:00","User B","Business user","Element 1",Select,"No authorization",TRUE
494,992,15,"2016-08-19 02:53:00","User B","Business user","Element 1",Select,"No authorization",TRUE
495,994,1,"2016-08-19 03:22:00","User B","Business user","Element 1",Select,"No authorization",TRUE
496,994,9,"2016-08-19 03:22:00","User B","Business user","Element 1",Select,"No authorization",TRUE
497,994,11,"2016-08-19 03:22:00","User B","Business user","Element 1",Select,"No authorization",TRUE
498,994,15,"2016-08-19 03:22:00","User B","Business user","Element 1",Select,"No authorization",TRUE
499,1007,1,"2016-08-19 06:29:00","User B","Business user","Element 1",Select,"No authorization",TRUE
500,1007,9,"2016-08-19 06:29:00","User B","Business user","Element 1",Select,"No authorization",TRUE
501,1007,11,"2016-08-19 06:29:00","User B","Business user","Element 1",Select,"No authorization",TRUE
502,1007,15,"2016-08-19 06:29:00","User B","Business user","Element 1",Select,"No authorization",TRUE
503,1046,1,"2016-08-20 03:51:00","User B","Business user","Element 1",Select,"No authorization",TRUE
504,1046,9,"2016-08-20 03:51:00","User B","Business user","Element 1",Select,"No authorization",TRUE
505,1046,11,"2016-08-20 03:51:00","User B","Business user","Element 1",Select,"No authorization",TRUE
506,1046,15,"2016-08-20 03:51:00","User B","Business user","Element 1",Select,"No authorization",TRUE
507,1056,3,"2016-08-20 06:15:00","User B","Business user","Table 1",Select,"No authorization",TRUE
508,1056,11,"2016-08-20 06:15:00","User B","Business user","Table 1",Select,"No authorization",TRUE
509,1056,13,"2016-08-20 06:15:00","User B","Business user","Table 1",Select,"No authorization",TRUE
510,1056,15,"2016-08-20 06:15:00","User B","Business user","Table 1",Select,"No authorization",TRUE
511,1071,3,"2016-08-20 09:51:00","User B","Business user","Table 1",Select,"No authorization",TRUE
512,1071,11,"2016-08-20 09:51:00","User B","Business user","Table 1",Select,"No authorization",TRUE
513,1071,13,"2016-08-20 09:51:00","User B","Business user","Table 1",Select,"No authorization",TRUE
514,1071,15,"2016-08-20 09:51:00","User B","Business user","Table 1",Select,"No authorization",TRUE
515,1072,3,"2016-08-20 10:05:00","User B","Business user","Table 1",Select,"No authorization",TRUE
516,1072,11,"2016-08-20 10:05:00","User B","Business user","Table 1",Select,"No authorization",TRUE
517,1072,13,"2016-08-20 10:05:00","User B","Business user","Table 1",Select,"No authorization",TRUE
518,1072,15,"2016-08-20 10:05:00","User B","Business user","Table 1",Select,"No authorization",TRUE
519,1073,3,"2016-08-20 10:19:00","User B","Business user","Table 1",Select,"No authorization",TRUE
520,1073,11,"2016-08-20 10:19:00","User B","Business user","Table 1",Select,"No authorization",TRUE
521,1073,13,"2016-08-20 10:19:00","User B","Business user","Table 1",Select,"No authorization",TRUE
522,1073,15,"2016-08-20 10:19:00","User B","Business user","Table 1",Select,"No authorization",TRUE
523,1078,5,"2016-08-20 07:12:00","User A",Analyst,"Element 2",Select,"No authorization",TRUE
524,1078,9,"2016-08-20 07:12:00","User A",Analyst,"Element 2",Select,"No authorization",TRUE
525,1078,11,"2016-08-20 07:12:00","User A",Analyst,"Element 2",Select,"No authorization",TRUE
526,1078,13,"2016-08-20 07:12:00","User A",Analyst,"Element 2",Select,"No authorization",TRUE
527,1079,5,"2016-08-20 07:27:00","User A",Analyst,"Element 2",Select,"No authorization",TRUE
528,1079,9,"2016-08-20 07:27:00","User A",Analyst,"Element 2",Select,"No authorization",TRUE
529,1079,11,"2016-08-20 07:27:00","User A",Analyst,"Element 2",Select,"No authorization",TRUE
530,1079,13,"2016-08-20 07:27:00","User A",Analyst,"Element 2",Select,"No authorization",TRUE
531,1080,5,"2016-08-20 07:41:00","User A",Analyst,"Element 2",Select,"No authorization",TRUE
532,1080,9,"2016-08-20 07:41:00","User A",Analyst,"Element 2",Select,"No authorization",TRUE
533,1080,11,"2016-08-20 07:41:00","User A",Analyst,"Element 2",Select,"No authorization",TRUE
534,1080,13,"2016-08-20 07:41:00","User A",Analyst,"Element 2",Select,"No authorization",TRUE
535,1081,6,"2016-08-20 07:55:00","User A",Analyst,"Element 3",Append,"No authorization",TRUE
536,1081,8,"2016-08-20 07:55:00","User A",Analyst,"Element 3",Append,"No authorization",TRUE
537,1081,10,"2016-08-20 07:55:00","User A",Analyst,"Element 3",Append,"No authorization",TRUE
538,1081,12,"2016-08-20 07:55:00","User A",Analyst,"Element 3",Append,"No authorization",TRUE
539,1081,14,"2016-08-20 07:55:00","User A",Analyst,"Element 3",Append,"No authorization",TRUE
540,1081,16,"2016-08-20 07:55:00","User A",Analyst,"Element 3",Append,"No authorization",TRUE
541,1099,1,"2016-08-20 11:46:00","User B","Business user","Element 1",Select,"No authorization",TRUE
542,1099,9,"2016-08-20 11:46:00","User B","Business user","Element 1",Select,"No authorization",TRUE
543,1099,11,"2016-08-20 11:46:00","User B","Business user","Element 1",Select,"No authorization",TRUE
544,1099,15,"2016-08-20 11:46:00","User B","Business user","Element 1",Select,"No authorization",TRUE
545,1101,1,"2016-08-20 12:15:00","User B","Business user","Element 1",Select,"No authorization",TRUE
546,1101,9,"2016-08-20 12:15:00","User B","Business user","Element 1",Select,"No authorization",TRUE
547,1101,11,"2016-08-20 12:15:00","User B","Business user","Element 1",Select,"No authorization",TRUE
548,1101,15,"2016-08-20 12:15:00","User B","Business user","Element 1",Select,"No authorization",TRUE
549,1112,1,"2016-08-20 02:53:00","User B","Business user","Element 1",Select,"No authorization",TRUE
550,1112,9,"2016-08-20 02:53:00","User B","Business user","Element 1",Select,"No authorization",TRUE
551,1112,11,"2016-08-20 02:53:00","User B","Business user","Element 1",Select,"No authorization",TRUE
552,1112,15,"2016-08-20 02:53:00","User B","Business user","Element 1",Select,"No authorization",TRUE
553,1114,1,"2016-08-20 03:22:00","User B","Business user","Element 1",Select,"No authorization",TRUE
554,1114,9,"2016-08-20 03:22:00","User B","Business user","Element 1",Select,"No authorization",TRUE
555,1114,11,"2016-08-20 03:22:00","User B","Business user","Element 1",Select,"No authorization",TRUE
556,1114,15,"2016-08-20 03:22:00","User B","Business user","Element 1",Select,"No authorization",TRUE
557,1127,1,"2016-08-20 06:29:00","User B","Business user","Element 1",Select,"No authorization",TRUE
558,1127,9,"2016-08-20 06:29:00","User B","Business user","Element 1",Select,"No authorization",TRUE
559,1127,11,"2016-08-20 06:29:00","User B","Business user","Element 1",Select,"No authorization",TRUE
560,1127,15,"2016-08-20 06:29:00","User B","Business user","Element 1",Select,"No authorization",TRUE
561,1166,1,"2016-08-21 03:51:00","User B","Business user","Element 1",Select,"No authorization",TRUE
562,1166,9,"2016-08-21 03:51:00","User B","Business user","Element 1",Select,"No authorization",TRUE
563,1166,11,"2016-08-21 03:51:00","User B","Business user","Element 1",Select,"No authorization",TRUE
564,1166,15,"2016-08-21 03:51:00","User B","Business user","Element 1",Select,"No authorization",TRUE
565,1176,3,"2016-08-21 06:15:00","User B","Business user","Table 1",Select,"No authorization",TRUE
566,1176,11,"2016-08-21 06:15:00","User B","Business user","Table 1",Select,"No authorization",TRUE
567,1176,13,"2016-08-21 06:15:00","User B","Business user","Table 1",Select,"No authorization",TRUE
568,1176,15,"2016-08-21 06:15:00","User B","Business user","Table 1",Select,"No authorization",TRUE
569,1191,3,"2016-08-21 09:51:00","User B","Business user","Table 1",Select,"No authorization",TRUE
570,1191,11,"2016-08-21 09:51:00","User B","Business user","Table 1",Select,"No authorization",TRUE
571,1191,13,"2016-08-21 09:51:00","User B","Business user","Table 1",Select,"No authorization",TRUE
572,1191,15,"2016-08-21 09:51:00","User B","Business user","Table 1",Select,"No authorization",TRUE
573,1192,3,"2016-08-21 10:05:00","User B","Business user","Table 1",Select,"No authorization",TRUE
574,1192,11,"2016-08-21 10:05:00","User B","Business user","Table 1",Select,"No authorization",TRUE
575,1192,13,"2016-08-21 10:05:00","User B","Business user","Table 1",Select,"No authorization",TRUE
576,1192,15,"2016-08-21 10:05:00","User B","Business user","Table 1",Select,"No authorization",TRUE
577,1193,3,"2016-08-21 10:19:00","User B","Business user","Table 1",Select,"No authorization",TRUE
578,1193,11,"2016-08-21 10:19:00","User B","Business user","Table 1",Select,"No authorization",TRUE
579,1193,13,"2016-08-21 10:19:00","User B","Business user","Table 1",Select,"No authorization",TRUE
580,1193,15,"2016-08-21 10:19:00","User B","Business user","Table 1",Select,"No authorization",TRUE
581,1198,5,"2016-08-22 11:16:00","User A",Analyst,"Element 2",Select,"No authorization",TRUE
582,1198,9,"2016-08-22 11:16:00","User A",Analyst,"Element 2",Select,"No authorization",TRUE
583,1198,11,"2016-08-22 11:16:00","User A",Analyst,"Element 2",Select,"No authorization",TRUE
584,1198,13,"2016-08-22 11:16:00","User A",Analyst,"Element 2",Select,"No authorization",TRUE
585,1199,5,"2016-08-22 11:31:00","User A",Analyst,"Element 2",Select,"No authorization",TRUE
586,1199,9,"2016-08-22 11:31:00","User A",Analyst,"Element 2",Select,"No authorization",TRUE
587,1199,11,"2016-08-22 11:31:00","User A",Analyst,"Element 2",Select,"No authorization",TRUE
588,1199,13,"2016-08-22 11:31:00","User A",Analyst,"Element 2",Select,"No authorization",TRUE
589,1200,5,"2016-08-22 11:45:00","User A",Analyst,"Element 2",Select,"No authorization",TRUE
590,1200,9,"2016-08-22 11:45:00","User A",Analyst,"Element 2",Select,"No authorization",TRUE
591,1200,11,"2016-08-22 11:45:00","User A",Analyst,"Element 2",Select,"No authorization",TRUE
592,1200,13,"2016-08-22 11:45:00","User A",Analyst,"Element 2",Select,"No authorization",TRUE
593,1201,6,"2016-08-22 11:59:00","User A",Analyst,"Element 3",Append,"No authorization",TRUE
594,1201,8,"2016-08-22 11:59:00","User A",Analyst,"Element 3",Append,"No authorization",TRUE
595,1201,10,"2016-08-22 11:59:00","User A",Analyst,"Element 3",Append,"No authorization",TRUE
596,1201,12,"2016-08-22 11:59:00","User A",Analyst,"Element 3",Append,"No authorization",TRUE
597,1201,14,"2016-08-22 11:59:00","User A",Analyst,"Element 3",Append,"No authorization",TRUE
598,1201,16,"2016-08-22 11:59:00","User A",Analyst,"Element 3",Append,"No authorization",TRUE
599,1219,1,"2016-08-22 04:19:00","User B","Business user","Element 1",Select,"No authorization",TRUE
600,1219,9,"2016-08-22 04:19:00","User B","Business user","Element 1",Select,"No authorization",TRUE
601,1219,11,"2016-08-22 04:19:00","User B","Business user","Element 1",Select,"No authorization",TRUE
602,1219,15,"2016-08-22 04:19:00","User B","Business user","Element 1",Select,"No authorization",TRUE
603,1221,1,"2016-08-22 04:47:00","User B","Business user","Element 1",Select,"No authorization",TRUE
604,1221,9,"2016-08-22 04:47:00","User B","Business user","Element 1",Select,"No authorization",TRUE
605,1221,11,"2016-08-22 04:47:00","User B","Business user","Element 1",Select,"No authorization",TRUE
606,1221,15,"2016-08-22 04:47:00","User B","Business user","Element 1",Select,"No authorization",TRUE
607,1232,1,"2016-08-22 07:26:00","User B","Business user","Element 1",Select,"No authorization",TRUE
608,1232,9,"2016-08-22 07:26:00","User B","Business user","Element 1",Select,"No authorization",TRUE
609,1232,11,"2016-08-22 07:26:00","User B","Business user","Element 1",Select,"No authorization",TRUE
610,1232,15,"2016-08-22 07:26:00","User B","Business user","Element 1",Select,"No authorization",TRUE
611,1234,1,"2016-08-22 07:55:00","User B","Business user","Element 1",Select,"No authorization",TRUE
612,1234,9,"2016-08-22 07:55:00","User B","Business user","Element 1",Select,"No authorization",TRUE
613,1234,11,"2016-08-22 07:55:00","User B","Business user","Element 1",Select,"No authorization",TRUE
614,1234,15,"2016-08-22 07:55:00","User B","Business user","Element 1",Select,"No authorization",TRUE
615,1247,1,"2016-08-22 11:02:00","User B","Business user","Element 1",Select,"No authorization",TRUE
616,1247,9,"2016-08-22 11:02:00","User B","Business user","Element 1",Select,"No authorization",TRUE
617,1247,11,"2016-08-22 11:02:00","User B","Business user","Element 1",Select,"No authorization",TRUE
618,1247,15,"2016-08-22 11:02:00","User B","Business user","Element 1",Select,"No authorization",TRUE
619,1286,1,"2016-08-23 08:23:00","User B","Business user","Element 1",Select,"No authorization",TRUE
620,1286,9,"2016-08-23 08:23:00","User B","Business user","Element 1",Select,"No authorization",TRUE
621,1286,11,"2016-08-23 08:23:00","User B","Business user","Element 1",Select,"No authorization",TRUE
622,1286,15,"2016-08-23 08:23:00","User B","Business user","Element 1",Select,"No authorization",TRUE
623,1296,3,"2016-08-23 10:47:00","User B","Business user","Table 1",Select,"No authorization",TRUE
624,1296,11,"2016-08-23 10:47:00","User B","Business user","Table 1",Select,"No authorization",TRUE
625,1296,13,"2016-08-23 10:47:00","User B","Business user","Table 1",Select,"No authorization",TRUE
626,1296,15,"2016-08-23 10:47:00","User B","Business user","Table 1",Select,"No authorization",TRUE
627,1311,3,"2016-08-23 02:23:00","User B","Business user","Table 1",Select,"No authorization",TRUE
628,1311,11,"2016-08-23 02:23:00","User B","Business user","Table 1",Select,"No authorization",TRUE
629,1311,13,"2016-08-23 02:23:00","User B","Business user","Table 1",Select,"No authorization",TRUE
630,1311,15,"2016-08-23 02:23:00","User B","Business user","Table 1",Select,"No authorization",TRUE
631,1312,3,"2016-08-23 02:38:00","User B","Business user","Table 1",Select,"No authorization",TRUE
632,1312,11,"2016-08-23 02:38:00","User B","Business user","Table 1",Select,"No authorization",TRUE
633,1312,13,"2016-08-23 02:38:00","User B","Business user","Table 1",Select,"No authorization",TRUE
634,1312,15,"2016-08-23 02:38:00","User B","Business user","Table 1",Select,"No authorization",TRUE
635,1313,3,"2016-08-23 02:52:00","User B","Business user","Table 1",Select,"No authorization",TRUE
636,1313,11,"2016-08-23 02:52:00","User B","Business user","Table 1",Select,"No authorization",TRUE
637,1313,13,"2016-08-23 02:52:00","User B","Business user","Table 1",Select,"No authorization",TRUE
638,1313,15,"2016-08-23 02:52:00","User B","Business user","Table 1",Select,"No authorization",TRUE
639,1317,5,"2016-08-23 03:50:00","User A",Analyst,"Element 2",Select,"No authorization",TRUE
640,1317,9,"2016-08-23 03:50:00","User A",Analyst,"Element 2",Select,"No authorization",TRUE
641,1317,11,"2016-08-23 03:50:00","User A",Analyst,"Element 2",Select,"No authorization",TRUE
642,1317,13,"2016-08-23 03:50:00","User A",Analyst,"Element 2",Select,"No authorization",TRUE
643,1318,5,"2016-08-23 04:04:00","User A",Analyst,"Element 2",Select,"No authorization",TRUE
644,1318,9,"2016-08-23 04:04:00","User A",Analyst,"Element 2",Select,"No authorization",TRUE
645,1318,11,"2016-08-23 04:04:00","User A",Analyst,"Element 2",Select,"No authorization",TRUE
646,1318,13,"2016-08-23 04:04:00","User A",Analyst,"Element 2",Select,"No authorization",TRUE
647,1319,5,"2016-08-23 04:19:00","User A",Analyst,"Element 2",Select,"No authorization",TRUE
648,1319,9,"2016-08-23 04:19:00","User A",Analyst,"Element 2",Select,"No authorization",TRUE
649,1319,11,"2016-08-23 04:19:00","User A",Analyst,"Element 2",Select,"No authorization",TRUE
650,1319,13,"2016-08-23 04:19:00","User A",Analyst,"Element 2",Select,"No authorization",TRUE
651,1320,6,"2016-08-23 04:33:00","User A",Analyst,"Element 3",Append,"No authorization",TRUE
652,1320,8,"2016-08-23 04:33:00","User A",Analyst,"Element 3",Append,"No authorization",TRUE
653,1320,10,"2016-08-23 04:33:00","User A",Analyst,"Element 3",Append,"No authorization",TRUE
654,1320,12,"2016-08-23 04:33:00","User A",Analyst,"Element 3",Append,"No authorization",TRUE
655,1320,14,"2016-08-23 04:33:00","User A",Analyst,"Element 3",Append,"No authorization",TRUE
656,1320,16,"2016-08-23 04:33:00","User A",Analyst,"Element 3",Append,"No authorization",TRUE
657,1338,1,"2016-08-23 08:52:00","User B","Business user","Element 1",Select,"No authorization",TRUE
658,1338,9,"2016-08-23 08:52:00","User B","Business user","Element 1",Select,"No authorization",TRUE
659,1338,11,"2016-08-23 08:52:00","User B","Business user","Element 1",Select,"No authorization",TRUE
660,1338,15,"2016-08-23 08:52:00","User B","Business user","Element 1",Select,"No authorization",TRUE
661,1340,1,"2016-08-23 09:21:00","User B","Business user","Element 1",Select,"No authorization",TRUE
662,1340,9,"2016-08-23 09:21:00","User B","Business user","Element 1",Select,"No authorization",TRUE
663,1340,11,"2016-08-23 09:21:00","User B","Business user","Element 1",Select,"No authorization",TRUE
664,1340,15,"2016-08-23 09:21:00","User B","Business user","Element 1",Select,"No authorization",TRUE
665,1351,1,"2016-08-23 11:59:00","User B","Business user","Element 1",Select,"No authorization",TRUE
666,1351,9,"2016-08-23 11:59:00","User B","Business user","Element 1",Select,"No authorization",TRUE
667,1351,11,"2016-08-23 11:59:00","User B","Business user","Element 1",Select,"No authorization",TRUE
668,1351,15,"2016-08-23 11:59:00","User B","Business user","Element 1",Select,"No authorization",TRUE
669,1353,1,"2016-08-24 12:28:00","User B","Business user","Element 1",Select,"No authorization",TRUE
670,1353,9,"2016-08-24 12:28:00","User B","Business user","Element 1",Select,"No authorization",TRUE
671,1353,11,"2016-08-24 12:28:00","User B","Business user","Element 1",Select,"No authorization",TRUE
672,1353,15,"2016-08-24 12:28:00","User B","Business user","Element 1",Select,"No authorization",TRUE
673,1366,1,"2016-08-24 03:35:00","User B","Business user","Element 1",Select,"No authorization",TRUE
674,1366,9,"2016-08-24 03:35:00","User B","Business user","Element 1",Select,"No authorization",TRUE
675,1366,11,"2016-08-24 03:35:00","User B","Business user","Element 1",Select,"No authorization",TRUE
676,1366,15,"2016-08-24 03:35:00","User B","Business user","Element 1",Select,"No authorization",TRUE
677,1405,1,"2016-08-24 12:57:00","User B","Business user","Element 1",Select,"No authorization",TRUE
678,1405,9,"2016-08-24 12:57:00","User B","Business user","Element 1",Select,"No authorization",TRUE
679,1405,11,"2016-08-24 12:57:00","User B","Business user","Element 1",Select,"No authorization",TRUE
680,1405,15,"2016-08-24 12:57:00","User B","Business user","Element 1",Select,"No authorization",TRUE
681,1415,3,"2016-08-24 03:21:00","User B","Business user","Table 1",Select,"No authorization",TRUE
682,1415,11,"2016-08-24 03:21:00","User B","Business user","Table 1",Select,"No authorization",TRUE
683,1415,13,"2016-08-24 03:21:00","User B","Business user","Table 1",Select,"No authorization",TRUE
684,1415,15,"2016-08-24 03:21:00","User B","Business user","Table 1",Select,"No authorization",TRUE
685,1430,3,"2016-08-24 06:57:00","User B","Business user","Table 1",Select,"No authorization",TRUE
686,1430,11,"2016-08-24 06:57:00","User B","Business user","Table 1",Select,"No authorization",TRUE
687,1430,13,"2016-08-24 06:57:00","User B","Business user","Table 1",Select,"No authorization",TRUE
688,1430,15,"2016-08-24 06:57:00","User B","Business user","Table 1",Select,"No authorization",TRUE
689,1431,3,"2016-08-24 07:11:00","User B","Business user","Table 1",Select,"No authorization",TRUE
690,1431,11,"2016-08-24 07:11:00","User B","Business user","Table 1",Select,"No authorization",TRUE
691,1431,13,"2016-08-24 07:11:00","User B","Business user","Table 1",Select,"No authorization",TRUE
692,1431,15,"2016-08-24 07:11:00","User B","Business user","Table 1",Select,"No authorization",TRUE
693,1432,3,"2016-08-24 07:26:00","User B","Business user","Table 1",Select,"No authorization",TRUE
694,1432,11,"2016-08-24 07:26:00","User B","Business user","Table 1",Select,"No authorization",TRUE
695,1432,13,"2016-08-24 07:26:00","User B","Business user","Table 1",Select,"No authorization",TRUE
696,1432,15,"2016-08-24 07:26:00","User B","Business user","Table 1",Select,"No authorization",TRUE
697,1436,5,"2016-08-24 08:23:00","User A",Analyst,"Element 2",Select,"No authorization",TRUE
698,1436,9,"2016-08-24 08:23:00","User A",Analyst,"Element 2",Select,"No authorization",TRUE
699,1436,11,"2016-08-24 08:23:00","User A",Analyst,"Element 2",Select,"No authorization",TRUE
700,1436,13,"2016-08-24 08:23:00","User A",Analyst,"Element 2",Select,"No authorization",TRUE
701,1437,5,"2016-08-24 08:38:00","User A",Analyst,"Element 2",Select,"No authorization",TRUE
702,1437,9,"2016-08-24 08:38:00","User A",Analyst,"Element 2",Select,"No authorization",TRUE
703,1437,11,"2016-08-24 08:38:00","User A",Analyst,"Element 2",Select,"No authorization",TRUE
704,1437,13,"2016-08-24 08:38:00","User A",Analyst,"Element 2",Select,"No authorization",TRUE
705,1438,5,"2016-08-24 08:52:00","User A",Analyst,"Element 2",Select,"No authorization",TRUE
706,1438,9,"2016-08-24 08:52:00","User A",Analyst,"Element 2",Select,"No authorization",TRUE
707,1438,11,"2016-08-24 08:52:00","User A",Analyst,"Element 2",Select,"No authorization",TRUE
708,1438,13,"2016-08-24 08:52:00","User A",Analyst,"Element 2",Select,"No authorization",TRUE
709,1439,6,"2016-08-24 09:07:00","User A",Analyst,"Element 3",Append,"No authorization",TRUE
710,1439,8,"2016-08-24 09:07:00","User A",Analyst,"Element 3",Append,"No authorization",TRUE
711,1439,10,"2016-08-24 09:07:00","User A",Analyst,"Element 3",Append,"No authorization",TRUE
712,1439,12,"2016-08-24 09:07:00","User A",Analyst,"Element 3",Append,"No authorization",TRUE
713,1439,14,"2016-08-24 09:07:00","User A",Analyst,"Element 3",Append,"No authorization",TRUE
714,1439,16,"2016-08-24 09:07:00","User A",Analyst,"Element 3",Append,"No authorization",TRUE
715,1457,1,"2016-08-25 01:26:00","User B","Business user","Element 1",Select,"No authorization",TRUE
716,1457,9,"2016-08-25 01:26:00","User B","Business user","Element 1",Select,"No authorization",TRUE
717,1457,11,"2016-08-25 01:26:00","User B","Business user","Element 1",Select,"No authorization",TRUE
718,1457,15,"2016-08-25 01:26:00","User B","Business user","Element 1",Select,"No authorization",TRUE
719,1459,1,"2016-08-25 01:55:00","User B","Business user","Element 1",Select,"No authorization",TRUE
720,1459,9,"2016-08-25 01:55:00","User B","Business user","Element 1",Select,"No authorization",TRUE
721,1459,11,"2016-08-25 01:55:00","User B","Business user","Element 1",Select,"No authorization",TRUE
722,1459,15,"2016-08-25 01:55:00","User B","Business user","Element 1",Select,"No authorization",TRUE
723,1470,1,"2016-08-25 04:33:00","User B","Business user","Element 1",Select,"No authorization",TRUE
724,1470,9,"2016-08-25 04:33:00","User B","Business user","Element 1",Select,"No authorization",TRUE
725,1470,11,"2016-08-25 04:33:00","User B","Business user","Element 1",Select,"No authorization",TRUE
726,1470,15,"2016-08-25 04:33:00","User B","Business user","Element 1",Select,"No authorization",TRUE
727,1472,1,"2016-08-25 05:02:00","User B","Business user","Element 1",Select,"No authorization",TRUE
728,1472,9,"2016-08-25 05:02:00","User B","Business user","Element 1",Select,"No authorization",TRUE
729,1472,11,"2016-08-25 05:02:00","User B","Business user","Element 1",Select,"No authorization",TRUE
730,1472,15,"2016-08-25 05:02:00","User B","Business user","Element 1",Select,"No authorization",TRUE
731,1485,1,"2016-08-25 08:09:00","User B","Business user","Element 1",Select,"No authorization",TRUE
732,1485,9,"2016-08-25 08:09:00","User B","Business user","Element 1",Select,"No authorization",TRUE
733,1485,11,"2016-08-25 08:09:00","User B","Business user","Element 1",Select,"No authorization",TRUE
734,1485,15,"2016-08-25 08:09:00","User B","Business user","Element 1",Select,"No authorization",TRUE
735,1524,1,"2016-08-25 05:31:00","User B","Business user","Element 1",Select,"No authorization",TRUE
736,1524,9,"2016-08-25 05:31:00","User B","Business user","Element 1",Select,"No authorization",TRUE
737,1524,11,"2016-08-25 05:31:00","User B","Business user","Element 1",Select,"No authorization",TRUE
738,1524,15,"2016-08-25 05:31:00","User B","Business user","Element 1",Select,"No authorization",TRUE
739,1534,3,"2016-08-25 07:55:00","User B","Business user","Table 1",Select,"No authorization",TRUE
740,1534,11,"2016-08-25 07:55:00","User B","Business user","Table 1",Select,"No authorization",TRUE
741,1534,13,"2016-08-25 07:55:00","User B","Business user","Table 1",Select,"No authorization",TRUE
742,1534,15,"2016-08-25 07:55:00","User B","Business user","Table 1",Select,"No authorization",TRUE
743,1549,3,"2016-08-25 11:31:00","User B","Business user","Table 1",Select,"No authorization",TRUE
744,1549,11,"2016-08-25 11:31:00","User B","Business user","Table 1",Select,"No authorization",TRUE
745,1549,13,"2016-08-25 11:31:00","User B","Business user","Table 1",Select,"No authorization",TRUE
746,1549,15,"2016-08-25 11:31:00","User B","Business user","Table 1",Select,"No authorization",TRUE
747,1550,3,"2016-08-25 11:45:00","User B","Business user","Table 1",Select,"No authorization",TRUE
748,1550,11,"2016-08-25 11:45:00","User B","Business user","Table 1",Select,"No authorization",TRUE
749,1550,13,"2016-08-25 11:45:00","User B","Business user","Table 1",Select,"No authorization",TRUE
750,1550,15,"2016-08-25 11:45:00","User B","Business user","Table 1",Select,"No authorization",TRUE
751,1551,3,"2016-08-25 11:59:00","User B","Business user","Table 1",Select,"No authorization",TRUE
752,1551,11,"2016-08-25 11:59:00","User B","Business user","Table 1",Select,"No authorization",TRUE
753,1551,13,"2016-08-25 11:59:00","User B","Business user","Table 1",Select,"No authorization",TRUE
754,1551,15,"2016-08-25 11:59:00","User B","Business user","Table 1",Select,"No authorization",TRUE
755,1555,5,"2016-08-26 12:57:00","User A",Analyst,"Element 2",Select,"No authorization",TRUE
756,1555,9,"2016-08-26 12:57:00","User A",Analyst,"Element 2",Select,"No authorization",TRUE
757,1555,11,"2016-08-26 12:57:00","User A",Analyst,"Element 2",Select,"No authorization",TRUE
758,1555,13,"2016-08-26 12:57:00","User A",Analyst,"Element 2",Select,"No authorization",TRUE
759,1556,5,"2016-08-26 01:11:00","User A",Analyst,"Element 2",Select,"No authorization",TRUE
760,1556,9,"2016-08-26 01:11:00","User A",Analyst,"Element 2",Select,"No authorization",TRUE
761,1556,11,"2016-08-26 01:11:00","User A",Analyst,"Element 2",Select,"No authorization",TRUE
762,1556,13,"2016-08-26 01:11:00","User A",Analyst,"Element 2",Select,"No authorization",TRUE
763,1557,5,"2016-08-26 01:26:00","User A",Analyst,"Element 2",Select,"No authorization",TRUE
764,1557,9,"2016-08-26 01:26:00","User A",Analyst,"Element 2",Select,"No authorization",TRUE
765,1557,11,"2016-08-26 01:26:00","User A",Analyst,"Element 2",Select,"No authorization",TRUE
766,1557,13,"2016-08-26 01:26:00","User A",Analyst,"Element 2",Select,"No authorization",TRUE
767,1558,6,"2016-08-26 01:40:00","User A",Analyst,"Element 3",Append,"No authorization",TRUE
768,1558,8,"2016-08-26 01:40:00","User A",Analyst,"Element 3",Append,"No authorization",TRUE
769,1558,10,"2016-08-26 01:40:00","User A",Analyst,"Element 3",Append,"No authorization",TRUE
770,1558,12,"2016-08-26 01:40:00","User A",Analyst,"Element 3",Append,"No authorization",TRUE
771,1558,14,"2016-08-26 01:40:00","User A",Analyst,"Element 3",Append,"No authorization",TRUE
772,1558,16,"2016-08-26 01:40:00","User A",Analyst,"Element 3",Append,"No authorization",TRUE
773,1576,1,"2016-08-26 05:59:00","User B","Business user","Element 1",Select,"No authorization",TRUE
774,1576,9,"2016-08-26 05:59:00","User B","Business user","Element 1",Select,"No authorization",TRUE
775,1576,11,"2016-08-26 05:59:00","User B","Business user","Element 1",Select,"No authorization",TRUE
776,1576,15,"2016-08-26 05:59:00","User B","Business user","Element 1",Select,"No authorization",TRUE
777,1578,1,"2016-08-26 06:28:00","User B","Business user","Element 1",Select,"No authorization",TRUE
778,1578,9,"2016-08-26 06:28:00","User B","Business user","Element 1",Select,"No authorization",TRUE
779,1578,11,"2016-08-26 06:28:00","User B","Business user","Element 1",Select,"No authorization",TRUE
780,1578,15,"2016-08-26 06:28:00","User B","Business user","Element 1",Select,"No authorization",TRUE
781,1589,1,"2016-08-26 09:07:00","User B","Business user","Element 1",Select,"No authorization",TRUE
782,1589,9,"2016-08-26 09:07:00","User B","Business user","Element 1",Select,"No authorization",TRUE
783,1589,11,"2016-08-26 09:07:00","User B","Business user","Element 1",Select,"No authorization",TRUE
784,1589,15,"2016-08-26 09:07:00","User B","Business user","Element 1",Select,"No authorization",TRUE
785,1591,1,"2016-08-26 09:35:00","User B","Business user","Element 1",Select,"No authorization",TRUE
786,1591,9,"2016-08-26 09:35:00","User B","Business user","Element 1",Select,"No authorization",TRUE
787,1591,11,"2016-08-26 09:35:00","User B","Business user","Element 1",Select,"No authorization",TRUE
788,1591,15,"2016-08-26 09:35:00","User B","Business user","Element 1",Select,"No authorization",TRUE
789,1604,1,"2016-08-26 12:43:00","User B","Business user","Element 1",Select,"No authorization",TRUE
790,1604,9,"2016-08-26 12:43:00","User B","Business user","Element 1",Select,"No authorization",TRUE
791,1604,11,"2016-08-26 12:43:00","User B","Business user","Element 1",Select,"No authorization",TRUE
792,1604,15,"2016-08-26 12:43:00","User B","Business user","Element 1",Select,"No authorization",TRUE
793,1643,1,"2016-08-26 10:04:00","User B","Business user","Element 1",Select,"No authorization",TRUE
794,1643,9,"2016-08-26 10:04:00","User B","Business user","Element 1",Select,"No authorization",TRUE
795,1643,11,"2016-08-26 10:04:00","User B","Business user","Element 1",Select,"No authorization",TRUE
796,1643,15,"2016-08-26 10:04:00","User B","Business user","Element 1",Select,"No authorization",TRUE
797,1653,3,"2016-08-27 12:28:00","User B","Business user","Table 1",Select,"No authorization",TRUE
798,1653,11,"2016-08-27 12:28:00","User B","Business user","Table 1",Select,"No authorization",TRUE
799,1653,13,"2016-08-27 12:28:00","User B","Business user","Table 1",Select,"No authorization",TRUE
800,1653,15,"2016-08-27 12:28:00","User B","Business user","Table 1",Select,"No authorization",TRUE
801,1668,3,"2016-08-27 04:04:00","User B","Business user","Table 1",Select,"No authorization",TRUE
802,1668,11,"2016-08-27 04:04:00","User B","Business user","Table 1",Select,"No authorization",TRUE
803,1668,13,"2016-08-27 04:04:00","User B","Business user","Table 1",Select,"No authorization",TRUE
804,1668,15,"2016-08-27 04:04:00","User B","Business user","Table 1",Select,"No authorization",TRUE
805,1669,3,"2016-08-27 04:19:00","User B","Business user","Table 1",Select,"No authorization",TRUE
806,1669,11,"2016-08-27 04:19:00","User B","Business user","Table 1",Select,"No authorization",TRUE
807,1669,13,"2016-08-27 04:19:00","User B","Business user","Table 1",Select,"No authorization",TRUE
808,1669,15,"2016-08-27 04:19:00","User B","Business user","Table 1",Select,"No authorization",TRUE
809,1670,3,"2016-08-27 04:33:00","User B","Business user","Table 1",Select,"No authorization",TRUE
810,1670,11,"2016-08-27 04:33:00","User B","Business user","Table 1",Select,"No authorization",TRUE
811,1670,13,"2016-08-27 04:33:00","User B","Business user","Table 1",Select,"No authorization",TRUE
812,1670,15,"2016-08-27 04:33:00","User B","Business user","Table 1",Select,"No authorization",TRUE
813,1674,5,"2016-08-27 05:31:00","User A",Analyst,"Element 2",Select,"No authorization",TRUE
814,1674,9,"2016-08-27 05:31:00","User A",Analyst,"Element 2",Select,"No authorization",TRUE
815,1674,11,"2016-08-27 05:31:00","User A",Analyst,"Element 2",Select,"No authorization",TRUE
816,1674,13,"2016-08-27 05:31:00","User A",Analyst,"Element 2",Select,"No authorization",TRUE
817,1675,5,"2016-08-27 05:45:00","User A",Analyst,"Element 2",Select,"No authorization",TRUE
818,1675,9,"2016-08-27 05:45:00","User A",Analyst,"Element 2",Select,"No authorization",TRUE
819,1675,11,"2016-08-27 05:45:00","User A",Analyst,"Element 2",Select,"No authorization",TRUE
820,1675,13,"2016-08-27 05:45:00","User A",Analyst,"Element 2",Select,"No authorization",TRUE
821,1676,5,"2016-08-27 05:59:00","User A",Analyst,"Element 2",Select,"No authorization",TRUE
822,1676,9,"2016-08-27 05:59:00","User A",Analyst,"Element 2",Select,"No authorization",TRUE
823,1676,11,"2016-08-27 05:59:00","User A",Analyst,"Element 2",Select,"No authorization",TRUE
824,1676,13,"2016-08-27 05:59:00","User A",Analyst,"Element 2",Select,"No authorization",TRUE
825,1677,6,"2016-08-27 06:14:00","User A",Analyst,"Element 3",Append,"No authorization",TRUE
826,1677,8,"2016-08-27 06:14:00","User A",Analyst,"Element 3",Append,"No authorization",TRUE
827,1677,10,"2016-08-27 06:14:00","User A",Analyst,"Element 3",Append,"No authorization",TRUE
828,1677,12,"2016-08-27 06:14:00","User A",Analyst,"Element 3",Append,"No authorization",TRUE
829,1677,14,"2016-08-27 06:14:00","User A",Analyst,"Element 3",Append,"No authorization",TRUE
830,1677,16,"2016-08-27 06:14:00","User A",Analyst,"Element 3",Append,"No authorization",TRUE
831,1695,1,"2016-08-27 10:33:00","User B","Business user","Element 1",Select,"No authorization",TRUE
832,1695,9,"2016-08-27 10:33:00","User B","Business user","Element 1",Select,"No authorization",TRUE
833,1695,11,"2016-08-27 10:33:00","User B","Business user","Element 1",Select,"No authorization",TRUE
834,1695,15,"2016-08-27 10:33:00","User B","Business user","Element 1",Select,"No authorization",TRUE
835,1697,1,"2016-08-27 11:02:00","User B","Business user","Element 1",Select,"No authorization",TRUE
836,1697,9,"2016-08-27 11:02:00","User B","Business user","Element 1",Select,"No authorization",TRUE
837,1697,11,"2016-08-27 11:02:00","User B","Business user","Element 1",Select,"No authorization",TRUE
838,1697,15,"2016-08-27 11:02:00","User B","Business user","Element 1",Select,"No authorization",TRUE
839,1708,1,"2016-08-27 01:40:00","User B","Business user","Element 1",Select,"No authorization",TRUE
840,1708,9,"2016-08-27 01:40:00","User B","Business user","Element 1",Select,"No authorization",TRUE
841,1708,11,"2016-08-27 01:40:00","User B","Business user","Element 1",Select,"No authorization",TRUE
842,1708,15,"2016-08-27 01:40:00","User B","Business user","Element 1",Select,"No authorization",TRUE
843,1710,1,"2016-08-27 02:09:00","User B","Business user","Element 1",Select,"No authorization",TRUE
844,1710,9,"2016-08-27 02:09:00","User B","Business user","Element 1",Select,"No authorization",TRUE
845,1710,11,"2016-08-27 02:09:00","User B","Business user","Element 1",Select,"No authorization",TRUE
846,1710,15,"2016-08-27 02:09:00","User B","Business user","Element 1",Select,"No authorization",TRUE
847,1723,1,"2016-08-27 05:16:00","User B","Business user","Element 1",Select,"No authorization",TRUE
848,1723,9,"2016-08-27 05:16:00","User B","Business user","Element 1",Select,"No authorization",TRUE
849,1723,11,"2016-08-27 05:16:00","User B","Business user","Element 1",Select,"No authorization",TRUE
850,1723,15,"2016-08-27 05:16:00","User B","Business user","Element 1",Select,"No authorization",TRUE
851,1762,1,"2016-08-28 02:38:00","User B","Business user","Element 1",Select,"No authorization",TRUE
852,1762,9,"2016-08-28 02:38:00","User B","Business user","Element 1",Select,"No authorization",TRUE
853,1762,11,"2016-08-28 02:38:00","User B","Business user","Element 1",Select,"No authorization",TRUE
854,1762,15,"2016-08-28 02:38:00","User B","Business user","Element 1",Select,"No authorization",TRUE
855,1772,3,"2016-08-28 05:02:00","User B","Business user","Table 1",Select,"No authorization",TRUE
856,1772,11,"2016-08-28 05:02:00","User B","Business user","Table 1",Select,"No authorization",TRUE
857,1772,13,"2016-08-28 05:02:00","User B","Business user","Table 1",Select,"No authorization",TRUE
858,1772,15,"2016-08-28 05:02:00","User B","Business user","Table 1",Select,"No authorization",TRUE
859,1787,3,"2016-08-28 08:38:00","User B","Business user","Table 1",Select,"No authorization",TRUE
860,1787,11,"2016-08-28 08:38:00","User B","Business user","Table 1",Select,"No authorization",TRUE
861,1787,13,"2016-08-28 08:38:00","User B","Business user","Table 1",Select,"No authorization",TRUE
862,1787,15,"2016-08-28 08:38:00","User B","Business user","Table 1",Select,"No authorization",TRUE
863,1788,3,"2016-08-28 08:52:00","User B","Business user","Table 1",Select,"No authorization",TRUE
864,1788,11,"2016-08-28 08:52:00","User B","Business user","Table 1",Select,"No authorization",TRUE
865,1788,13,"2016-08-28 08:52:00","User B","Business user","Table 1",Select,"No authorization",TRUE
866,1788,15,"2016-08-28 08:52:00","User B","Business user","Table 1",Select,"No authorization",TRUE
867,1789,3,"2016-08-28 09:07:00","User B","Business user","Table 1",Select,"No authorization",TRUE
868,1789,11,"2016-08-28 09:07:00","User B","Business user","Table 1",Select,"No authorization",TRUE
869,1789,13,"2016-08-28 09:07:00","User B","Business user","Table 1",Select,"No authorization",TRUE
870,1789,15,"2016-08-28 09:07:00","User B","Business user","Table 1",Select,"No authorization",TRUE
871,1793,5,"2016-08-28 10:04:00","User A",Analyst,"Element 2",Select,"No authorization",TRUE
872,1793,9,"2016-08-28 10:04:00","User A",Analyst,"Element 2",Select,"No authorization",TRUE
873,1793,11,"2016-08-28 10:04:00","User A",Analyst,"Element 2",Select,"No authorization",TRUE
874,1793,13,"2016-08-28 10:04:00","User A",Analyst,"Element 2",Select,"No authorization",TRUE
875,1794,5,"2016-08-28 10:19:00","User A",Analyst,"Element 2",Select,"No authorization",TRUE
876,1794,9,"2016-08-28 10:19:00","User A",Analyst,"Element 2",Select,"No authorization",TRUE
877,1794,11,"2016-08-28 10:19:00","User A",Analyst,"Element 2",Select,"No authorization",TRUE
878,1794,13,"2016-08-28 10:19:00","User A",Analyst,"Element 2",Select,"No authorization",TRUE
879,1795,5,"2016-08-28 10:33:00","User A",Analyst,"Element 2",Select,"No authorization",TRUE
880,1795,9,"2016-08-28 10:33:00","User A",Analyst,"Element 2",Select,"No authorization",TRUE
881,1795,11,"2016-08-28 10:33:00","User A",Analyst,"Element 2",Select,"No authorization",TRUE
882,1795,13,"2016-08-28 10:33:00","User A",Analyst,"Element 2",Select,"No authorization",TRUE
883,1796,6,"2016-08-28 10:47:00","User A",Analyst,"Element 3",Append,"No authorization",TRUE
884,1796,8,"2016-08-28 10:47:00","User A",Analyst,"Element 3",Append,"No authorization",TRUE
885,1796,10,"2016-08-28 10:47:00","User A",Analyst,"Element 3",Append,"No authorization",TRUE
886,1796,12,"2016-08-28 10:47:00","User A",Analyst,"Element 3",Append,"No authorization",TRUE
887,1796,14,"2016-08-28 10:47:00","User A",Analyst,"Element 3",Append,"No authorization",TRUE
888,1796,16,"2016-08-28 10:47:00","User A",Analyst,"Element 3",Append,"No authorization",TRUE
889,1814,1,"2016-08-28 03:07:00","User B","Business user","Element 1",Select,"No authorization",TRUE
890,1814,9,"2016-08-28 03:07:00","User B","Business user","Element 1",Select,"No authorization",TRUE
891,1814,11,"2016-08-28 03:07:00","User B","Business user","Element 1",Select,"No authorization",TRUE
892,1814,15,"2016-08-28 03:07:00","User B","Business user","Element 1",Select,"No authorization",TRUE
893,1816,1,"2016-08-28 03:35:00","User B","Business user","Element 1",Select,"No authorization",TRUE
894,1816,9,"2016-08-28 03:35:00","User B","Business user","Element 1",Select,"No authorization",TRUE
895,1816,11,"2016-08-28 03:35:00","User B","Business user","Element 1",Select,"No authorization",TRUE
896,1816,15,"2016-08-28 03:35:00","User B","Business user","Element 1",Select,"No authorization",TRUE
897,1827,1,"2016-08-28 06:14:00","User B","Business user","Element 1",Select,"No authorization",TRUE
898,1827,9,"2016-08-28 06:14:00","User B","Business user","Element 1",Select,"No authorization",TRUE
899,1827,11,"2016-08-28 06:14:00","User B","Business user","Element 1",Select,"No authorization",TRUE
900,1827,15,"2016-08-28 06:14:00","User B","Business user","Element 1",Select,"No authorization",TRUE
901,1829,1,"2016-08-28 06:43:00","User B","Business user","Element 1",Select,"No authorization",TRUE
902,1829,9,"2016-08-28 06:43:00","User B","Business user","Element 1",Select,"No authorization",TRUE
903,1829,11,"2016-08-28 06:43:00","User B","Business user","Element 1",Select,"No authorization",TRUE
904,1829,15,"2016-08-28 06:43:00","User B","Business user","Element 1",Select,"No authorization",TRUE
905,1842,1,"2016-08-28 09:50:00","User B","Business user","Element 1",Select,"No authorization",TRUE
906,1842,9,"2016-08-28 09:50:00","User B","Business user","Element 1",Select,"No authorization",TRUE
907,1842,11,"2016-08-28 09:50:00","User B","Business user","Element 1",Select,"No authorization",TRUE
908,1842,15,"2016-08-28 09:50:00","User B","Business user","Element 1",Select,"No authorization",TRUE
909,1881,1,"2016-08-29 07:11:00","User B","Business user","Element 1",Select,"No authorization",TRUE
910,1881,9,"2016-08-29 07:11:00","User B","Business user","Element 1",Select,"No authorization",TRUE
911,1881,11,"2016-08-29 07:11:00","User B","Business user","Element 1",Select,"No authorization",TRUE
912,1881,15,"2016-08-29 07:11:00","User B","Business user","Element 1",Select,"No authorization",TRUE
913,1891,3,"2016-08-29 09:35:00","User B","Business user","Table 1",Select,"No authorization",TRUE
914,1891,11,"2016-08-29 09:35:00","User B","Business user","Table 1",Select,"No authorization",TRUE
915,1891,13,"2016-08-29 09:35:00","User B","Business user","Table 1",Select,"No authorization",TRUE
916,1891,15,"2016-08-29 09:35:00","User B","Business user","Table 1",Select,"No authorization",TRUE
917,1906,3,"2016-08-29 01:11:00","User B","Business user","Table 1",Select,"No authorization",TRUE
918,1906,11,"2016-08-29 01:11:00","User B","Business user","Table 1",Select,"No authorization",TRUE
919,1906,13,"2016-08-29 01:11:00","User B","Business user","Table 1",Select,"No authorization",TRUE
920,1906,15,"2016-08-29 01:11:00","User B","Business user","Table 1",Select,"No authorization",TRUE
921,1907,3,"2016-08-29 01:26:00","User B","Business user","Table 1",Select,"No authorization",TRUE
922,1907,11,"2016-08-29 01:26:00","User B","Business user","Table 1",Select,"No authorization",TRUE
923,1907,13,"2016-08-29 01:26:00","User B","Business user","Table 1",Select,"No authorization",TRUE
924,1907,15,"2016-08-29 01:26:00","User B","Business user","Table 1",Select,"No authorization",TRUE
925,1908,3,"2016-08-29 01:40:00","User B","Business user","Table 1",Select,"No authorization",TRUE
926,1908,11,"2016-08-29 01:40:00","User B","Business user","Table 1",Select,"No authorization",TRUE
927,1908,13,"2016-08-29 01:40:00","User B","Business user","Table 1",Select,"No authorization",TRUE
928,1908,15,"2016-08-29 01:40:00","User B","Business user","Table 1",Select,"No authorization",TRUE
929,1912,5,"2016-08-29 02:38:00","User A",Analyst,"Element 2",Select,"No authorization",TRUE
930,1912,9,"2016-08-29 02:38:00","User A",Analyst,"Element 2",Select,"No authorization",TRUE
931,1912,11,"2016-08-29 02:38:00","User A",Analyst,"Element 2",Select,"No authorization",TRUE
932,1912,13,"2016-08-29 02:38:00","User A",Analyst,"Element 2",Select,"No authorization",TRUE
933,1913,5,"2016-08-29 02:52:00","User A",Analyst,"Element 2",Select,"No authorization",TRUE
934,1913,9,"2016-08-29 02:52:00","User A",Analyst,"Element 2",Select,"No authorization",TRUE
935,1913,11,"2016-08-29 02:52:00","User A",Analyst,"Element 2",Select,"No authorization",TRUE
936,1913,13,"2016-08-29 02:52:00","User A",Analyst,"Element 2",Select,"No authorization",TRUE
937,1914,5,"2016-08-29 03:07:00","User A",Analyst,"Element 2",Select,"No authorization",TRUE
938,1914,9,"2016-08-29 03:07:00","User A",Analyst,"Element 2",Select,"No authorization",TRUE
939,1914,11,"2016-08-29 03:07:00","User A",Analyst,"Element 2",Select,"No authorization",TRUE
940,1914,13,"2016-08-29 03:07:00","User A",Analyst,"Element 2",Select,"No authorization",TRUE
941,1915,6,"2016-08-29 03:21:00","User A",Analyst,"Element 3",Append,"No authorization",TRUE
942,1915,8,"2016-08-29 03:21:00","User A",Analyst,"Element 3",Append,"No authorization",TRUE
943,1915,10,"2016-08-29 03:21:00","User A",Analyst,"Element 3",Append,"No authorization",TRUE
944,1915,12,"2016-08-29 03:21:00","User A",Analyst,"Element 3",Append,"No authorization",TRUE
945,1915,14,"2016-08-29 03:21:00","User A",Analyst,"Element 3",Append,"No authorization",TRUE
946,1915,16,"2016-08-29 03:21:00","User A",Analyst,"Element 3",Append,"No authorization",TRUE
947,1933,1,"2016-08-29 07:40:00","User B","Business user","Element 1",Select,"No authorization",TRUE
948,1933,9,"2016-08-29 07:40:00","User B","Business user","Element 1",Select,"No authorization",TRUE
949,1933,11,"2016-08-29 07:40:00","User B","Business user","Element 1",Select,"No authorization",TRUE
950,1933,15,"2016-08-29 07:40:00","User B","Business user","Element 1",Select,"No authorization",TRUE
951,1935,1,"2016-08-29 08:09:00","User B","Business user","Element 1",Select,"No authorization",TRUE
952,1935,9,"2016-08-29 08:09:00","User B","Business user","Element 1",Select,"No authorization",TRUE
953,1935,11,"2016-08-29 08:09:00","User B","Business user","Element 1",Select,"No authorization",TRUE
954,1935,15,"2016-08-29 08:09:00","User B","Business user","Element 1",Select,"No authorization",TRUE
955,1946,1,"2016-08-29 10:47:00","User B","Business user","Element 1",Select,"No authorization",TRUE
956,1946,9,"2016-08-29 10:47:00","User B","Business user","Element 1",Select,"No authorization",TRUE
957,1946,11,"2016-08-29 10:47:00","User B","Business user","Element 1",Select,"No authorization",TRUE
958,1946,15,"2016-08-29 10:47:00","User B","Business user","Element 1",Select,"No authorization",TRUE
959,1948,1,"2016-08-29 11:16:00","User B","Business user","Element 1",Select,"No authorization",TRUE
960,1948,9,"2016-08-29 11:16:00","User B","Business user","Element 1",Select,"No authorization",TRUE
961,1948,11,"2016-08-29 11:16:00","User B","Business user","Element 1",Select,"No authorization",TRUE
962,1948,15,"2016-08-29 11:16:00","User B","Business user","Element 1",Select,"No authorization",TRUE
963,1961,1,"2016-08-30 02:23:00","User B","Business user","Element 1",Select,"No authorization",TRUE
964,1961,9,"2016-08-30 02:23:00","User B","Business user","Element 1",Select,"No authorization",TRUE
965,1961,11,"2016-08-30 02:23:00","User B","Business user","Element 1",Select,"No authorization",TRUE
966,1961,15,"2016-08-30 02:23:00","User B","Business user","Element 1",Select,"No authorization",TRUE
967,2000,1,"2016-08-30 11:45:00","User B","Business user","Element 1",Select,"No authorization",TRUE
968,2000,9,"2016-08-30 11:45:00","User B","Business user","Element 1",Select,"No authorization",TRUE
969,2000,11,"2016-08-30 11:45:00","User B","Business user","Element 1",Select,"No authorization",TRUE
970,2000,15,"2016-08-30 11:45:00","User B","Business user","Element 1",Select,"No authorization",TRUE
971,2010,3,"2016-08-30 02:09:00","User B","Business user","Table 1",Select,"No authorization",TRUE
972,2010,11,"2016-08-30 02:09:00","User B","Business user","Table 1",Select,"No authorization",TRUE
973,2010,13,"2016-08-30 02:09:00","User B","Business user","Table 1",Select,"No authorization",TRUE
974,2010,15,"2016-08-30 02:09:00","User B","Business user","Table 1",Select,"No authorization",TRUE
975,2025,3,"2016-08-30 05:45:00","User B","Business user","Table 1",Select,"No authorization",TRUE
976,2025,11,"2016-08-30 05:45:00","User B","Business user","Table 1",Select,"No authorization",TRUE
977,2025,13,"2016-08-30 05:45:00","User B","Business user","Table 1",Select,"No authorization",TRUE
978,2025,15,"2016-08-30 05:45:00","User B","Business user","Table 1",Select,"No authorization",TRUE
979,2026,3,"2016-08-30 05:59:00","User B","Business user","Table 1",Select,"No authorization",TRUE
980,2026,11,"2016-08-30 05:59:00","User B","Business user","Table 1",Select,"No authorization",TRUE
981,2026,13,"2016-08-30 05:59:00","User B","Business user","Table 1",Select,"No authorization",TRUE
982,2026,15,"2016-08-30 05:59:00","User B","Business user","Table 1",Select,"No authorization",TRUE
983,2027,3,"2016-08-30 06:14:00","User B","Business user","Table 1",Select,"No authorization",TRUE
984,2027,11,"2016-08-30 06:14:00","User B","Business user","Table 1",Select,"No authorization",TRUE
985,2027,13,"2016-08-30 06:14:00","User B","Business user","Table 1",Select,"No authorization",TRUE
986,2027,15,"2016-08-30 06:14:00","User B","Business user","Table 1",Select,"No authorization",TRUE
987,2031,5,"2016-08-30 07:11:00","User A",Analyst,"Element 2",Select,"No authorization",TRUE
988,2031,9,"2016-08-30 07:11:00","User A",Analyst,"Element 2",Select,"No authorization",TRUE
989,2031,11,"2016-08-30 07:11:00","User A",Analyst,"Element 2",Select,"No authorization",TRUE
990,2031,13,"2016-08-30 07:11:00","User A",Analyst,"Element 2",Select,"No authorization",TRUE
991,2032,5,"2016-08-30 07:26:00","User A",Analyst,"Element 2",Select,"No authorization",TRUE
992,2032,9,"2016-08-30 07:26:00","User A",Analyst,"Element 2",Select,"No authorization",TRUE
993,2032,11,"2016-08-30 07:26:00","User A",Analyst,"Element 2",Select,"No authorization",TRUE
994,2032,13,"2016-08-30 07:26:00","User A",Analyst,"Element 2",Select,"No authorization",TRUE
995,2033,5,"2016-08-30 07:40:00","User A",Analyst,"Element 2",Select,"No authorization",TRUE
996,2033,9,"2016-08-30 07:40:00","User A",Analyst,"Element 2",Select,"No authorization",TRUE
997,2033,11,"2016-08-30 07:40:00","User A",Analyst,"Element 2",Select,"No authorization",TRUE
998,2033,13,"2016-08-30 07:40:00","User A",Analyst,"Element 2",Select,"No authorization",TRUE
999,2034,6,"2016-08-30 07:55:00","User A",Analyst,"Element 3",Append,"No authorization",TRUE
1000,2034,8,"2016-08-30 07:55:00","User A",Analyst,"Element 3",Append,"No authorization",TRUE
